# Blender v2.75 (sub 0) OBJ File: 'carton_fern.blend'
# www.blender.org
mtllib carton_fern.mtl
o cartoon_fern_Plane.114
v 0.081226 0.461627 -0.111952
v 0.075711 0.458461 -0.114479
v 0.071770 0.453143 -0.116501
v 0.069995 0.446511 -0.117711
v 0.070648 0.439602 -0.117926
v 0.073627 0.433480 -0.117115
v 0.078480 0.429067 -0.115399
v 0.084477 0.427005 -0.113040
v 0.090713 0.427580 -0.110395
v 0.096242 0.430692 -0.107865
v 0.100220 0.435879 -0.105838
v 0.102032 0.442381 -0.104621
v 0.101396 0.449235 -0.104403
v 0.098403 0.455411 -0.105217
v 0.093514 0.459955 -0.106938
v 0.087479 0.462148 -0.109304
v 0.879015 0.684082 -2.081547
v 0.874675 0.681597 -2.083535
v 0.871572 0.677427 -2.085126
v 0.870172 0.672225 -2.086078
v 0.870684 0.666799 -2.086247
v 0.873026 0.661984 -2.085609
v 0.876846 0.658505 -2.084260
v 0.881565 0.656874 -2.082403
v 0.886471 0.657322 -2.080323
v 0.890818 0.659774 -2.078334
v 0.893944 0.663863 -2.076739
v 0.895368 0.668984 -2.075783
v 0.894867 0.674376 -2.075611
v 0.892515 0.679225 -2.076251
v 0.888673 0.682785 -2.077604
v 0.883931 0.684497 -2.079464
v 0.884044 0.677224 -2.088340
v 0.881288 0.675650 -2.089603
v 0.879315 0.673012 -2.090613
v 0.878424 0.669719 -2.091218
v 0.878748 0.666279 -2.091326
v 0.880236 0.663218 -2.090920
v 0.882663 0.661000 -2.090063
v 0.885661 0.659955 -2.088884
v 0.888777 0.660236 -2.087563
v 0.891536 0.661796 -2.086301
v 0.893518 0.664402 -2.085289
v 0.894419 0.667662 -2.084682
v 0.894099 0.671089 -2.084574
v 0.892608 0.674163 -2.084979
v 0.890171 0.676414 -2.085838
v 0.887163 0.677491 -2.087018
v 0.887274 0.668265 -2.089603
v 0.459900 0.786817 -1.196278
v 0.537172 0.790183 -1.374675
v 0.619566 0.775162 -1.552232
v 0.706057 0.745431 -1.729116
v 0.795607 0.704721 -1.905499
v 0.790632 0.704265 -1.907609
v 0.700956 0.744963 -1.731280
v 0.614339 0.774682 -1.554449
v 0.531819 0.789690 -1.376946
v 0.454421 0.786311 -1.198602
v 0.382563 0.763047 -1.019350
v 0.315871 0.721236 -0.839248
v 0.253920 0.662407 -0.658370
v 0.196158 0.588537 -0.476803
v 0.140627 0.506661 -0.294871
v 0.388168 0.763564 -1.016971
v 0.321602 0.721764 -0.836817
v 0.259777 0.662947 -0.655885
v 0.202142 0.589089 -0.474265
v 0.146736 0.507225 -0.292279
v 0.137445 0.540571 -0.293805
v 0.193046 0.621732 -0.475758
v 0.250879 0.694882 -0.657346
v 0.312901 0.752992 -0.838246
v 0.379663 0.794086 -1.018368
v 0.451590 0.816642 -1.197642
v 0.529052 0.819323 -1.376008
v 0.611634 0.803627 -1.553534
v 0.698313 0.773225 -1.730388
v 0.788049 0.731846 -1.906739
v 0.783648 0.729326 -1.908756
v 0.693800 0.770642 -1.732455
v 0.607010 0.800979 -1.555653
v 0.524316 0.816612 -1.378178
v 0.446742 0.813866 -1.199863
v 0.374704 0.791246 -1.020640
v 0.307831 0.750086 -0.840569
v 0.245697 0.691912 -0.659720
v 0.187753 0.618696 -0.478183
v 0.132041 0.537470 -0.296281
v 0.143571 0.541083 -0.291210
v 0.199045 0.622234 -0.473217
v 0.256751 0.695375 -0.654858
v 0.318647 0.753475 -0.835812
v 0.385282 0.794560 -1.015988
v 0.457082 0.817106 -1.195316
v 0.534418 0.819777 -1.373735
v 0.616873 0.804070 -1.551314
v 0.703425 0.773657 -1.728222
v 0.793035 0.732267 -1.904627
v 0.800017 0.707207 -1.903481
v 0.710579 0.747978 -1.727047
v 0.624200 0.777772 -1.550112
v 0.541918 0.792855 -1.372504
v 0.464758 0.789551 -1.194056
v 0.393138 0.766361 -1.014698
v 0.326684 0.724624 -0.834492
v 0.264971 0.665870 -0.653509
v 0.207447 0.592075 -0.471838
v 0.152154 0.510274 -0.289801
v 0.780500 0.725098 -1.910369
v 0.690572 0.766307 -1.734109
v 0.603702 0.796539 -1.557348
v 0.520928 0.812064 -1.379914
v 0.443275 0.809211 -1.201641
v 0.371158 0.786480 -1.022458
v 0.304205 0.745210 -0.842427
v 0.241993 0.686925 -0.661619
v 0.183970 0.613598 -0.480124
v 0.128179 0.532262 -0.298262
v 0.803188 0.711352 -1.901864
v 0.713832 0.752225 -1.725389
v 0.627533 0.782121 -1.548413
v 0.545333 0.797307 -1.370763
v 0.468254 0.794106 -1.192274
v 0.396714 0.771021 -1.012875
v 0.330341 0.729390 -0.832628
v 0.268707 0.670741 -0.651604
v 0.211264 0.597053 -0.469892
v 0.156051 0.515356 -0.287814
v 0.779080 0.719823 -1.911335
v 0.689115 0.760901 -1.735100
v 0.602208 0.791001 -1.558363
v 0.519399 0.806393 -1.380954
v 0.441709 0.803405 -1.202704
v 0.369557 0.780538 -1.023546
v 0.302570 0.739130 -0.843540
v 0.240322 0.680706 -0.662756
v 0.182265 0.607241 -0.481285
v 0.126439 0.525767 -0.299447
v 0.804632 0.716543 -1.900894
v 0.715314 0.757544 -1.724395
v 0.629053 0.787568 -1.547393
v 0.546890 0.802882 -1.369719
v 0.469848 0.799811 -1.191205
v 0.398345 0.776858 -1.011781
v 0.332008 0.735360 -0.831510
v 0.270411 0.676845 -0.650461
v 0.213003 0.603289 -0.468725
v 0.157827 0.521726 -0.286623
v 0.779598 0.714323 -1.911507
v 0.689645 0.755265 -1.735277
v 0.602751 0.785228 -1.558544
v 0.519954 0.800483 -1.381139
v 0.442278 0.797355 -1.202894
v 0.370139 0.774347 -1.023740
v 0.303166 0.732795 -0.843738
v 0.240933 0.674227 -0.662959
v 0.182890 0.600619 -0.481491
v 0.127078 0.519001 -0.299658
v 0.804125 0.722009 -1.900719
v 0.714795 0.763145 -1.724215
v 0.628522 0.793303 -1.547210
v 0.546347 0.808753 -1.369531
v 0.469293 0.805819 -1.191012
v 0.397776 0.783006 -1.011585
v 0.331425 0.741649 -0.831310
v 0.269815 0.683276 -0.650256
v 0.212394 0.609862 -0.468515
v 0.157203 0.528440 -0.286408
v 0.781973 0.709443 -1.910859
v 0.692080 0.750264 -1.734613
v 0.605245 0.780107 -1.557864
v 0.522507 0.795241 -1.380443
v 0.444891 0.791991 -1.202182
v 0.372813 0.768858 -1.023011
v 0.305901 0.727179 -0.842993
v 0.243729 0.668485 -0.662197
v 0.185747 0.594749 -0.480713
v 0.129996 0.513005 -0.298863
v 0.801741 0.726923 -1.901368
v 0.712351 0.768181 -1.724880
v 0.626019 0.798461 -1.547891
v 0.543784 0.814034 -1.370229
v 0.466669 0.811225 -1.191726
v 0.395092 0.788539 -1.012315
v 0.328679 0.747310 -0.832057
v 0.267007 0.689067 -0.651020
v 0.209524 0.615782 -0.469296
v 0.154272 0.534488 -0.287206
v 0.785846 0.705917 -1.909491
v 0.696050 0.746653 -1.733210
v 0.609312 0.776411 -1.556427
v 0.526671 0.791459 -1.378971
v 0.449153 0.788120 -1.200675
v 0.377173 0.764898 -1.021469
v 0.310360 0.723129 -0.841416
v 0.248287 0.664342 -0.660586
v 0.190404 0.590516 -0.479067
v 0.134751 0.508682 -0.297182
v 0.797845 0.730532 -1.902740
v 0.708357 0.771879 -1.726287
v 0.621926 0.802249 -1.549333
v 0.539593 0.817912 -1.371705
v 0.462379 0.815196 -1.193238
v 0.390702 0.792604 -1.013862
v 0.324190 0.751471 -0.833638
v 0.262417 0.693324 -0.652637
v 0.204834 0.620135 -0.470947
v 0.149483 0.538937 -0.288892
v -0.003467 0.430403 0.009353
v -0.005798 0.428946 0.015620
v -0.007774 0.424973 0.020932
v -0.009093 0.419119 0.024481
v -0.009557 0.412305 0.025726
v -0.009093 0.405579 0.024478
v -0.007772 0.399955 0.020929
v -0.005797 0.396259 0.015617
v -0.003466 0.395025 0.009351
v -0.001136 0.396426 0.003085
v 0.000840 0.400263 -0.002227
v 0.002160 0.405980 -0.005776
v 0.002624 0.412738 -0.007023
v 0.002161 0.419519 -0.005777
v 0.000840 0.425279 -0.002227
v -0.001136 0.429112 0.003086
v -2.004421 0.517270 -0.734886
v -2.006255 0.516129 -0.729957
v -2.007808 0.513018 -0.725779
v -2.008847 0.508429 -0.722988
v -2.009211 0.503078 -0.722009
v -2.008846 0.497787 -0.722990
v -2.007808 0.493356 -0.725782
v -2.006254 0.490440 -0.729960
v -2.004421 0.489464 -0.734888
v -2.002588 0.490571 -0.739816
v -2.001034 0.493598 -0.743994
v -1.999996 0.498103 -0.746786
v -1.999631 0.503419 -0.747766
v -1.999995 0.508744 -0.746786
v -2.001034 0.513259 -0.743994
v -2.002589 0.516260 -0.739815
v -2.011679 0.509621 -0.737586
v -2.012843 0.508901 -0.734457
v -2.013829 0.506935 -0.731805
v -2.014488 0.504031 -0.730033
v -2.014719 0.500638 -0.729411
v -2.014488 0.497276 -0.730034
v -2.013829 0.494453 -0.731806
v -2.012842 0.492592 -0.734459
v -2.011678 0.491969 -0.737587
v -2.010515 0.492675 -0.740716
v -2.009529 0.494606 -0.743368
v -2.008869 0.497476 -0.745140
v -2.008638 0.500855 -0.745763
v -2.008869 0.504232 -0.745140
v -2.009528 0.507088 -0.743367
v -2.010515 0.508984 -0.740715
v -2.013387 0.500189 -0.738222
v -1.095593 0.689551 -0.396857
v -1.277615 0.679925 -0.464558
v -1.459636 0.651192 -0.532260
v -1.641657 0.607173 -0.599961
v -1.823678 0.551748 -0.667662
v -1.825537 0.552736 -0.662664
v -1.643563 0.608186 -0.594836
v -1.461589 0.652228 -0.527008
v -1.279615 0.680985 -0.459180
v -1.097641 0.690636 -0.391352
v -0.915667 0.679624 -0.323524
v -0.733693 0.649341 -0.255696
v -0.551719 0.601375 -0.187868
v -0.369745 0.537781 -0.120039
v -0.187771 0.465867 -0.052212
v -0.913572 0.678515 -0.329156
v -0.731551 0.648207 -0.261454
v -0.549530 0.600215 -0.193753
v -0.367509 0.536596 -0.126052
v -0.185487 0.464657 -0.058350
v -0.185488 0.499308 -0.058348
v -0.367509 0.570515 -0.126049
v -0.549531 0.633400 -0.193751
v -0.731552 0.680655 -0.261452
v -0.913573 0.710231 -0.329154
v -1.095594 0.720543 -0.396855
v -1.277616 0.710204 -0.464556
v -1.459637 0.680770 -0.532257
v -1.641658 0.636055 -0.599959
v -1.823679 0.579933 -0.667660
v -1.825538 0.578776 -0.662661
v -1.643564 0.634869 -0.594833
v -1.461591 0.679555 -0.527005
v -1.279616 0.708960 -0.459177
v -1.097642 0.719269 -0.391349
v -0.915668 0.708926 -0.323521
v -0.733694 0.679320 -0.255692
v -0.551720 0.632034 -0.187864
v -0.369746 0.569119 -0.120036
v -0.187772 0.497881 -0.052208
v -0.183204 0.498043 -0.064489
v -0.365273 0.569278 -0.132063
v -0.547341 0.632190 -0.199638
v -0.729409 0.679473 -0.267212
v -0.911478 0.709076 -0.334787
v -1.093546 0.719415 -0.402362
v -1.275615 0.709102 -0.469936
v -1.457683 0.679694 -0.537511
v -1.639751 0.635005 -0.605085
v -1.821820 0.578909 -0.672659
v -1.821819 0.552869 -0.672661
v -1.639751 0.608322 -0.605086
v -1.457683 0.652368 -0.537512
v -1.275614 0.681128 -0.469937
v -1.093546 0.690783 -0.402362
v -0.911477 0.679774 -0.334788
v -0.729409 0.649494 -0.267213
v -0.547341 0.601532 -0.199639
v -0.365272 0.537941 -0.132064
v -0.183204 0.466030 -0.064489
v -1.827114 0.575622 -0.658424
v -1.645180 0.631636 -0.590488
v -1.463246 0.676242 -0.522553
v -1.281312 0.705568 -0.454617
v -1.099378 0.715796 -0.386681
v -0.917444 0.705371 -0.318746
v -0.735510 0.675681 -0.250810
v -0.553576 0.628312 -0.182874
v -0.371642 0.565313 -0.114939
v -0.189708 0.493991 -0.047003
v -1.820243 0.555937 -0.676898
v -1.638135 0.611464 -0.609431
v -1.456027 0.655585 -0.541964
v -1.273918 0.684420 -0.474497
v -1.091810 0.694151 -0.407030
v -0.909702 0.683220 -0.339562
v -0.727593 0.653018 -0.272095
v -0.545485 0.605134 -0.204628
v -0.363376 0.541622 -0.137161
v -0.181268 0.469790 -0.069694
v -1.828167 0.570970 -0.655593
v -1.646260 0.626867 -0.587585
v -1.464352 0.671357 -0.519578
v -1.282445 0.700566 -0.451571
v -1.100538 0.710675 -0.383564
v -0.918630 0.700129 -0.315556
v -0.736723 0.670317 -0.247549
v -0.554816 0.622825 -0.179541
v -0.372908 0.559703 -0.111534
v -0.191001 0.488259 -0.043527
v -1.819190 0.560503 -0.679729
v -1.637055 0.616142 -0.612334
v -1.454920 0.660374 -0.544939
v -1.272785 0.689322 -0.477544
v -1.090650 0.699167 -0.410148
v -0.908515 0.688352 -0.342753
v -0.726380 0.658267 -0.275358
v -0.544245 0.610501 -0.207962
v -0.362110 0.547106 -0.140567
v -0.179975 0.475391 -0.073172
v -1.828537 0.565545 -0.654600
v -1.646639 0.621308 -0.586567
v -1.464741 0.665664 -0.518534
v -1.282843 0.694737 -0.450502
v -1.100945 0.704709 -0.382469
v -0.919047 0.694023 -0.314437
v -0.737149 0.664069 -0.246404
v -0.555251 0.616434 -0.178372
v -0.373353 0.553171 -0.110339
v -0.191455 0.481586 -0.042307
v -1.818820 0.565891 -0.680724
v -1.636676 0.621663 -0.613354
v -1.454531 0.666028 -0.545984
v -1.272387 0.695109 -0.478614
v -1.090242 0.705090 -0.411244
v -0.908098 0.694413 -0.343874
v -0.725953 0.664468 -0.276504
v -0.543809 0.616842 -0.209134
v -0.361665 0.553586 -0.141763
v -0.179520 0.482010 -0.074393
v -1.828166 0.560183 -0.655595
v -1.646259 0.615814 -0.587587
v -1.464352 0.660038 -0.519580
v -1.282445 0.688978 -0.451573
v -1.100537 0.698815 -0.383565
v -0.918630 0.687991 -0.315558
v -0.736722 0.657899 -0.247551
v -0.554815 0.610125 -0.179543
v -0.372907 0.546721 -0.111536
v -0.191000 0.474998 -0.043529
v -1.819190 0.571289 -0.679730
v -1.637055 0.627195 -0.612334
v -1.454920 0.671693 -0.544939
v -1.272785 0.700910 -0.477544
v -1.090650 0.711027 -0.410149
v -0.908515 0.700489 -0.342754
v -0.726380 0.670685 -0.275358
v -0.544245 0.623200 -0.207963
v -0.362109 0.560087 -0.140568
v -0.179974 0.488651 -0.073172
v -1.827113 0.555691 -0.658427
v -1.645179 0.611213 -0.590491
v -1.463245 0.655327 -0.522555
v -1.281311 0.684156 -0.454620
v -1.099377 0.693881 -0.386684
v -0.917443 0.682944 -0.318749
v -0.735509 0.652736 -0.250813
v -0.553575 0.604845 -0.182878
v -0.371640 0.541327 -0.114942
v -0.189706 0.469488 -0.047007
v -1.820243 0.575867 -0.676898
v -1.638135 0.631886 -0.609431
v -1.456026 0.676499 -0.541964
v -1.273918 0.705831 -0.474497
v -1.091810 0.716065 -0.407030
v -0.909701 0.705647 -0.339563
v -0.727593 0.675963 -0.272095
v -0.545485 0.628599 -0.204628
v -0.363376 0.565607 -0.137161
v -0.181268 0.494291 -0.069694
v 0.098655 0.374706 -0.028517
v 0.099548 0.371440 -0.034464
v 0.100607 0.366073 -0.038703
v 0.101669 0.359449 -0.040598
v 0.102569 0.352603 -0.039868
v 0.103168 0.346590 -0.036629
v 0.103377 0.342315 -0.031370
v 0.103166 0.340400 -0.024884
v 0.102572 0.341108 -0.018149
v 0.101686 0.344320 -0.012187
v 0.100641 0.349558 -0.007907
v 0.099594 0.356053 -0.005972
v 0.098701 0.362845 -0.006683
v 0.098095 0.368911 -0.009938
v 0.097872 0.373316 -0.015236
v 0.098067 0.375360 -0.021763
v 2.120478 0.685502 0.122423
v 2.121113 0.682896 0.117757
v 2.121740 0.678657 0.114426
v 2.122266 0.673445 0.112932
v 2.122610 0.668072 0.113496
v 2.122720 0.663363 0.116030
v 2.122582 0.660028 0.120151
v 2.122214 0.658557 0.125237
v 2.121671 0.659157 0.130517
v 2.121033 0.661729 0.135193
v 2.120399 0.665890 0.138548
v 2.119868 0.671022 0.140067
v 2.119523 0.676362 0.139514
v 2.119413 0.681104 0.136971
v 2.119557 0.684519 0.132826
v 2.119932 0.686069 0.127715
v 2.126770 0.677756 0.125722
v 2.127172 0.676106 0.122759
v 2.127569 0.673423 0.120642
v 2.127898 0.670123 0.119690
v 2.128110 0.666716 0.120047
v 2.128176 0.663723 0.121657
v 2.128083 0.661597 0.124276
v 2.127845 0.660654 0.127506
v 2.127497 0.661032 0.130860
v 2.127095 0.662670 0.133826
v 2.126696 0.665321 0.135953
v 2.126365 0.668589 0.136915
v 2.126151 0.671982 0.136563
v 2.126087 0.674989 0.134949
v 2.126183 0.677147 0.132321
v 2.126422 0.678121 0.129080
v 2.128555 0.668701 0.128720
v 1.220997 0.781124 -0.019733
v 1.413720 0.798551 -0.002748
v 1.605492 0.795307 0.020652
v 1.790932 0.770939 0.050669
v 1.964605 0.725000 0.087502
v 1.965117 0.724414 0.082137
v 1.791433 0.770352 0.045163
v 1.605994 0.794713 0.015007
v 1.414231 0.797943 -0.008529
v 1.221519 0.780502 -0.025651
v 1.030915 0.743288 -0.036671
v 0.842443 0.687772 -0.042045
v 0.655930 0.615464 -0.042238
v 0.471146 0.528313 -0.037853
v 0.287284 0.433261 -0.031031
v 1.030380 0.743925 -0.030617
v 0.841897 0.688424 -0.035855
v 0.655371 0.616129 -0.035912
v 0.470576 0.528992 -0.031391
v 0.286702 0.433955 -0.024432
v 0.282866 0.466861 -0.034586
v 0.466821 0.561204 -0.041330
v 0.651698 0.647643 -0.045636
v 0.838305 0.719239 -0.045363
v 1.026870 0.774045 -0.039911
v 1.217567 0.810556 -0.028815
v 1.410373 0.827306 -0.011621
v 1.602305 0.823394 0.011987
v 1.788098 0.798355 0.042216
v 1.962426 0.751736 0.079269
v 1.963104 0.749116 0.074530
v 1.788814 0.795682 0.037352
v 1.603049 0.820661 0.007001
v 1.411138 0.824509 -0.016728
v 1.218350 0.807693 -0.034042
v 1.027671 0.771115 -0.045259
v 0.839125 0.716242 -0.050831
v 0.652536 0.644579 -0.051224
v 0.467677 0.558073 -0.047038
v 0.283740 0.463663 -0.040414
v 0.282289 0.467504 -0.027970
v 0.466257 0.561835 -0.034851
v 0.651145 0.648262 -0.039294
v 0.837764 0.719845 -0.039158
v 1.026340 0.774639 -0.033842
v 1.217049 0.811137 -0.022883
v 1.409867 0.827874 -0.005826
v 1.601807 0.823951 0.017645
v 1.787600 0.798905 0.047734
v 1.961913 0.752288 0.084646
v 1.963928 0.727586 0.092251
v 1.790218 0.773576 0.055543
v 1.604752 0.798003 0.025649
v 1.412960 0.801308 0.002371
v 1.220219 0.783946 -0.014494
v 1.029584 0.746812 -0.025257
v 0.841083 0.691375 -0.030374
v 0.654539 0.619146 -0.030311
v 0.469726 0.532074 -0.025669
v 0.285833 0.437102 -0.018590
v 1.963846 0.744833 0.071147
v 1.789640 0.791301 0.033881
v 1.603926 0.816178 0.003443
v 1.412045 0.819919 -0.020372
v 1.219279 0.802994 -0.037772
v 1.028622 0.766305 -0.049074
v 0.840097 0.711321 -0.054731
v 0.653530 0.639546 -0.055209
v 0.468693 0.552929 -0.051108
v 0.284778 0.458407 -0.044568
v 1.963188 0.731787 0.095658
v 1.789400 0.777871 0.059040
v 1.603885 0.802396 0.029235
v 1.412064 0.805803 0.006044
v 1.219301 0.788546 -0.010734
v 1.028646 0.751517 -0.021410
v 0.840123 0.696188 -0.026441
v 0.653558 0.624065 -0.026291
v 0.468724 0.537100 -0.021563
v 0.284810 0.442234 -0.014398
v 1.964537 0.739557 0.069631
v 1.790447 0.785898 0.032326
v 1.604799 0.810645 0.001849
v 1.412954 0.814254 -0.022005
v 1.220209 0.797195 -0.039444
v 1.029574 0.760370 -0.050782
v 0.841072 0.705248 -0.056477
v 0.654526 0.633335 -0.056991
v 0.469711 0.546579 -0.052927
v 0.285818 0.451920 -0.046425
v 1.962499 0.736981 0.097201
v 1.788600 0.783188 0.060623
v 1.603021 0.807838 0.030858
v 1.411166 0.811373 0.007707
v 1.218382 0.794246 -0.009031
v 1.027705 0.757349 -0.019668
v 0.839161 0.702152 -0.024660
v 0.652575 0.630163 -0.024472
v 0.467719 0.543331 -0.019705
v 0.283784 0.448598 -0.012501
v 1.965072 0.734109 0.070206
v 1.791111 0.780314 0.032917
v 1.605535 0.804925 0.002455
v 1.413723 0.808398 -0.021385
v 1.220998 0.791200 -0.038809
v 1.030381 0.754235 -0.050132
v 0.841897 0.698971 -0.055810
v 0.655370 0.626915 -0.056309
v 0.470574 0.540017 -0.052229
v 0.286699 0.445216 -0.045711
v 1.961964 0.742396 0.096637
v 1.787938 0.788737 0.060044
v 1.602290 0.813521 0.030265
v 1.410402 0.817190 0.007100
v 1.217599 0.800199 -0.009652
v 1.026903 0.763441 -0.020304
v 0.838341 0.708384 -0.025311
v 0.651737 0.636536 -0.025138
v 0.466862 0.549844 -0.020387
v 0.282909 0.455251 -0.013198
v 1.965370 0.729325 0.072783
v 1.791531 0.775406 0.035562
v 1.606019 0.799896 0.005166
v 1.414234 0.803250 -0.018608
v 1.221522 0.785932 -0.035967
v 1.030918 0.748843 -0.047224
v 0.842446 0.693455 -0.052837
v 0.655932 0.621274 -0.053269
v 0.471148 0.534251 -0.049122
v 0.287286 0.439326 -0.042538
v 1.961665 0.747213 0.094051
v 1.787515 0.793680 0.057389
v 1.601802 0.818587 0.027543
v 1.409885 0.822378 0.004313
v 1.217069 0.805509 -0.012505
v 1.026361 0.768876 -0.023224
v 0.837787 0.713945 -0.028298
v 0.651169 0.642223 -0.028192
v 0.466282 0.555659 -0.023508
v 0.282316 0.461191 -0.016385
v 1.965387 0.725927 0.076970
v 1.791644 0.771915 0.039860
v 1.606179 0.796317 0.009572
v 1.414412 0.799585 -0.014096
v 1.221705 0.782182 -0.031349
v 1.031104 0.745007 -0.042500
v 0.842637 0.689531 -0.048005
v 0.656128 0.617262 -0.048330
v 0.471348 0.530150 -0.044077
v 0.287490 0.435138 -0.037386
v 1.961647 0.750693 0.089839
v 1.787396 0.797257 0.053064
v 1.601631 0.822256 0.023110
v 1.409697 0.826137 -0.000228
v 1.216875 0.809358 -0.017154
v 1.026163 0.772816 -0.027980
v 0.837583 0.717978 -0.033162
v 0.650960 0.646350 -0.033166
v 0.466068 0.559879 -0.028590
v 0.282097 0.465504 -0.021576
v 0.114697 0.566355 0.180524
v 0.118376 0.564438 0.185967
v 0.120698 0.560219 0.190938
v 0.121319 0.554367 0.194676
v 0.120152 0.547801 0.196608
v 0.117380 0.541533 0.196440
v 0.113422 0.536505 0.194198
v 0.108870 0.533456 0.190228
v 0.104410 0.532821 0.185137
v 0.100716 0.534684 0.179702
v 0.098354 0.538774 0.174749
v 0.097693 0.544497 0.171028
v 0.098842 0.551009 0.169101
v 0.101629 0.557331 0.169261
v 0.105627 0.562487 0.171485
v 0.110219 0.565666 0.175439
v -1.427532 1.307162 1.460363
v -1.424638 1.305660 1.464643
v -1.422807 1.302354 1.468551
v -1.422315 1.297766 1.471489
v -1.423229 1.292610 1.473008
v -1.425410 1.287679 1.472876
v -1.428526 1.283717 1.471114
v -1.432108 1.281310 1.467992
v -1.435618 1.280806 1.463989
v -1.438522 1.282276 1.459713
v -1.440376 1.285502 1.455817
v -1.440894 1.290011 1.452889
v -1.439990 1.295134 1.451373
v -1.437800 1.300097 1.451501
v -1.434660 1.304139 1.453252
v -1.431053 1.306626 1.456363
v -1.435442 1.302300 1.466044
v -1.433603 1.301350 1.468760
v -1.432438 1.299261 1.471240
v -1.432123 1.296357 1.473104
v -1.432702 1.293088 1.474068
v -1.434087 1.289954 1.473984
v -1.436068 1.287429 1.472867
v -1.438346 1.285892 1.470886
v -1.440574 1.285568 1.468345
v -1.442417 1.286505 1.465631
v -1.443592 1.288563 1.463156
v -1.443917 1.291434 1.461296
v -1.443342 1.294690 1.460333
v -1.441953 1.297837 1.460414
v -1.439962 1.300394 1.461528
v -1.437675 1.301964 1.463504
v -1.439522 1.293922 1.468376
v -0.665500 1.171389 0.851442
v -0.810888 1.222163 0.970152
v -0.961831 1.254827 1.091354
v -1.117218 1.273002 1.214551
v -1.275922 1.280365 1.339235
v -1.272363 1.280875 1.343295
v -1.113569 1.273524 1.218714
v -0.958092 1.255360 1.095621
v -0.807059 1.222708 0.974522
v -0.661581 1.171946 0.855915
v -0.522110 1.101599 0.740004
v -0.388241 1.012984 0.626606
v -0.259514 0.907609 0.515515
v -0.135330 0.787420 0.406463
v -0.013565 0.659345 0.298495
v -0.526119 1.101028 0.735428
v -0.392341 1.012401 0.621927
v -0.263704 0.907012 0.510733
v -0.139610 0.786810 0.401578
v -0.017935 0.658722 0.293508
v -0.007860 0.691566 0.288990
v -0.129747 0.818961 0.397155
v -0.254054 0.938466 0.506406
v -0.382905 1.043157 0.617696
v -0.516896 1.131090 0.731292
v -0.656488 1.200764 0.847401
v -0.802083 1.250864 0.966204
v -0.953231 1.282862 1.087498
v -1.108820 1.300377 1.210785
v -1.267726 1.307081 1.335560
v -1.264790 1.305557 1.339901
v -1.105810 1.298816 1.215236
v -0.950145 1.281262 1.092059
v -0.798924 1.249225 0.970876
v -0.653254 1.199086 0.852183
v -0.513588 1.129373 0.736184
v -0.379523 1.041400 0.622698
v -0.250598 0.936669 0.511519
v -0.126217 0.817123 0.402378
v -0.004255 0.689689 0.294323
v -0.012247 0.690892 0.284007
v -0.134043 0.818302 0.392276
v -0.258259 0.937823 0.501630
v -0.387020 1.042529 0.613022
v -0.520920 1.130477 0.726721
v -0.660420 1.200165 0.842933
v -0.805925 1.250279 0.961838
v -0.956982 1.282291 1.083235
v -1.112481 1.299820 1.206625
v -1.271297 1.306537 1.331503
v -1.278867 1.281855 1.334899
v -1.120239 1.274529 1.210105
v -0.964927 1.256390 1.086799
v -0.814059 1.223763 0.965487
v -0.668745 1.173026 0.846667
v -0.529439 1.102703 0.730543
v -0.395736 1.014113 0.616932
v -0.267173 0.908762 0.505628
v -0.143154 0.788598 0.396363
v -0.021554 0.660548 0.288183
v -1.262934 1.302206 1.343864
v -1.103906 1.295380 1.219300
v -0.948194 1.277742 1.096223
v -0.796925 1.245620 0.975140
v -0.651209 1.195396 0.856548
v -0.511497 1.125595 0.740650
v -0.377385 1.037534 0.627265
v -0.248414 0.932715 0.516187
v -0.123987 0.813081 0.407147
v -0.001980 0.685558 0.299192
v -1.280750 1.285124 1.330947
v -1.122169 1.277878 1.206053
v -0.966906 1.259820 1.082647
v -0.816086 1.227273 0.961235
v -0.670821 1.176617 0.842315
v -0.531563 1.106377 0.726091
v -0.397907 1.017870 0.612380
v -0.269392 0.912603 0.500976
v -0.145421 0.792523 0.391610
v -0.023868 0.664556 0.283330
v -1.262433 1.297554 1.346844
v -1.103392 1.290612 1.222355
v -0.947667 1.272858 1.099353
v -0.796386 1.240618 0.978346
v -0.650657 1.190276 0.859829
v -0.510933 1.120354 0.744007
v -0.376810 1.032171 0.630699
v -0.247828 0.927229 0.519696
v -0.123389 0.807473 0.410732
v -0.001370 0.679828 0.302854
v -1.281276 1.289694 1.327978
v -1.122710 1.282560 1.203009
v -0.967461 1.264614 1.079529
v -0.816656 1.232179 0.958042
v -0.671404 1.181638 0.839047
v -0.532159 1.111514 0.722747
v -0.398516 1.023125 0.608961
v -0.270014 0.917975 0.497481
v -0.146056 0.798012 0.388040
v -0.024516 0.670162 0.279684
v -1.263360 1.292327 1.348384
v -1.104342 1.285256 1.223934
v -0.948640 1.267372 1.100971
v -0.797381 1.235002 0.980002
v -0.651675 1.184527 0.861525
v -0.511976 1.114470 0.745742
v -0.377878 1.026151 0.632473
v -0.248920 0.921072 0.521510
v -0.124506 0.801179 0.412586
v -0.002512 0.673398 0.304747
v -1.280360 1.294887 1.326441
v -1.121772 1.287880 1.201434
v -0.966501 1.270062 1.077915
v -0.815673 1.237756 0.956390
v -0.670399 1.187346 0.837356
v -0.531131 1.117354 0.721017
v -0.397464 1.029100 0.607191
v -0.268937 0.924085 0.495672
v -0.144955 0.804257 0.386192
v -0.023391 0.676541 0.277797
v -1.265570 1.287329 1.348250
v -1.106607 1.280135 1.223795
v -0.950960 1.262129 1.100829
v -0.799756 1.229635 0.979856
v -0.654106 1.179033 0.861375
v -0.514463 1.108849 0.745589
v -0.380422 1.020400 0.632317
v -0.251521 0.915191 0.521351
v -0.127165 0.795168 0.412424
v -0.005227 0.667258 0.304582
v -1.278140 1.299918 1.326571
v -1.119497 1.293036 1.201567
v -0.964170 1.275342 1.078052
v -0.813287 1.243163 0.956530
v -0.667956 1.192880 0.837500
v -0.528631 1.123019 0.721164
v -0.394906 1.034895 0.607341
v -0.266322 0.930013 0.495824
v -0.142282 0.810316 0.386346
v -0.020661 0.682732 0.277954
v -1.268730 1.283314 1.346462
v -1.109845 1.276022 1.221961
v -0.954277 1.257917 1.098949
v -0.803152 1.225325 0.977931
v -0.657582 1.174623 0.859404
v -0.518019 1.104337 0.743573
v -0.384059 1.015785 0.630255
v -0.255239 0.910472 0.519245
v -0.130963 0.790345 0.410273
v -0.009106 0.662332 0.302385
v -1.274955 1.304016 1.328347
v -1.116232 1.297236 1.203389
v -0.960826 1.279644 1.079919
v -0.809862 1.247568 0.958442
v -0.664450 1.197389 0.839457
v -0.525043 1.127634 0.723165
v -0.391236 1.039619 0.609387
v -0.262570 0.934845 0.497915
v -0.138448 0.815257 0.388481
v -0.016745 0.687781 0.280133
v 0.320464 0.654313 0.345016
v 0.325961 0.653026 0.342157
v 0.330567 0.649410 0.339577
v 0.333583 0.644041 0.337669
v 0.334549 0.637765 0.336725
v 0.333319 0.631548 0.336890
v 0.330081 0.626326 0.338138
v 0.325327 0.622867 0.340277
v 0.319779 0.621670 0.342980
v 0.314282 0.622905 0.345835
v 0.309673 0.626396 0.348408
v 0.306654 0.631639 0.350309
v 0.305685 0.637863 0.351250
v 0.306915 0.644132 0.351088
v 0.310156 0.649479 0.349848
v 0.314914 0.653064 0.347717
v 1.162843 0.555943 2.041498
v 1.167130 0.554906 2.039193
v 1.170651 0.552078 2.037003
v 1.172872 0.547905 2.035263
v 1.173457 0.543040 2.034243
v 1.172317 0.538229 2.034097
v 1.169627 0.534198 2.034850
v 1.165794 0.531545 2.036381
v 1.161398 0.530658 2.038453
v 1.157108 0.531665 2.040751
v 1.153578 0.534418 2.042925
v 1.151347 0.538516 2.044648
v 1.150759 0.543351 2.045663
v 1.151901 0.548192 2.045815
v 1.154600 0.552298 2.045079
v 1.158443 0.555025 2.043564
v 1.164675 0.547295 2.045537
v 1.167396 0.546640 2.044074
v 1.169631 0.544853 2.042684
v 1.171039 0.542213 2.041577
v 1.171408 0.539129 2.040925
v 1.170682 0.536073 2.040828
v 1.168971 0.533506 2.041301
v 1.166534 0.531815 2.042268
v 1.163742 0.531249 2.043581
v 1.161021 0.531892 2.045043
v 1.158782 0.533649 2.046426
v 1.157370 0.536259 2.047527
v 1.156999 0.539330 2.048175
v 1.157726 0.542399 2.048275
v 1.159441 0.544995 2.047809
v 1.161881 0.546717 2.046848
v 1.164698 0.538323 2.045634
v 0.808583 0.823378 1.320478
v 0.888814 0.802707 1.479853
v 0.966923 0.762483 1.635430
v 1.040148 0.703118 1.783063
v 1.105703 0.625043 1.918569
v 1.110144 0.625972 1.916440
v 1.044692 0.704088 1.780862
v 0.971574 0.763484 1.633167
v 0.893576 0.803734 1.477533
v 0.813458 0.824429 1.318103
v 0.732837 0.825945 1.157323
v 0.651844 0.809679 0.995433
v 0.570510 0.777097 0.832525
v 0.488875 0.730095 0.668718
v 0.407078 0.675417 0.504431
v 0.727850 0.824869 1.159753
v 0.646745 0.808579 0.997918
v 0.565299 0.775973 0.835064
v 0.483551 0.728947 0.671311
v 0.401643 0.674244 0.507079
v 0.402314 0.706216 0.509074
v 0.484208 0.760244 0.673264
v 0.565942 0.806592 0.836974
v 0.647374 0.838519 0.999785
v 0.728464 0.854133 1.161578
v 0.809184 0.851973 1.322261
v 0.889403 0.830644 1.481600
v 0.967537 0.789757 1.637199
v 1.040882 0.729695 1.785003
v 1.106701 0.650865 1.920912
v 1.111067 0.649828 1.918603
v 1.045371 0.728642 1.782655
v 0.972143 0.788682 1.634800
v 0.894121 0.829545 1.479146
v 0.814013 0.850848 1.319750
v 0.733405 0.852982 1.159009
v 0.652426 0.837340 0.997158
v 0.571105 0.805386 0.834289
v 0.489482 0.759010 0.670521
v 0.407699 0.704956 0.506273
v 0.396876 0.704993 0.511719
v 0.478882 0.759047 0.675855
v 0.560728 0.805422 0.839511
v 0.642273 0.837375 1.002267
v 0.723476 0.853016 1.164006
v 0.804307 0.850882 1.324635
v 0.884638 0.829578 1.483918
v 0.962884 0.788718 1.639460
v 1.036336 0.728690 1.787201
v 1.102256 0.649903 1.923037
v 1.101334 0.626047 1.920873
v 1.035659 0.704136 1.785408
v 0.962317 0.763521 1.637825
v 0.884096 0.803767 1.482304
v 0.803754 0.824463 1.322986
v 0.722910 0.825979 1.162319
v 0.641693 0.809714 1.000541
v 0.560136 0.777134 0.837746
v 0.478277 0.730132 0.674051
v 0.396257 0.675455 0.509876
v 1.114691 0.646959 1.916465
v 1.049119 0.725700 1.780514
v 0.975999 0.785668 1.632631
v 0.898075 0.826458 1.476932
v 0.818061 0.847687 1.317484
v 0.737546 0.849745 1.156690
v 0.656660 0.834028 0.994787
v 0.575432 0.801997 0.831866
v 0.493903 0.755545 0.668045
v 0.412213 0.701415 0.503745
v 1.097705 0.628838 1.923000
v 1.031907 0.706996 1.787542
v 0.958458 0.766448 1.639989
v 0.880139 0.806763 1.484513
v 0.799704 0.827528 1.325246
v 0.718767 0.829115 1.164631
v 0.637457 0.812921 1.002906
v 0.555806 0.780412 0.840163
v 0.473854 0.733482 0.676520
v 0.391741 0.678875 0.512397
v 1.117022 0.642710 1.914824
v 1.051557 0.721333 1.778908
v 0.978520 0.781189 1.631022
v 0.900664 0.821870 1.475294
v 0.820711 0.842991 1.315808
v 0.740257 0.844938 1.154976
v 0.659431 0.829109 0.993034
v 0.578265 0.796965 0.830074
v 0.496796 0.750401 0.666214
v 0.415167 0.696158 0.501875
v 1.095369 0.633009 1.924630
v 1.029465 0.711279 1.789140
v 0.955934 0.770838 1.641592
v 0.877548 0.811258 1.486145
v 0.797051 0.832128 1.326916
v 0.716053 0.833821 1.166339
v 0.634682 0.817734 1.004653
v 0.552971 0.785333 0.841948
v 0.470957 0.738511 0.678343
v 0.388783 0.684012 0.514260
v 1.117705 0.637746 1.913933
v 1.052314 0.716226 1.778083
v 0.979323 0.775949 1.630219
v 0.901493 0.816502 1.474485
v 0.821560 0.837496 1.314980
v 0.741126 0.839314 1.154129
v 0.660320 0.823354 0.992168
v 0.579172 0.791080 0.829188
v 0.497723 0.744384 0.665309
v 0.416114 0.690012 0.500951
v 1.094682 0.637941 1.925518
v 1.028706 0.716352 1.789962
v 0.955130 0.776042 1.642393
v 0.876717 0.816588 1.486953
v 0.796200 0.837582 1.327742
v 0.715182 0.839403 1.167184
v 0.633792 0.823445 1.005517
v 0.552060 0.791172 0.842831
v 0.470028 0.744479 0.679246
v 0.387834 0.690108 0.515182
v 1.116639 0.632828 1.913928
v 1.051275 0.711162 1.778165
v 0.978284 0.770751 1.630345
v 0.900438 0.811179 1.474626
v 0.820480 0.832047 1.315126
v 0.740021 0.833738 1.154278
v 0.659190 0.817650 0.992320
v 0.578018 0.785247 0.829344
v 0.496544 0.738423 0.665468
v 0.414909 0.683922 0.501113
v 1.095750 0.642890 1.925528
v 1.029745 0.721449 1.789883
v 0.956168 0.781276 1.642270
v 0.877772 0.821949 1.486814
v 0.797280 0.843071 1.327599
v 0.716287 0.845020 1.167038
v 0.634922 0.829192 1.005368
v 0.553215 0.797050 0.842679
v 0.471207 0.750488 0.679091
v 0.389039 0.696247 0.515023
v 1.113984 0.628699 1.914809
v 1.048599 0.706906 1.779142
v 0.975564 0.766381 1.631381
v 0.897658 0.806702 1.475697
v 0.817635 0.827466 1.316223
v 0.737110 0.829052 1.155400
v 0.656214 0.812856 0.993467
v 0.574976 0.780345 0.830516
v 0.493437 0.733414 0.666665
v 0.411737 0.678806 0.502335
v 1.098410 0.647097 1.924657
v 1.032425 0.725789 1.788914
v 0.958891 0.785734 1.641240
v 0.880554 0.826518 1.485749
v 0.800127 0.847748 1.326509
v 0.719199 0.849808 1.165922
v 0.637900 0.834092 1.004227
v 0.556259 0.802063 0.841514
v 0.474317 0.755612 0.677901
v 0.392214 0.701483 0.513808
v 0.070250 0.487042 -0.079399
v 0.064815 0.485935 -0.077537
v 0.059662 0.483054 -0.077142
v 0.055581 0.478857 -0.078261
v 0.053200 0.474003 -0.080711
v 0.052882 0.469241 -0.084113
v 0.054674 0.465287 -0.087955
v 0.058297 0.462723 -0.091665
v 0.063194 0.461918 -0.094689
v 0.068617 0.462984 -0.096575
v 0.073743 0.465769 -0.097029
v 0.077797 0.469870 -0.095969
v 0.080169 0.474683 -0.093544
v 0.080498 0.479485 -0.090118
v 0.078734 0.483535 -0.086217
v 0.075137 0.486196 -0.082448
v -0.562341 1.482408 -1.377110
v -0.566593 1.481482 -1.375618
v -0.570565 1.479121 -1.375181
v -0.573648 1.475698 -1.375862
v -0.575372 1.471749 -1.377551
v -0.575473 1.467880 -1.379986
v -0.573938 1.464675 -1.382802
v -0.571001 1.462609 -1.385575
v -0.567112 1.461980 -1.387887
v -0.562865 1.462879 -1.389390
v -0.558904 1.465174 -1.389852
v -0.555830 1.468531 -1.389198
v -0.554111 1.472454 -1.387522
v -0.554004 1.476350 -1.385075
v -0.555529 1.479619 -1.382233
v -0.558456 1.481752 -1.379433
v -0.565624 1.478571 -1.384543
v -0.568323 1.477986 -1.383593
v -0.570842 1.476493 -1.383312
v -0.572796 1.474325 -1.383738
v -0.573887 1.471819 -1.384805
v -0.573950 1.469358 -1.386349
v -0.572974 1.467315 -1.388136
v -0.571110 1.465994 -1.389897
v -0.568641 1.465591 -1.391364
v -0.565944 1.466167 -1.392318
v -0.563430 1.467633 -1.392610
v -0.561479 1.469774 -1.392195
v -0.560389 1.472269 -1.391133
v -0.560325 1.474741 -1.389585
v -0.561296 1.476811 -1.387787
v -0.563157 1.478158 -1.386015
v -0.567697 1.472051 -1.389235
v -0.245018 1.225588 -0.709169
v -0.308046 1.310981 -0.836901
v -0.373990 1.379599 -0.971921
v -0.440635 1.428972 -1.111016
v -0.505747 1.456615 -1.250930
v -0.509671 1.457256 -1.248550
v -0.444648 1.429631 -1.108553
v -0.378096 1.380275 -0.969389
v -0.312250 1.311672 -0.834304
v -0.249321 1.226295 -0.706512
v -0.190460 1.126055 -0.587592
v -0.135444 1.012130 -0.477002
v -0.083956 0.885647 -0.374053
v -0.035585 0.748065 -0.277859
v 0.011126 0.604575 -0.185260
v -0.186058 1.125332 -0.590311
v -0.130943 1.011389 -0.479781
v -0.079356 0.884890 -0.376894
v -0.030886 0.747292 -0.280761
v 0.015924 0.603786 -0.188224
v 0.022835 0.628393 -0.173247
v -0.024121 0.771380 -0.266101
v -0.072738 0.908456 -0.362552
v -0.124472 1.034433 -0.465757
v -0.179733 1.147854 -0.576603
v -0.238837 1.247596 -0.695775
v -0.302010 1.332485 -0.823817
v -0.368126 1.400635 -0.959194
v -0.435024 1.449614 -1.098771
v -0.500512 1.476971 -1.239367
v -0.504835 1.476063 -1.237866
v -0.439464 1.448702 -1.097241
v -0.372679 1.399710 -0.957630
v -0.306673 1.331540 -0.822215
v -0.243611 1.246629 -0.694136
v -0.184617 1.146864 -0.574927
v -0.129466 1.033419 -0.464044
v -0.077842 0.907419 -0.360801
v -0.029336 0.770319 -0.264314
v 0.017510 0.627310 -0.171423
v 0.027623 0.627565 -0.176235
v -0.019432 0.770569 -0.269027
v -0.068147 0.907664 -0.365415
v -0.119979 1.033658 -0.468558
v -0.175339 1.147098 -0.579342
v -0.234542 1.246858 -0.698452
v -0.297813 1.331764 -0.826432
v -0.364027 1.399931 -0.961745
v -0.431018 1.448927 -1.101249
v -0.496592 1.476303 -1.241761
v -0.501429 1.457497 -1.252443
v -0.436203 1.429857 -1.112561
v -0.369445 1.380497 -0.973502
v -0.303391 1.311896 -0.838519
v -0.240253 1.226525 -0.710826
v -0.181184 1.126290 -0.592006
v -0.125959 1.012369 -0.481515
v -0.074262 0.885892 -0.378665
v -0.025683 0.748315 -0.282570
v 0.021237 0.604831 -0.190071
v -0.508904 1.473723 -1.237485
v -0.443661 1.446336 -1.096888
v -0.376992 1.397303 -0.957286
v -0.311093 1.329079 -0.821868
v -0.248135 1.244110 -0.693781
v -0.189246 1.144285 -0.574565
v -0.134200 1.030780 -0.463675
v -0.082680 0.904719 -0.360426
v -0.034279 0.767559 -0.263932
v 0.012462 0.624488 -0.171034
v -0.497375 1.459772 -1.252857
v -0.432023 1.432157 -1.112952
v -0.365152 1.382837 -0.973887
v -0.298992 1.314286 -0.838909
v -0.235750 1.228970 -0.711226
v -0.176577 1.128791 -0.592415
v -0.121249 1.014927 -0.481933
v -0.069448 0.888507 -0.379092
v -0.020764 0.750987 -0.283006
v 0.026259 0.607560 -0.190516
v -0.512094 1.470321 -1.238274
v -0.446971 1.442891 -1.097758
v -0.380402 1.393793 -0.958206
v -0.314591 1.325492 -0.822819
v -0.251716 1.240438 -0.694755
v -0.192910 1.140526 -0.575562
v -0.137947 1.026933 -0.464697
v -0.086511 0.900784 -0.361472
v -0.038193 0.763536 -0.265003
v 0.008464 0.620378 -0.172129
v -0.494198 1.463110 -1.252101
v -0.428729 1.435536 -1.112119
v -0.361759 1.386277 -0.973008
v -0.295513 1.317802 -0.838003
v -0.232189 1.232567 -0.710298
v -0.172934 1.132472 -0.591466
v -0.117523 1.018692 -0.480961
v -0.065640 0.892356 -0.378098
v -0.016874 0.754921 -0.281990
v 0.030231 0.611577 -0.189478
v -0.513918 1.466389 -1.240106
v -0.448887 1.438906 -1.099710
v -0.382387 1.389732 -0.960241
v -0.316631 1.321340 -0.824912
v -0.253804 1.236188 -0.696898
v -0.195046 1.136177 -0.577757
v -0.140133 1.022483 -0.466942
v -0.088746 0.896233 -0.363769
v -0.040477 0.758884 -0.267351
v 0.006132 0.615625 -0.174529
v -0.492379 1.467016 -1.250283
v -0.426819 1.439495 -1.110183
v -0.359781 1.390310 -0.970991
v -0.293481 1.321925 -0.835928
v -0.230109 1.236786 -0.708174
v -0.170805 1.136789 -0.589292
v -0.115346 1.023108 -0.478737
v -0.063414 0.896872 -0.375824
v -0.014600 0.759536 -0.279665
v 0.032555 0.616291 -0.187103
v -0.514096 1.462530 -1.242699
v -0.449117 1.434992 -1.102444
v -0.382645 1.385743 -0.963077
v -0.316900 1.317262 -0.827826
v -0.254080 1.232015 -0.699882
v -0.195329 1.131907 -0.580809
v -0.140422 1.018114 -0.470065
v -0.089043 0.891765 -0.366962
v -0.040781 0.754318 -0.270614
v 0.005821 0.610961 -0.177862
v -0.492194 1.470900 -1.247676
v -0.426582 1.443436 -1.107434
v -0.359515 1.394328 -0.968138
v -0.293202 1.326032 -0.832997
v -0.229823 1.240990 -0.705173
v -0.170513 1.141091 -0.586221
v -0.115046 1.027511 -0.475595
v -0.063106 0.901374 -0.372610
v -0.014284 0.764139 -0.276380
v 0.032877 0.620994 -0.183747
v -0.512604 1.459328 -1.245662
v -0.447627 1.431740 -1.105546
v -0.381136 1.382427 -0.966286
v -0.315361 1.313873 -0.831121
v -0.252504 1.228546 -0.703254
v -0.193717 1.128358 -0.584259
v -0.138774 1.014485 -0.473593
v -0.087359 0.888054 -0.370569
v -0.039061 0.750525 -0.274300
v 0.007576 0.607088 -0.181626
v -0.493672 1.474167 -1.244681
v -0.428055 1.446753 -1.104294
v -0.361005 1.397711 -0.964889
v -0.294722 1.329492 -0.829658
v -0.231378 1.244532 -0.701755
v -0.172103 1.144717 -0.582723
v -0.116671 1.031222 -0.472016
v -0.064766 0.905170 -0.368951
v -0.015979 0.768020 -0.272640
v 0.031147 0.624960 -0.179926
v 0.286655 0.723499 0.099633
v 0.284607 0.723295 0.094156
v 0.283739 0.721095 0.088732
v 0.284175 0.717254 0.084195
v 0.285838 0.712380 0.081244
v 0.288471 0.707224 0.080331
v 0.291678 0.702562 0.081591
v 0.294978 0.699082 0.084825
v 0.297880 0.697292 0.089532
v 0.299946 0.697455 0.094991
v 0.300857 0.699555 0.100376
v 0.300465 0.703294 0.104875
v 0.298820 0.708126 0.107811
v 0.296170 0.713323 0.108742
v 0.292920 0.718086 0.107520
v 0.289576 0.721667 0.104324
v 1.716473 1.575458 -0.452423
v 1.714827 1.575244 -0.456714
v 1.714006 1.573431 -0.460906
v 1.714134 1.570307 -0.464358
v 1.715187 1.566364 -0.466539
v 1.717004 1.562207 -0.467117
v 1.719308 1.558464 -0.466006
v 1.721754 1.555690 -0.463378
v 1.723971 1.554293 -0.459637
v 1.725624 1.554479 -0.455355
v 1.726460 1.556225 -0.451180
v 1.726349 1.559282 -0.447747
v 1.725303 1.563198 -0.445572
v 1.723481 1.567382 -0.444986
v 1.721160 1.571191 -0.446079
v 1.718698 1.574033 -0.448689
v 1.723209 1.570931 -0.456280
v 1.722162 1.570798 -0.459003
v 1.721638 1.569653 -0.461661
v 1.721715 1.567676 -0.463849
v 1.722378 1.565173 -0.465231
v 1.723528 1.562530 -0.465596
v 1.724989 1.560145 -0.464891
v 1.726541 1.558376 -0.463223
v 1.727948 1.557485 -0.460848
v 1.728998 1.557608 -0.458130
v 1.729529 1.558725 -0.455478
v 1.729459 1.560676 -0.453298
v 1.728798 1.563166 -0.451919
v 1.727646 1.565821 -0.451550
v 1.726178 1.568233 -0.452248
v 1.724620 1.570029 -0.453909
v 1.726836 1.564047 -0.459159
v 1.019479 1.388851 -0.148825
v 1.158288 1.460436 -0.205284
v 1.301718 1.514765 -0.266633
v 1.446232 1.549652 -0.330862
v 1.588249 1.562899 -0.395940
v 1.585967 1.564322 -0.399714
v 1.443870 1.551115 -0.334719
v 1.299289 1.516266 -0.270580
v 1.155797 1.461972 -0.209325
v 1.016930 1.390424 -0.152960
v 0.884533 1.303386 -0.102463
v 0.758250 1.202073 -0.057470
v 0.637576 1.087662 -0.017525
v 0.521861 0.961674 0.017956
v 0.408786 0.829524 0.051061
v 0.887141 1.301777 -0.098233
v 0.760917 1.200428 -0.053144
v 0.640302 1.085981 -0.013104
v 0.524646 0.959957 0.022472
v 0.411629 0.827770 0.055672
v 0.400635 0.853438 0.065566
v 0.513884 0.985082 0.032156
v 0.629774 1.110562 -0.003630
v 0.750622 1.224464 -0.043879
v 0.877078 1.325271 -0.089177
v 1.009647 1.411808 -0.139977
v 1.148684 1.482866 -0.196641
v 1.292395 1.536701 -0.258222
v 1.437323 1.571155 -0.322756
v 1.579967 1.584060 -0.388254
v 1.578314 1.583873 -0.392613
v 1.435640 1.570982 -0.327230
v 1.290675 1.536532 -0.262809
v 1.146924 1.482696 -0.201340
v 1.007845 1.411633 -0.144786
v 0.875236 1.325092 -0.094098
v 0.748738 1.224280 -0.048911
v 0.627849 1.110373 -0.008773
v 0.511918 0.984888 0.026902
v 0.398628 0.853239 0.060200
v 0.403496 0.851643 0.070163
v 0.516686 0.983326 0.036659
v 0.632516 1.108843 0.000778
v 0.753304 1.222784 -0.039566
v 0.879702 1.323628 -0.084958
v 1.012210 1.410203 -0.135852
v 1.151189 1.481298 -0.192612
v 1.294838 1.535170 -0.254285
v 1.439697 1.569663 -0.318908
v 1.582259 1.582609 -0.384488
v 1.589911 1.563058 -0.391590
v 1.447926 1.549797 -0.326398
v 1.303451 1.514905 -0.262057
v 1.160061 1.460575 -0.200598
v 1.021294 1.388994 -0.144028
v 0.888998 1.301923 -0.093325
v 0.762815 1.200577 -0.048126
v 0.642242 1.086133 -0.007976
v 0.526628 0.960113 0.027711
v 0.413653 0.827930 0.061022
v 1.577551 1.582083 -0.396901
v 1.434899 1.569176 -0.331648
v 1.289936 1.534696 -0.267347
v 1.146173 1.480820 -0.205991
v 1.007077 1.409713 -0.149547
v 0.874451 1.323125 -0.098969
v 0.747936 1.222267 -0.053892
v 0.627031 1.108313 -0.013865
v 0.511084 0.982781 0.021699
v 0.397777 0.851085 0.054887
v 1.590696 1.564782 -0.387324
v 1.448693 1.551535 -0.322005
v 1.304219 1.516670 -0.257546
v 1.160844 1.462377 -0.195976
v 1.022095 1.390837 -0.139297
v 0.889817 1.303809 -0.088486
v 0.763653 1.202506 -0.043177
v 0.643099 1.088105 -0.002918
v 0.527502 0.962128 0.032878
v 0.414545 0.829987 0.066297
v 1.577788 1.578975 -0.400459
v 1.435209 1.566028 -0.335332
v 1.290284 1.531488 -0.271138
v 1.146539 1.477540 -0.209878
v 1.007452 1.406356 -0.153527
v 0.874836 1.319688 -0.103041
v 0.748331 1.218749 -0.058058
v 0.627436 1.104714 -0.018123
v 0.511499 0.979101 0.017348
v 0.398202 0.847325 0.050443
v 1.590482 1.567824 -0.383787
v 1.448411 1.554615 -0.318345
v 1.303901 1.519807 -0.253781
v 1.160510 1.465583 -0.192116
v 1.021754 1.394117 -0.135347
v 0.889468 1.307164 -0.084444
v 0.763295 1.205938 -0.039044
v 0.642732 1.091614 0.001307
v 0.527127 0.965714 0.037194
v 0.414161 0.833650 0.070705
v 1.578985 1.575038 -0.402742
v 1.436515 1.562029 -0.337716
v 1.291661 1.527411 -0.273600
v 1.147959 1.473372 -0.212405
v 1.008907 1.402089 -0.156114
v 0.876325 1.315321 -0.105689
v 0.749855 1.214281 -0.060766
v 0.628995 1.100144 -0.020892
v 0.513093 0.974430 0.014518
v 0.399831 0.842552 0.047552
v 1.589294 1.571733 -0.381513
v 1.447116 1.558584 -0.315971
v 1.302538 1.523854 -0.251329
v 1.159103 1.469720 -0.189600
v 1.020313 1.398351 -0.132771
v 0.887994 1.311497 -0.081808
v 0.761787 1.210371 -0.036348
v 0.641189 1.096147 0.004063
v 0.525550 0.970347 0.040010
v 0.412551 0.838383 0.073582
v 1.580958 1.570876 -0.403399
v 1.438618 1.557798 -0.338434
v 1.293853 1.523093 -0.274356
v 1.150215 1.468956 -0.213185
v 1.011216 1.397570 -0.156912
v 0.878687 1.310697 -0.106506
v 0.752272 1.209550 -0.061602
v 0.631466 1.095306 -0.021748
v 0.515618 0.969485 0.013643
v 0.402411 0.837501 0.046658
v 1.587313 1.575922 -0.380846
v 1.445002 1.562844 -0.315242
v 1.300334 1.528201 -0.250561
v 1.156835 1.474167 -0.188808
v 1.017991 1.402902 -0.131960
v 0.885617 1.316155 -0.080978
v 0.759355 1.215136 -0.035498
v 0.638703 1.101021 0.004933
v 0.523009 0.975329 0.040901
v 0.409955 0.843473 0.074493
v 1.583408 1.567118 -0.402335
v 1.441199 1.553970 -0.337380
v 1.296529 1.519184 -0.273294
v 1.152965 1.464958 -0.212101
v 1.014031 1.393479 -0.155802
v 0.881567 1.306512 -0.105371
v 0.755217 1.205270 -0.060442
v 0.634477 1.090930 -0.020563
v 0.518695 0.965013 0.014853
v 0.405552 0.832934 0.047893
v 1.584841 1.579746 -0.381889
v 1.442395 1.566740 -0.316272
v 1.297627 1.532180 -0.251597
v 1.154054 1.478238 -0.189863
v 1.015143 1.407069 -0.133039
v 0.882703 1.320421 -0.082081
v 0.756374 1.219502 -0.036625
v 0.635654 1.105486 0.003783
v 0.519893 0.979894 0.039727
v 0.406772 0.848137 0.073295
v 0.169002 0.624939 0.182932
v 0.172768 0.626468 0.178724
v 0.177648 0.626162 0.175393
v 0.182882 0.624084 0.173443
v 0.187656 0.620567 0.173168
v 0.191235 0.616155 0.174609
v 0.193081 0.611511 0.177548
v 0.192931 0.607327 0.181539
v 0.190827 0.604222 0.185978
v 0.187097 0.602659 0.190191
v 0.182300 0.602886 0.193534
v 0.177149 0.604884 0.195497
v 0.172410 0.608367 0.195777
v 0.168796 0.612812 0.194332
v 0.166866 0.617535 0.191381
v 0.166932 0.621799 0.187378
v 0.984743 1.684895 1.316968
v 0.987692 1.686042 1.313628
v 0.991435 1.685691 1.310907
v 0.995393 1.683909 1.309220
v 0.998954 1.680980 1.308824
v 1.001571 1.677354 1.309778
v 1.002852 1.673579 1.311938
v 1.002610 1.670217 1.314975
v 1.000890 1.667768 1.318426
v 0.997959 1.666599 1.321765
v 0.994260 1.666893 1.324486
v 0.990345 1.668618 1.326173
v 0.986803 1.671525 1.326570
v 0.984167 1.675174 1.325616
v 0.982842 1.679004 1.323456
v 0.983041 1.682423 1.320420
v 0.992387 1.682269 1.320893
v 0.994257 1.682998 1.318772
v 0.996627 1.682781 1.317044
v 0.999132 1.681653 1.315971
v 1.001388 1.679793 1.315716
v 1.003049 1.677487 1.316319
v 1.003864 1.675082 1.317688
v 1.003713 1.672940 1.319614
v 1.002622 1.671382 1.321804
v 1.000760 1.670644 1.323925
v 0.998407 1.670839 1.325653
v 0.995920 1.671944 1.326727
v 0.993671 1.673794 1.326981
v 0.992003 1.676110 1.326379
v 0.991170 1.678537 1.325010
v 0.991304 1.680702 1.323084
v 0.998607 1.676938 1.322206
v 0.484587 1.371954 0.802472
v 0.569763 1.465341 0.910192
v 0.666618 1.544356 1.018189
v 0.772618 1.606088 1.123923
v 0.885199 1.647606 1.224827
v 0.886909 1.650087 1.221306
v 0.774351 1.608630 1.120299
v 0.668384 1.546960 1.014470
v 0.571569 1.468007 0.906382
v 0.486436 1.374683 0.798571
v 0.414043 1.269071 0.692458
v 0.353540 1.152175 0.588004
v 0.303946 1.024925 0.485071
v 0.263993 0.888523 0.383482
v 0.229174 0.747250 0.282610
v 0.412151 1.266280 0.696448
v 0.351606 1.149321 0.592084
v 0.301969 1.022008 0.489240
v 0.261974 0.885543 0.387742
v 0.227112 0.744207 0.286960
v 0.205736 0.764498 0.283976
v 0.241050 0.905406 0.384822
v 0.281498 1.041440 0.486383
v 0.331588 1.168322 0.589290
v 0.392586 1.284852 0.693718
v 0.465468 1.390102 0.799803
v 0.551086 1.483074 0.907587
v 0.648418 1.561715 1.015686
v 0.754995 1.623163 1.121616
v 0.868312 1.664532 1.222867
v 0.871308 1.665725 1.219495
v 0.758069 1.624406 1.118168
v 0.651569 1.562999 1.012156
v 0.554314 1.484391 0.903974
v 0.468772 1.391450 0.796105
v 0.395967 1.286231 0.689935
v 0.335046 1.169731 0.585422
v 0.285033 1.042879 0.482430
v 0.244662 0.906875 0.380783
v 0.209425 0.765997 0.279853
v 0.203708 0.761422 0.288331
v 0.239062 0.902394 0.389087
v 0.279551 1.038493 0.490558
v 0.329683 1.165439 0.593375
v 0.390722 1.282034 0.697713
v 0.463645 1.387348 0.803708
v 0.549305 1.480383 0.911403
v 0.646675 1.559088 1.019409
v 0.753285 1.620598 1.125243
v 0.866622 1.662027 1.226390
v 0.882224 1.646390 1.228201
v 0.769567 1.604823 1.127373
v 0.663491 1.543050 1.021721
v 0.566561 1.464000 0.913808
v 0.481309 1.370582 0.806173
v 0.408799 1.264876 0.700235
v 0.348177 1.147885 0.595955
v 0.298465 1.020540 0.493197
v 0.258395 0.884044 0.391784
v 0.223457 0.742677 0.291086
v 0.875148 1.665431 1.216786
v 0.762035 1.624143 1.115422
v 0.655645 1.562747 1.009358
v 0.558492 1.484138 0.901113
v 0.473050 1.391191 0.793177
v 0.400344 1.285964 0.686939
v 0.339524 1.169457 0.582359
v 0.289611 1.042596 0.479300
v 0.249341 0.906584 0.377586
v 0.214205 0.765699 0.276589
v 0.878432 1.646630 1.230913
v 0.765656 1.605032 1.130125
v 0.659473 1.543246 1.024527
v 0.562444 1.464194 0.916678
v 0.477096 1.370779 0.809110
v 0.404489 1.265078 0.703240
v 0.343770 1.148092 0.599028
v 0.293960 1.020752 0.496337
v 0.253793 0.884261 0.394992
v 0.218758 0.742899 0.294362
v 0.879239 1.663706 1.215154
v 0.766275 1.622424 1.113796
v 0.660012 1.561010 1.007715
v 0.562971 1.482368 0.899437
v 0.477635 1.389379 0.791461
v 0.405037 1.284108 0.685184
v 0.344325 1.167556 0.580565
v 0.294521 1.040651 0.477467
v 0.254359 0.904594 0.375714
v 0.219331 0.763665 0.274678
v 0.874391 1.648301 1.232550
v 0.761469 1.606695 1.131758
v 0.655164 1.544926 1.026179
v 0.558027 1.465906 0.918364
v 0.472575 1.372530 0.810835
v 0.399863 1.266869 0.705005
v 0.339040 1.149925 0.600832
v 0.289124 1.022627 0.498181
v 0.248851 0.886178 0.396875
v 0.213711 0.744856 0.296285
v 0.882946 1.660823 1.214844
v 0.770134 1.619524 1.113536
v 0.663993 1.558066 1.007475
v 0.567056 1.479361 0.899199
v 0.481816 1.386301 0.791218
v 0.409316 1.280958 0.684936
v 0.348703 1.164333 0.580311
v 0.298998 1.037354 0.477208
v 0.258936 0.901224 0.375450
v 0.224007 0.760221 0.274408
v 0.870704 1.651161 1.232862
v 0.757633 1.609572 1.132022
v 0.651207 1.547847 1.026423
v 0.553968 1.468889 0.918606
v 0.468420 1.375582 0.811083
v 0.395612 1.269992 0.705258
v 0.334690 1.153120 0.601091
v 0.284677 1.025894 0.498445
v 0.244306 0.889517 0.397145
v 0.209069 0.748267 0.296560
v 0.885701 1.657227 1.215904
v 0.773019 1.615889 1.114680
v 0.666977 1.554366 1.008673
v 0.570118 1.475581 0.900434
v 0.484951 1.382433 0.792483
v 0.412524 1.277000 0.686230
v 0.351986 1.160284 0.581635
v 0.302355 1.033213 0.478562
v 0.262367 0.896992 0.376833
v 0.227512 0.755899 0.275820
v 0.867929 1.654779 1.231801
v 0.754725 1.613230 1.130876
v 0.648198 1.551569 1.025222
v 0.550879 1.472692 0.917368
v 0.465258 1.379475 0.809815
v 0.392375 1.273976 0.703961
v 0.331378 1.157196 0.599764
v 0.281289 1.030063 0.497089
v 0.240843 0.893778 0.395758
v 0.205530 0.752621 0.295144
v 0.887088 1.653461 1.218173
v 0.774496 1.612068 1.117054
v 0.668514 1.550471 1.011129
v 0.571699 1.471598 0.902956
v 0.486569 1.378358 0.795065
v 0.414179 1.272831 0.688871
v 0.353678 1.156020 0.584335
v 0.304087 1.028854 0.481322
v 0.264137 0.892538 0.379653
v 0.229320 0.751350 0.278700
v 0.866492 1.658599 1.229528
v 0.753194 1.617105 1.128495
v 0.646603 1.555520 1.022758
v 0.549237 1.476733 0.914837
v 0.463576 1.383611 0.807225
v 0.390653 1.278209 0.701310
v 0.329615 1.161527 0.597054
v 0.279484 1.034492 0.494318
v 0.238995 0.898306 0.392928
v 0.203641 0.757246 0.292254
v -0.138309 0.507457 0.171193
v -0.133593 0.505397 0.173975
v -0.129822 0.501338 0.176053
v -0.127568 0.495924 0.177114
v -0.127171 0.490003 0.176999
v -0.128691 0.484487 0.175728
v -0.131896 0.480206 0.173492
v -0.136302 0.477786 0.170629
v -0.141240 0.477572 0.167572
v -0.145960 0.479585 0.164785
v -0.149743 0.483529 0.162692
v -0.152009 0.488828 0.161617
v -0.152412 0.494702 0.161725
v -0.150888 0.500265 0.163002
v -0.147671 0.504661 0.165251
v -0.143253 0.507196 0.168129
v -1.062364 0.441186 1.660054
v -1.058632 0.439543 1.662184
v -1.055588 0.436366 1.663661
v -1.053696 0.432154 1.664263
v -1.053243 0.427562 1.663903
v -1.054298 0.423296 1.662638
v -1.056701 0.419999 1.660660
v -1.060086 0.418159 1.658264
v -1.063937 0.418040 1.655811
v -1.067669 0.419655 1.653673
v -1.070713 0.422763 1.652176
v -1.072607 0.426907 1.651554
v -1.073061 0.431471 1.651906
v -1.072006 0.435765 1.653178
v -1.069603 0.439130 1.655177
v -1.066216 0.441039 1.657592
v -1.065727 0.433364 1.662927
v -1.063357 0.432324 1.664279
v -1.061424 0.430315 1.665217
v -1.060220 0.427649 1.665598
v -1.059930 0.424739 1.665366
v -1.060599 0.422028 1.664558
v -1.062122 0.419929 1.663296
v -1.064269 0.418753 1.661771
v -1.066713 0.418676 1.660211
v -1.069084 0.419704 1.658857
v -1.071017 0.421686 1.657911
v -1.072221 0.424324 1.657522
v -1.072511 0.427223 1.657750
v -1.071844 0.429945 1.658561
v -1.070320 0.432072 1.659831
v -1.068171 0.433275 1.661365
v -1.066941 0.425173 1.662421
v -0.638899 0.674981 1.044577
v -0.726645 0.658182 1.184570
v -0.814970 0.623499 1.319787
v -0.901934 0.571336 1.446052
v -0.985578 0.502117 1.559153
v -0.981655 0.502264 1.561616
v -0.897901 0.571503 1.448562
v -0.810832 0.623676 1.322351
v -0.722407 0.658365 1.187195
v -0.634561 0.675169 1.047263
v -0.548366 0.674415 0.905050
v -0.463768 0.657381 0.760866
v -0.380634 0.625411 0.614872
v -0.298794 0.580238 0.467280
v -0.217644 0.528038 0.318837
v -0.552805 0.674223 0.902302
v -0.468307 0.657185 0.758056
v -0.385273 0.625210 0.612001
v -0.303533 0.580033 0.464346
v -0.222482 0.527828 0.315841
v -0.219611 0.557099 0.319387
v -0.300722 0.608685 0.467818
v -0.382523 0.653241 0.615397
v -0.465618 0.684595 0.761377
v -0.550177 0.701014 0.905548
v -0.636331 0.701160 1.047748
v -0.724138 0.683758 1.187672
v -0.812553 0.648467 1.322878
v -0.899682 0.595667 1.449276
v -0.983608 0.525755 1.562734
v -0.979834 0.524103 1.564925
v -0.895819 0.593982 1.451541
v -0.808598 0.646745 1.325208
v -0.720089 0.681996 1.190061
v -0.632187 0.699356 1.050194
v -0.545937 0.699166 0.908049
v -0.461283 0.682705 0.763934
v -0.378093 0.651309 0.618010
v -0.296197 0.606710 0.470488
v -0.214990 0.555081 0.322114
v -0.224455 0.556843 0.316386
v -0.305466 0.608436 0.464878
v -0.387167 0.652998 0.612519
v -0.470162 0.684358 0.758561
v -0.554621 0.700783 0.902795
v -0.640675 0.700936 1.045057
v -0.728382 0.683539 1.185043
v -0.816695 0.648256 1.320308
v -0.903718 0.595469 1.446761
v -0.987533 0.525579 1.560265
v -0.989353 0.503739 1.556957
v -0.905798 0.572990 1.443782
v -0.818927 0.625188 1.317453
v -0.730697 0.659910 1.182178
v -0.643046 0.676750 1.042127
v -0.557048 0.676031 0.899796
v -0.472645 0.659034 0.755494
v -0.389706 0.627100 0.609382
v -0.308062 0.581964 0.461672
v -0.227107 0.529801 0.313110
v -0.976786 0.520880 1.566505
v -0.892719 0.590677 1.453212
v -0.805433 0.643358 1.326944
v -0.716851 0.678527 1.191847
v -0.628872 0.695804 1.052021
v -0.542546 0.695532 0.909919
v -0.457816 0.678985 0.765846
v -0.374550 0.647504 0.619964
v -0.292578 0.602820 0.472483
v -0.211295 0.551107 0.324150
v -0.992405 0.506891 1.555362
v -0.908905 0.576219 1.442100
v -0.822100 0.628495 1.315706
v -0.733944 0.663294 1.180382
v -0.646370 0.680213 1.040289
v -0.560448 0.679574 0.897916
v -0.476121 0.662657 0.753571
v -0.393259 0.630804 0.607417
v -0.311691 0.585748 0.459664
v -0.230812 0.533665 0.311060
v -0.974928 0.516592 1.567237
v -0.890851 0.586271 1.454037
v -0.803536 0.638840 1.327825
v -0.714913 0.673899 1.192759
v -0.626890 0.691066 1.052956
v -0.540519 0.690682 0.910875
v -0.455743 0.674023 0.766822
v -0.372432 0.642428 0.620961
v -0.290414 0.597631 0.473501
v -0.209086 0.545805 0.325190
v -0.994268 0.511107 1.554616
v -0.910780 0.580549 1.441263
v -0.824005 0.632933 1.314815
v -0.735890 0.667838 1.179459
v -0.648362 0.684862 1.039343
v -0.562485 0.684331 0.896948
v -0.478204 0.667523 0.752582
v -0.395388 0.635778 0.606406
v -0.313866 0.590832 0.458632
v -0.233033 0.538857 0.310006
v -0.974540 0.511908 1.567011
v -0.890498 0.581452 1.453893
v -0.803195 0.633895 1.327718
v -0.714571 0.668834 1.192662
v -0.626540 0.685881 1.052857
v -0.540161 0.685375 0.910774
v -0.455377 0.668593 0.766718
v -0.372058 0.636875 0.620855
v -0.290033 0.591955 0.473392
v -0.208698 0.540006 0.325078
v -0.994658 0.515762 1.554835
v -0.911137 0.585336 1.441402
v -0.824350 0.637844 1.314916
v -0.736237 0.672868 1.179551
v -0.648717 0.690010 1.039437
v -0.562848 0.689600 0.897044
v -0.478575 0.672912 0.752680
v -0.395767 0.641289 0.606507
v -0.314253 0.596464 0.458736
v -0.233427 0.544610 0.310112
v -0.975682 0.507546 1.565865
v -0.891713 0.576959 1.452802
v -0.804462 0.629284 1.326641
v -0.715874 0.664110 1.191572
v -0.627874 0.681047 1.051741
v -0.541525 0.680429 0.909632
v -0.456773 0.663533 0.765551
v -0.373485 0.631700 0.619661
v -0.291491 0.586666 0.472172
v -0.210186 0.534603 0.323832
v -0.993515 0.520153 1.555986
v -0.909919 0.589860 1.442497
v -0.823081 0.642488 1.315997
v -0.734931 0.677626 1.180645
v -0.647380 0.694881 1.040556
v -0.561480 0.694584 0.898190
v -0.477177 0.678013 0.753852
v -0.394337 0.646506 0.607705
v -0.312791 0.601797 0.459960
v -0.231935 0.550058 0.311363
v -0.978181 0.504165 1.563972
v -0.894312 0.573472 1.450931
v -0.807143 0.625702 1.324758
v -0.718625 0.660441 1.189652
v -0.630690 0.677292 1.049778
v -0.544406 0.676587 0.907623
v -0.459719 0.659603 0.763497
v -0.376496 0.627682 0.617561
v -0.294567 0.582559 0.470027
v -0.213327 0.530409 0.321641
v -0.991013 0.523606 1.557894
v -0.907314 0.593424 1.444379
v -0.820392 0.646151 1.317891
v -0.732172 0.681380 1.182575
v -0.644555 0.698724 1.042531
v -0.558590 0.698519 0.900210
v -0.474221 0.682039 0.755918
v -0.391316 0.650626 0.609817
v -0.309705 0.606009 0.462118
v -0.228784 0.554362 0.313567
v -0.374969 0.038166 -0.239813
v 0.030795 0.357957 0.031155
v -0.257365 0.198831 -0.522949
v 0.158886 0.493337 -0.249386
v -0.294070 0.166419 -0.176970
v -0.202035 0.272993 -0.111109
v -0.091075 0.330585 -0.041137
v 0.034467 0.474174 -0.322163
v -0.079208 0.423651 -0.392769
v -0.174114 0.323031 -0.459409
v -0.327429 0.152636 -0.383288
v 0.083639 0.459378 -0.111026
v -0.245441 0.278853 -0.320134
v -0.151946 0.382286 -0.253885
v -0.039569 0.436181 -0.183582
v -0.402078 0.086754 -0.490380
v 0.102540 0.442700 -0.189208
v -0.270911 0.257362 -0.830262
v 0.240328 0.600423 -0.527235
v -0.298725 0.234515 -0.420987
v -0.184524 0.360029 -0.348435
v -0.048030 0.421693 -0.270425
v 0.087889 0.585080 -0.608833
v -0.050696 0.527842 -0.687403
v -0.167103 0.405467 -0.760655
v -0.348466 0.222099 -0.662544
v 0.160382 0.569249 -0.360226
v -0.244865 0.369901 -0.593044
v -0.129300 0.493245 -0.520076
v 0.008557 0.551916 -0.441708
v -0.340243 0.073653 -0.845029
v 0.197075 0.553223 -0.480624
v -0.199166 0.222442 -1.164743
v 0.343238 0.697790 -0.798513
v -0.233520 0.254720 -0.760298
v -0.118236 0.420553 -0.673385
v 0.029182 0.512696 -0.579299
v 0.173087 0.663453 -0.897693
v 0.023035 0.575229 -0.992602
v -0.094189 0.409827 -1.080295
v -0.290476 0.210159 -1.007971
v 0.248697 0.689059 -0.642839
v -0.184829 0.394689 -0.923444
v -0.068881 0.560739 -0.836239
v 0.079730 0.651196 -0.741773
v -0.256283 0.231981 -1.132129
v 0.258211 0.644362 -0.729654
v -0.071770 0.339068 -1.457055
v 0.450451 0.747108 -1.051659
v -0.153011 0.401096 -1.037749
v -0.041524 0.551849 -0.941115
v 0.099079 0.623242 -0.837538
v 0.288228 0.734211 -1.160253
v 0.143877 0.667874 -1.265038
v 0.029162 0.517790 -1.362973
v -0.182785 0.357194 -1.297813
v 0.335671 0.767505 -0.893829
v -0.081080 0.531854 -1.203694
v 0.031990 0.682370 -1.106416
v 0.174716 0.750896 -1.002155
v -0.118795 0.271682 -1.430303
v 0.338816 0.710584 -1.001520
v 0.080090 0.340088 -1.718946
v 0.547381 0.774185 -1.286459
v -0.029964 0.442898 -1.329143
v 0.067635 0.596008 -1.225714
v 0.194185 0.676565 -1.115692
v 0.399143 0.749436 -1.401484
v 0.268242 0.674450 -1.512929
v 0.166775 0.521907 -1.617934
v -0.038769 0.370414 -1.577744
v 0.422882 0.809287 -1.147275
v 0.048369 0.548148 -1.476831
v 0.147573 0.701689 -1.372701
v 0.276345 0.779676 -1.261933
v 0.069784 0.366464 -1.641668
v 0.440238 0.749729 -1.253087
v 0.258309 0.406921 -1.882277
v 0.642159 0.772099 -1.489379
v 0.138352 0.520208 -1.550124
v 0.218499 0.650327 -1.455545
v 0.322581 0.718301 -1.355794
v 0.521293 0.749575 -1.592797
v 0.413380 0.688162 -1.693685
v 0.328895 0.562154 -1.789785
v 0.146965 0.440793 -1.764783
v 0.523282 0.817996 -1.374182
v 0.215961 0.596442 -1.672926
v 0.298131 0.725115 -1.577605
v 0.404068 0.790365 -1.477271
v 0.245469 0.430163 -1.862453
v 0.547456 0.741995 -1.517313
v 0.443814 0.446463 -2.084171
v 0.761499 0.729389 -1.734515
v 0.301117 0.562201 -1.780638
v 0.367242 0.670165 -1.696148
v 0.452390 0.720718 -1.607768
v 0.663117 0.717938 -1.825661
v 0.574165 0.675553 -1.915054
v 0.503715 0.574190 -2.000884
v 0.329331 0.491939 -1.975919
v 0.639082 0.790889 -1.628446
v 0.386888 0.622474 -1.893413
v 0.455216 0.727422 -1.808216
v 0.542311 0.774193 -1.719289
v 0.395694 0.397183 -2.116111
v 0.633988 0.712185 -1.725407
v 0.590741 0.426397 -2.283451
v 0.848844 0.699680 -1.887420
v 0.437750 0.524318 -2.022334
v 0.489096 0.629639 -1.926218
v 0.557199 0.683793 -1.826716
v 0.767942 0.683845 -1.989561
v 0.695158 0.640770 -2.090235
v 0.638495 0.545260 -2.187879
v 0.479593 0.458665 -2.202161
v 0.727766 0.754834 -1.808661
v 0.524350 0.582417 -2.107494
v 0.578375 0.683301 -2.010573
v 0.648865 0.732324 -1.910437
v 0.586587 0.414568 -2.339310
v 0.729221 0.682301 -1.936325
v 0.756603 0.450551 -2.435079
v 0.917393 0.672905 -2.027715
v 0.611068 0.517343 -2.241561
v 0.641392 0.604137 -2.142174
v 0.682561 0.652287 -2.039919
v 0.867006 0.654740 -2.132029
v 0.821590 0.618069 -2.235248
v 0.786431 0.542511 -2.335861
v 0.662144 0.469674 -2.389754
v 0.814092 0.715857 -1.984400
v 0.689355 0.567338 -2.291226
v 0.722167 0.648772 -2.191178
v 0.765517 0.691470 -2.088397
v 1.021027 0.497017 -2.592304
v 0.795248 0.613135 -2.124367
v 1.206731 0.558173 -2.516073
v 0.982002 0.670638 -2.047956
v 0.959751 0.543311 -2.476118
v 0.899424 0.586231 -2.359775
v 0.846316 0.603331 -2.242239
v 1.032878 0.661623 -2.165852
v 1.085759 0.645391 -2.283421
v 1.145789 0.603425 -2.399821
v 1.102525 0.568016 -2.556076
v 0.877313 0.682314 -2.088031
v 1.041429 0.613781 -2.439852
v 0.981266 0.656208 -2.323475
v 0.928278 0.672893 -2.205919
v 1.277192 0.630381 -2.194434
v 0.808694 0.642679 -2.084780
v 1.319657 0.648769 -1.998772
v 0.841898 0.709899 -1.889537
v 1.150644 0.671693 -2.167273
v 1.027925 0.695389 -2.140130
v 0.915632 0.678820 -2.112696
v 0.952141 0.733666 -1.916947
v 1.067088 0.737918 -1.944142
v 1.191780 0.702077 -1.971318
v 1.288806 0.676706 -2.096589
v 0.814811 0.714896 -1.987403
v 1.161385 0.724408 -2.069342
v 1.037468 0.754537 -2.042245
v 0.923619 0.744521 -2.014998
v 1.276822 0.654726 -1.949004
v 0.750089 0.664416 -1.940968
v 1.265837 0.694297 -1.686906
v 0.733615 0.746297 -1.678173
v 1.132807 0.710021 -1.948411
v 0.993611 0.740016 -1.947592
v 0.868103 0.716197 -1.944857
v 0.854655 0.786284 -1.681633
v 0.982081 0.799135 -1.684341
v 1.122090 0.758939 -1.685541
v 1.258625 0.721836 -1.819919
v 0.728301 0.753917 -1.811800
v 1.114513 0.782268 -1.819004
v 0.974703 0.817649 -1.818060
v 0.848029 0.799578 -1.815407
v 1.194139 0.710828 -1.665024
v 0.669145 0.709864 -1.742838
v 1.132993 0.746997 -1.367572
v 0.606075 0.771429 -1.444395
v 1.049696 0.769952 -1.685795
v 0.910147 0.800677 -1.706529
v 0.785543 0.771065 -1.725281
v 0.724394 0.824918 -1.426581
v 0.849955 0.847702 -1.407911
v 0.989498 0.811005 -1.387602
v 1.148704 0.783296 -1.518664
v 0.622256 0.795712 -1.596140
v 1.004622 0.845164 -1.539091
v 0.864966 0.878970 -1.559651
v 0.739756 0.852902 -1.578407
v 1.207016 0.704147 -1.413826
v 0.569293 0.742410 -1.524665
v 1.140354 0.720374 -1.109025
v 0.503551 0.777405 -1.218154
v 1.035871 0.782501 -1.442599
v 0.868101 0.827845 -1.471903
v 0.713999 0.805373 -1.499011
v 0.649882 0.833244 -1.192324
v 0.804280 0.849832 -1.165508
v 0.971064 0.799737 -1.136951
v 1.160102 0.767945 -1.264640
v 0.522218 0.817640 -1.374738
v 0.989793 0.847686 -1.292965
v 0.822383 0.895776 -1.321925
v 0.667962 0.876601 -1.348933
v 1.218050 0.694306 -1.133837
v 0.483509 0.749043 -1.319111
v 1.126137 0.670947 -0.786260
v 0.394236 0.733797 -0.969859
v 1.022116 0.787763 -1.180371
v 0.828598 0.847336 -1.228018
v 0.650261 0.824561 -1.274256
v 0.562239 0.803416 -0.924899
v 0.740338 0.821842 -0.879067
v 0.932274 0.759819 -0.832253
v 1.155052 0.749113 -0.963492
v 0.421593 0.808864 -1.147960
v 0.960114 0.840919 -1.009726
v 0.767368 0.901954 -1.056948
v 0.589095 0.881357 -1.103006
v 1.144747 0.710542 -0.889622
v 0.394609 0.734153 -1.079268
v 1.063046 0.626967 -0.516009
v 0.315843 0.658477 -0.703871
v 0.942752 0.798501 -0.936677
v 0.743790 0.853832 -0.984997
v 0.562913 0.821692 -1.032688
v 0.485591 0.738929 -0.657188
v 0.666195 0.765831 -0.609981
v 0.863357 0.708201 -0.562575
v 1.082933 0.739885 -0.705686
v 0.334218 0.767056 -0.894486
v 0.882055 0.825072 -0.752470
v 0.683989 0.881471 -0.800340
v 0.503248 0.851519 -0.847820
v 1.087062 0.578627 -0.540053
v 0.312163 0.677797 -0.815444
v 0.986770 0.461771 -0.190062
v 0.212523 0.564251 -0.464947
v 0.883968 0.679115 -0.608768
v 0.681623 0.755567 -0.678374
v 0.491347 0.746170 -0.747390
v 0.392240 0.630086 -0.396849
v 0.582440 0.637565 -0.328001
v 0.784286 0.560132 -0.258672
v 1.022075 0.586355 -0.368447
v 0.247324 0.688679 -0.643554
v 0.819286 0.686048 -0.437090
v 0.617221 0.763447 -0.506513
v 0.426955 0.755321 -0.575434
v 0.718774 0.398514 0.046537
v 0.149444 0.480402 -0.247329
v 0.599005 0.300999 0.320823
v 0.033188 0.361302 0.026899
v 0.568202 0.477651 -0.026568
v 0.419354 0.529735 -0.100734
v 0.280643 0.523479 -0.174365
v 0.162761 0.410829 0.099640
v 0.300385 0.423024 0.173236
v 0.448669 0.376368 0.247550
v 0.650618 0.386188 0.182310
v 0.082605 0.459153 -0.111637
v 0.500089 0.464032 0.109132
v 0.351446 0.513824 0.034889
v 0.213166 0.504981 -0.038745
v 0.852108 0.605459 -0.309946
v 0.206958 0.590209 -0.516253
v 0.787018 0.458585 0.004231
v 0.140747 0.456950 -0.201581
v 0.678807 0.668239 -0.361057
v 0.508260 0.700664 -0.413457
v 0.352599 0.666719 -0.465296
v 0.287619 0.528271 -0.150477
v 0.443811 0.557814 -0.098728
v 0.614203 0.521812 -0.046645
v 0.804408 0.579430 -0.154721
v 0.159042 0.568816 -0.360790
v 0.631388 0.642296 -0.205708
v 0.460995 0.675905 -0.257961
v 0.305173 0.643457 -0.309761
v -0.237143 0.370874 -0.762657
v -0.409636 0.538230 -0.129212
v 0.075318 0.233152 -0.673680
v -0.096201 0.413889 -0.042853
v -0.277106 0.480002 -0.610732
v -0.319442 0.559233 -0.453210
v -0.364057 0.570576 -0.292117
v -0.050700 0.440905 -0.205547
v -0.006339 0.425187 -0.365959
v 0.035577 0.342568 -0.522353
v -0.080507 0.351783 -0.716306
v -0.252608 0.523647 -0.083915
v -0.120359 0.460912 -0.564681
v -0.162519 0.541236 -0.407631
v -0.207040 0.554060 -0.246791
v 0.119270 0.191773 -0.593607
v -0.141595 0.436140 -0.055615
v 0.396316 0.117968 -0.463666
v 0.134541 0.340620 0.076773
v 0.056666 0.311516 -0.467031
v -0.007927 0.404809 -0.334769
v -0.074325 0.439214 -0.196534
v 0.201872 0.350349 -0.064312
v 0.268477 0.321951 -0.203102
v 0.333416 0.234028 -0.336294
v 0.257989 0.192209 -0.530454
v -0.003301 0.427639 0.008682
v 0.195270 0.310700 -0.403569
v 0.130519 0.401735 -0.270881
v 0.064015 0.433534 -0.132362
v -0.479998 0.292187 -0.971706
v -0.711084 0.607483 -0.241412
v -0.129011 0.191215 -0.858482
v -0.359524 0.509499 -0.129729
v -0.534799 0.446366 -0.800555
v -0.591273 0.577251 -0.623600
v -0.650453 0.622254 -0.435109
v -0.298956 0.521682 -0.323256
v -0.239999 0.474861 -0.511149
v -0.183805 0.343178 -0.687348
v -0.305058 0.309496 -0.918530
v -0.535770 0.627775 -0.189240
v -0.359828 0.462825 -0.747461
v -0.416104 0.594538 -0.571038
v -0.475151 0.640758 -0.382904
v -0.827860 0.419055 -1.048028
v -0.977003 0.651224 -0.324781
v -0.453239 0.344089 -0.962667
v -0.600511 0.582994 -0.244452
v -0.861486 0.559929 -0.875468
v -0.897547 0.668644 -0.696965
v -0.936640 0.688301 -0.512278
v -0.560342 0.612859 -0.431430
v -0.521879 0.588255 -0.614419
v -0.486708 0.477851 -0.790532
v -0.640109 0.455774 -1.004258
v -0.788372 0.690949 -0.283378
v -0.673609 0.593668 -0.832036
v -0.709235 0.703151 -0.654703
v -0.748057 0.724869 -0.470747
v -1.075975 0.394524 -1.103839
v -1.220608 0.652273 -0.404182
v -0.724940 0.381391 -1.023807
v -0.867788 0.646168 -0.328950
v -1.109229 0.539040 -0.938614
v -1.144773 0.650349 -0.766523
v -1.182259 0.678274 -0.586869
v -0.829582 0.666151 -0.511253
v -0.792624 0.634122 -0.689487
v -0.757905 0.520917 -0.859361
v -0.900938 0.456663 -1.065229
v -1.044669 0.718913 -0.368000
v -0.933997 0.599311 -0.900530
v -0.969111 0.711801 -0.729593
v -1.006354 0.741797 -0.550596
v -1.354558 0.419270 -1.084048
v -1.430493 0.631937 -0.476225
v -1.046318 0.439348 -1.037182
v -1.120013 0.669754 -0.435383
v -1.371855 0.541825 -0.939344
v -1.390883 0.631730 -0.788956
v -1.410540 0.652608 -0.633504
v -1.100191 0.683127 -0.592311
v -1.081023 0.656520 -0.746446
v -1.062836 0.562340 -0.894572
v -1.201207 0.486683 -1.062441
v -1.276040 0.710361 -0.457582
v -1.218058 0.610328 -0.918936
v -1.236676 0.702764 -0.769650
v -1.256115 0.726897 -0.614786
v -1.604404 0.440204 -1.062847
v -1.654516 0.583443 -0.554274
v -1.303172 0.478319 -1.026359
v -1.351407 0.646471 -0.522833
v -1.615714 0.536742 -0.938978
v -1.628124 0.604635 -0.812153
v -1.641212 0.610366 -0.683504
v -1.338185 0.665444 -0.651840
v -1.325441 0.652889 -0.779564
v -1.313641 0.579270 -0.904753
v -1.453683 0.515688 -1.044885
v -1.502967 0.672179 -0.538539
v -1.464583 0.614755 -0.922118
v -1.476719 0.685633 -0.796030
v -1.489668 0.694938 -0.667754
v -1.893940 0.376540 -1.115241
v -1.857939 0.526722 -0.611499
v -1.630527 0.406036 -1.126431
v -1.592231 0.598378 -0.628859
v -1.884066 0.468338 -0.991653
v -1.875005 0.534485 -0.865882
v -1.866418 0.545088 -0.738835
v -1.600805 0.604564 -0.755940
v -1.609806 0.582890 -0.881872
v -1.619607 0.506724 -1.005656
v -1.762059 0.440325 -1.121304
v -1.725094 0.613015 -0.620155
v -1.751699 0.537078 -0.999023
v -1.742315 0.608568 -0.874121
v -1.733569 0.625020 -0.747500
v -2.139686 0.363810 -1.098653
v -2.005237 0.496419 -0.655931
v -1.946050 0.361513 -1.152735
v -1.810019 0.543619 -0.714266
v -2.104646 0.436299 -0.989217
v -2.070370 0.490808 -0.878709
v -2.037600 0.503760 -0.767375
v -1.842434 0.538143 -0.825571
v -1.875487 0.512616 -0.936144
v -1.910276 0.445891 -1.045271
v -2.041198 0.400974 -1.126464
v -1.906124 0.559996 -0.685421
v -2.005827 0.479843 -1.017916
v -1.971336 0.540868 -0.907990
v -1.938468 0.560550 -0.796919
v -2.527487 0.321641 -0.799423
v -2.044959 0.473332 -0.633349
v -2.459261 0.327358 -0.997790
v -1.976722 0.475244 -0.831748
v -2.406863 0.377508 -0.757883
v -2.286236 0.429868 -0.716352
v -2.165599 0.455391 -0.674847
v -2.097351 0.458116 -0.873274
v -2.217983 0.433490 -0.914793
v -2.338621 0.382131 -0.956294
v -2.493409 0.366527 -0.898515
v -2.010859 0.516309 -0.732500
v -2.372772 0.421836 -0.857007
v -2.252136 0.473676 -0.815501
v -2.131497 0.498767 -0.774000
v -2.254690 0.347630 -0.369948
v -1.851653 0.549325 -0.596448
v -2.358100 0.340894 -0.539161
v -1.953053 0.493856 -0.771064
v -2.155225 0.435675 -0.425368
v -2.054926 0.506703 -0.482165
v -1.953532 0.537506 -0.539085
v -2.055088 0.494472 -0.713282
v -2.156864 0.475897 -0.655334
v -2.257784 0.417033 -0.596868
v -2.307303 0.382626 -0.455372
v -1.903059 0.560981 -0.685116
v -2.207361 0.464987 -0.512071
v -2.106700 0.530161 -0.569842
v -2.005065 0.555109 -0.627412
v -2.022415 0.372254 -0.191057
v -1.635198 0.594336 -0.521817
v -2.198787 0.355442 -0.379497
v -1.808587 0.531829 -0.718279
v -1.927082 0.479207 -0.269790
v -1.830579 0.562573 -0.351671
v -1.733164 0.592055 -0.436005
v -1.906777 0.542772 -0.631863
v -2.004774 0.525259 -0.545967
v -2.102218 0.452828 -0.461555
v -2.110808 0.412717 -0.284722
v -1.721903 0.613903 -0.620021
v -2.014835 0.515651 -0.365178
v -1.917805 0.593993 -0.448473
v -1.820041 0.617870 -0.533744
v -1.760313 0.433107 -0.066169
v -1.422020 0.637067 -0.455418
v -1.991535 0.405375 -0.251998
v -1.650457 0.577109 -0.648737
v -1.677483 0.541661 -0.158794
v -1.593279 0.624120 -0.255114
v -1.507971 0.646056 -0.354402
v -1.736618 0.596473 -0.547154
v -1.822483 0.583462 -0.446369
v -1.907593 0.508575 -0.347613
v -1.876060 0.475069 -0.158718
v -1.536246 0.664449 -0.552058
v -1.792687 0.581634 -0.252804
v -1.707986 0.660569 -0.350459
v -1.622352 0.678320 -0.450622
v -1.532681 0.409189 0.110695
v -1.152412 0.661629 -0.365532
v -1.781495 0.408169 -0.071409
v -1.398181 0.639421 -0.555824
v -1.440145 0.534740 -0.000629
v -1.345922 0.634318 -0.116843
v -1.249719 0.667444 -0.239528
v -1.495753 0.654697 -0.429106
v -1.592686 0.628962 -0.304458
v -1.688073 0.534572 -0.185116
v -1.657319 0.465447 0.021592
v -1.275529 0.710393 -0.458725
v -1.564435 0.592704 -0.090672
v -1.469621 0.690315 -0.208473
v -1.373019 0.720297 -0.332231
v -1.314738 0.359227 0.308749
v -0.897197 0.640078 -0.268035
v -1.611174 0.384442 0.111166
v -1.190594 0.657911 -0.473790
v -1.213128 0.495738 0.172811
v -1.110275 0.612375 0.033229
v -1.004611 0.651136 -0.114899
v -1.298382 0.678894 -0.319650
v -1.405065 0.646723 -0.168779
v -1.509270 0.531739 -0.025564
v -1.463049 0.439279 0.211351
v -1.044040 0.718944 -0.369383
v -1.361395 0.582528 0.075293
v -1.257913 0.699118 -0.065979
v -1.151700 0.734776 -0.215583
v -1.011126 0.344760 0.439121
v -0.623655 0.585995 -0.184113
v -1.341824 0.412649 0.246457
v -0.951978 0.647506 -0.383163
v -0.917106 0.475675 0.290145
v -0.821838 0.586619 0.138126
v -0.723630 0.613076 -0.020775
v -1.052245 0.683362 -0.219040
v -1.151306 0.662828 -0.057847
v -1.247681 0.553452 0.097151
v -1.176482 0.452849 0.341626
v -0.787778 0.690964 -0.284924
v -1.082470 0.589533 0.192672
v -0.986650 0.699796 0.039167
v -0.887959 0.722894 -0.121031
v -0.725056 0.202263 0.550486
v -0.374701 0.503717 -0.111229
v -1.046976 0.321702 0.388129
v -0.695198 0.617649 -0.277415
v -0.640478 0.344181 0.395372
v -0.554645 0.469047 0.236042
v -0.465625 0.514065 0.065386
v -0.786316 0.634581 -0.100278
v -0.875898 0.594078 0.071889
v -0.962394 0.470181 0.233002
v -0.886078 0.327462 0.472656
v -0.535117 0.627741 -0.190693
v -0.801541 0.473011 0.317651
v -0.715445 0.597895 0.157611
v -0.626161 0.640953 -0.013753
v -0.367411 0.215845 0.591444
v -0.082285 0.409873 -0.002776
v -0.708265 0.359826 0.433585
v -0.422035 0.539597 -0.163606
v -0.298999 0.327289 0.449210
v -0.228693 0.414274 0.302411
v -0.156090 0.433595 0.151169
v -0.495946 0.569287 -0.009376
v -0.568861 0.554812 0.142706
v -0.639653 0.471469 0.290811
v -0.537876 0.339302 0.510618
v -0.252103 0.523679 -0.085346
v -0.469370 0.450713 0.368130
v -0.398787 0.535227 0.220586
v -0.325992 0.551286 0.068826
v -0.120242 0.150793 0.567890
v 0.138811 0.337855 0.079799
v -0.404050 0.286344 0.423363
v -0.143743 0.446148 -0.068102
v -0.057792 0.249770 0.452798
v 0.006413 0.324764 0.332716
v 0.072209 0.347365 0.207476
v -0.210441 0.464263 0.059832
v -0.276508 0.449221 0.185802
v -0.341155 0.380759 0.307072
v -0.262400 0.254526 0.497328
v -0.002739 0.427551 0.007600
v -0.199760 0.351237 0.381723
v -0.135342 0.422800 0.261069
v -0.069405 0.441449 0.135449
v 0.517239 0.565989 0.636575
v 0.511769 0.532829 -0.040097
v 0.209761 0.397820 0.677721
v 0.202505 0.378155 -0.000209
v 0.506933 0.623510 0.454443
v 0.500869 0.650970 0.275300
v 0.503655 0.612913 0.112162
v 0.195005 0.453113 0.153397
v 0.192783 0.486810 0.317124
v 0.199353 0.455796 0.496113
v 0.357149 0.528577 0.640963
v 0.351057 0.500016 -0.035957
v 0.346807 0.586191 0.459135
v 0.340568 0.614829 0.280153
v 0.343160 0.578254 0.116837
v 0.152605 0.332212 0.627877
v 0.246886 0.404665 -0.006994
v -0.137718 0.213070 0.603300
v -0.040748 0.264168 -0.027701
v 0.169081 0.408414 0.459947
v 0.189026 0.457786 0.294014
v 0.215786 0.449427 0.139368
v -0.072604 0.315299 0.116881
v -0.100094 0.329530 0.270332
v -0.120742 0.285536 0.435637
v 0.003561 0.308662 0.606372
v 0.098964 0.372284 -0.027046
v 0.020211 0.383582 0.438493
v 0.040455 0.430682 0.272789
v 0.067537 0.419764 0.118617
v 0.810621 0.563909 0.787555
v 0.821829 0.642871 -0.036935
v 0.456072 0.421895 0.805832
v 0.466769 0.504158 -0.017964
v 0.804980 0.658681 0.570637
v 0.802127 0.729575 0.354768
v 0.808599 0.715395 0.152745
v 0.453845 0.574174 0.172300
v 0.447644 0.586448 0.374248
v 0.450673 0.514569 0.589581
v 0.627205 0.558374 0.779843
v 0.637965 0.640471 -0.044498
v 0.621648 0.652364 0.563258
v 0.618641 0.724205 0.347688
v 0.624937 0.711287 0.145671
v 1.150364 0.718917 0.728606
v 1.093489 0.718602 -0.043401
v 0.776893 0.609556 0.771113
v 0.718686 0.617149 0.002249
v 1.125443 0.799961 0.519887
v 1.104992 0.848687 0.314485
v 1.095828 0.811003 0.128690
v 0.721884 0.702545 0.175926
v 0.731794 0.735022 0.361444
v 0.752711 0.683974 0.564909
v 0.954725 0.734352 0.727236
v 0.897242 0.737602 -0.043246
v 0.930095 0.812668 0.519734
v 0.909423 0.862475 0.315296
v 0.899946 0.826967 0.129641
v 1.405237 0.720382 0.721612
v 1.347398 0.751855 -0.035111
v 1.049463 0.672423 0.744578
v 0.989778 0.711728 -0.009233
v 1.381590 0.807283 0.518626
v 1.362049 0.860539 0.318466
v 1.351710 0.832277 0.135281
v 0.994832 0.786343 0.162524
v 1.005863 0.810334 0.345450
v 1.026018 0.754695 0.543884
v 1.220806 0.762249 0.714086
v 1.161677 0.798443 -0.041398
v 1.197044 0.847411 0.512220
v 1.177093 0.902051 0.312915
v 1.166376 0.875901 0.129807
v 1.657348 0.740880 0.624288
v 1.567261 0.759743 -0.017850
v 1.355936 0.741467 0.655001
v 1.256048 0.775083 0.015015
v 1.628346 0.813928 0.450475
v 1.602421 0.854092 0.280586
v 1.582821 0.827010 0.126136
v 1.273417 0.836080 0.160534
v 1.295165 0.858255 0.315027
v 1.323856 0.814395 0.483543
v 1.503981 0.797757 0.623837
v 1.407168 0.825246 -0.017665
v 1.472784 0.871448 0.451149
v 1.444989 0.913642 0.281858
v 1.423950 0.889160 0.127264
v 1.866851 0.745442 0.537906
v 1.794969 0.734773 0.012168
v 1.591514 0.779806 0.566798
v 1.501815 0.786548 0.041319
v 1.844263 0.801734 0.391949
v 1.823431 0.829730 0.251418
v 1.807801 0.797952 0.127276
v 1.517627 0.843933 0.157937
v 1.536852 0.870869 0.282525
v 1.562716 0.838922 0.422460
v 1.727465 0.819095 0.535222
v 1.644966 0.817190 0.009260
v 1.701119 0.876960 0.389987
v 1.677248 0.906877 0.249677
v 1.659520 0.877488 0.125223
v 2.101542 0.665141 0.542635
v 1.984025 0.682766 0.034820
v 1.902288 0.728560 0.601029
v 1.754001 0.772552 0.092048
v 2.072166 0.722340 0.402089
v 2.041573 0.754275 0.266848
v 2.012377 0.732665 0.146639
v 1.787983 0.814899 0.205841
v 1.823710 0.829789 0.326826
v 1.862992 0.791620 0.461771
v 2.001352 0.745861 0.557235
v 1.867422 0.778089 0.047829
v 1.966996 0.806784 0.416966
v 1.931740 0.842249 0.281597
v 1.898969 0.824177 0.160797
v 2.278589 0.607531 0.481720
v 2.108965 0.645877 0.054201
v 2.144759 0.652013 0.571602
v 1.962724 0.731120 0.136389
v 2.237296 0.654768 0.364967
v 2.194289 0.684972 0.252102
v 2.151522 0.675319 0.150219
v 2.008962 0.751610 0.234935
v 2.054679 0.751435 0.338946
v 2.100852 0.710637 0.453525
v 2.209915 0.666733 0.516519
v 2.033484 0.727917 0.083855
v 2.167140 0.720313 0.398784
v 2.122299 0.756428 0.284738
v 2.077975 0.752322 0.181456
v 2.528759 0.427524 0.135900
v 2.136413 0.612018 0.031691
v 2.509416 0.496480 0.333201
v 2.116872 0.674324 0.231178
v 2.428829 0.487595 0.105635
v 2.331140 0.547979 0.075184
v 2.233918 0.584197 0.052127
v 2.214199 0.647922 0.251182
v 2.311400 0.613323 0.273730
v 2.409206 0.554705 0.303576
v 2.522301 0.501624 0.222371
v 2.125039 0.682959 0.119163
v 2.421279 0.560795 0.192413
v 2.322234 0.620324 0.162244
v 2.223763 0.655791 0.139412
v 2.251410 0.391426 -0.220760
v 1.974364 0.700855 0.015553
v 2.353719 0.406608 -0.079460
v 2.088293 0.680395 0.173637
v 2.185831 0.506382 -0.174794
v 2.116994 0.604400 -0.122030
v 2.046453 0.662690 -0.056641
v 2.156292 0.650173 0.098616
v 2.223904 0.600418 0.029524
v 2.289990 0.511703 -0.027927
v 2.302975 0.435243 -0.160607
v 2.030940 0.729173 0.083931
v 2.238107 0.545850 -0.111898
v 2.170351 0.639769 -0.056823
v 2.101133 0.694378 0.010375
v 2.049837 0.407184 -0.348856
v 1.769751 0.736349 -0.016370
v 2.212806 0.411442 -0.203174
v 1.963228 0.721152 0.143895
v 1.979777 0.539399 -0.285519
v 1.907969 0.648538 -0.211580
v 1.838394 0.705792 -0.118921
v 2.025635 0.697661 0.038603
v 2.088421 0.645647 -0.057300
v 2.151774 0.540587 -0.135237
v 2.130468 0.457314 -0.291425
v 1.864566 0.779093 0.048191
v 2.064977 0.589183 -0.226101
v 1.997131 0.696967 -0.150220
v 1.930583 0.751908 -0.055862
v 1.799308 0.447088 -0.421552
v 1.553845 0.758148 -0.036324
v 2.034176 0.458105 -0.294842
v 1.811877 0.756041 0.102551
v 1.733565 0.578808 -0.347090
v 1.669131 0.686350 -0.261071
v 1.610135 0.736865 -0.154167
v 1.864000 0.741235 -0.017858
v 1.918262 0.695129 -0.127721
v 1.976288 0.590043 -0.217157
v 1.915628 0.508780 -0.375965
v 1.679516 0.813688 0.015609
v 1.853021 0.640962 -0.300041
v 1.791126 0.747273 -0.212184
v 1.734080 0.795595 -0.103659
v 1.550066 0.369796 -0.519349
v 1.271283 0.746597 -0.055351
v 1.821873 0.424431 -0.414625
v 1.554605 0.790730 0.061616
v 1.474271 0.521124 -0.429468
v 1.400665 0.649105 -0.326989
v 1.333962 0.715852 -0.198549
v 1.615051 0.767619 -0.084711
v 1.679305 0.705743 -0.216808
v 1.749807 0.579742 -0.323346
v 1.682270 0.452424 -0.486109
v 1.406949 0.825618 -0.016489
v 1.607562 0.606546 -0.396056
v 1.534891 0.733810 -0.291604
v 1.468942 0.798351 -0.161299
v 1.298142 0.254272 -0.629237
v 1.004068 0.687868 -0.071194
v 1.627147 0.347742 -0.533006
v 1.334681 0.777979 0.035129
v 1.217961 0.423146 -0.517471
v 1.139664 0.574243 -0.396205
v 1.069346 0.653958 -0.243529
v 1.398912 0.753139 -0.141118
v 1.468614 0.678689 -0.298459
v 1.546658 0.527714 -0.423790
v 1.455782 0.365212 -0.602373
v 1.161402 0.798885 -0.039969
v 1.374865 0.540538 -0.492464
v 1.296376 0.692098 -0.369465
v 1.226230 0.769309 -0.214379
v 0.975535 0.190530 -0.664577
v 0.726068 0.601907 -0.060190
v 1.333404 0.325256 -0.594805
v 1.083899 0.732494 0.017946
v 0.906445 0.358388 -0.541196
v 0.839098 0.508187 -0.408839
v 0.779935 0.579806 -0.244629
v 1.136885 0.718489 -0.169862
v 1.195660 0.651809 -0.338139
v 1.263180 0.502603 -0.473986
v 1.146549 0.328670 -0.650346
v 0.897042 0.738079 -0.041672
v 1.076823 0.502000 -0.528677
v 1.009378 0.651599 -0.394609
v 0.950436 0.720417 -0.228096
v 0.695645 0.029605 -0.656832
v 0.479752 0.489966 -0.039147
v 1.030310 0.210619 -0.626831
v 0.814572 0.666762 -0.003276
v 0.633762 0.204762 -0.531320
v 0.573936 0.365044 -0.396977
v 0.523817 0.452708 -0.228940
v 0.857913 0.636121 -0.195742
v 0.907677 0.552636 -0.366871
v 0.967621 0.392693 -0.503452
v 0.853561 0.181791 -0.663146
v 0.637665 0.640847 -0.042955
v 0.791245 0.360752 -0.538942
v 0.731338 0.521141 -0.403707
v 0.681390 0.606767 -0.234137
v 0.338154 0.020148 -0.603215
v 0.182115 0.356656 -0.034038
v 0.687058 0.227998 -0.590226
v 0.532385 0.550432 -0.012983
v 0.292427 0.162045 -0.485026
v 0.249069 0.282036 -0.355276
v 0.213302 0.339120 -0.202102
v 0.562870 0.539145 -0.183342
v 0.598145 0.486950 -0.339071
v 0.641223 0.370387 -0.471511
v 0.505921 0.174016 -0.609067
v 0.350888 0.500446 -0.034493
v 0.460163 0.315953 -0.490546
v 0.417024 0.433446 -0.359045
v 0.381605 0.487120 -0.204149
v 0.128224 0.000726 -0.513274
v -0.036866 0.246230 -0.035446
v 0.412574 0.220503 -0.493184
v 0.250927 0.433205 -0.000058
v 0.078708 0.109381 -0.413478
v 0.032530 0.196575 -0.302426
v -0.004355 0.235627 -0.174134
v 0.282257 0.432981 -0.142357
v 0.318169 0.402974 -0.274534
v 0.363551 0.323757 -0.389864
v 0.261725 0.145772 -0.512394
v 0.098616 0.372423 -0.025797
v 0.212498 0.251340 -0.410682
v 0.166789 0.333859 -0.297149
v 0.130461 0.367715 -0.166598
v 0.442151 0.229853 0.608686
v 0.213811 0.428611 0.109998
v 0.226853 0.458847 0.753662
v -0.011621 0.632056 0.255702
v 0.404907 0.328371 0.482790
v 0.357377 0.404609 0.355925
v 0.291083 0.431711 0.231846
v 0.068322 0.643290 0.376643
v 0.137291 0.623290 0.500348
v 0.187498 0.553143 0.627357
v 0.346249 0.378189 0.677591
v 0.112756 0.563781 0.179362
v 0.308011 0.474603 0.551561
v 0.259109 0.547638 0.424664
v 0.191418 0.571026 0.300783
v 0.363406 0.351769 0.820381
v 0.061266 0.569695 0.243093
v 0.112423 0.606086 1.005212
v -0.195806 0.810751 0.427294
v 0.310060 0.465502 0.673584
v 0.246708 0.556390 0.525985
v 0.161082 0.583352 0.382947
v -0.094068 0.830042 0.566609
v -0.006483 0.807601 0.709718
v 0.058782 0.720054 0.857936
v 0.251283 0.528067 0.905119
v -0.054803 0.736994 0.327628
v 0.197761 0.641791 0.758112
v 0.133204 0.730400 0.610212
v 0.046290 0.754314 0.467166
v 0.155794 0.439781 1.101313
v -0.140263 0.754817 0.419703
v -0.097081 0.666711 1.271064
v -0.397246 0.976855 0.586963
v 0.108272 0.580529 0.930180
v 0.052885 0.705555 0.758002
v -0.033616 0.756131 0.587608
v -0.288343 0.984365 0.754446
v -0.199540 0.937939 0.925518
v -0.142704 0.813679 1.099064
v 0.051146 0.614717 1.179459
v -0.246322 0.928780 0.496633
v 0.004751 0.758897 1.007944
v -0.051095 0.884001 0.835168
v -0.138630 0.932780 0.664436
v -0.031001 0.669895 1.264711
v -0.294984 0.911133 0.579973
v -0.328210 0.855788 1.432638
v -0.598228 1.091526 0.743380
v -0.072142 0.796627 1.090301
v -0.121027 0.904657 0.915848
v -0.198798 0.933095 0.746328
v -0.498977 1.121738 0.909248
v -0.417983 1.098720 1.079917
v -0.366693 0.991920 1.256663
v -0.159019 0.833335 1.338398
v -0.426080 1.071898 0.651288
v -0.198469 0.965533 1.163254
v -0.248524 1.073045 0.987644
v -0.328121 1.098410 0.817475
v -0.279133 0.786705 1.449571
v -0.478738 1.049160 0.758794
v -0.576587 0.924098 1.591675
v -0.783687 1.180254 0.895012
v -0.304213 0.914378 1.274901
v -0.337510 1.023554 1.099863
v -0.399216 1.059739 0.928131
v -0.700622 1.200155 1.063896
v -0.635205 1.169982 1.237067
v -0.599049 1.062063 1.414935
v -0.407138 0.919100 1.512636
v -0.609673 1.180769 0.818703
v -0.430338 1.053170 1.336987
v -0.464754 1.162446 1.160539
v -0.528329 1.195816 0.987974
v -0.532554 0.927139 1.522207
v -0.674536 1.154043 0.919315
v -0.802185 1.024402 1.635831
v -0.955687 1.231921 1.028840
v -0.544671 1.042301 1.369532
v -0.567602 1.133295 1.216254
v -0.614291 1.161965 1.066581
v -0.892224 1.248750 1.175470
v -0.842102 1.226918 1.325824
v -0.815615 1.140574 1.481047
v -0.649356 1.029284 1.572833
v -0.796194 1.249433 0.967490
v -0.661592 1.146143 1.419147
v -0.686134 1.235408 1.264796
v -0.734439 1.261190 1.114633
v -0.780534 1.041551 1.617523
v -0.884243 1.217585 1.101953
v -1.052683 1.109580 1.717884
v -1.170664 1.255708 1.200238
v -0.786658 1.139722 1.485050
v -0.802786 1.213475 1.352884
v -0.838454 1.230113 1.226125
v -1.121487 1.278021 1.323533
v -1.082245 1.269715 1.450383
v -1.062320 1.202932 1.583602
v -0.900139 1.128451 1.660727
v -1.010764 1.291015 1.143630
v -0.907797 1.224863 1.527289
v -0.925823 1.295390 1.394464
v -0.963281 1.308135 1.267517
v -1.026318 1.075125 1.780189
v -1.052951 1.244881 1.251859
v -1.271447 1.139655 1.831640
v -1.316616 1.266784 1.302546
v -1.015433 1.165977 1.644714
v -1.013466 1.234741 1.509678
v -1.028770 1.252639 1.379614
v -1.288196 1.287025 1.429082
v -1.268389 1.280338 1.558894
v -1.265520 1.221723 1.694626
v -1.134311 1.153664 1.800005
v -1.169991 1.304001 1.270596
v -1.125723 1.240854 1.663610
v -1.126142 1.304977 1.528044
v -1.143690 1.317643 1.397925
v -1.292298 1.145107 1.884676
v -1.230717 1.272374 1.400493
v -1.483915 1.196622 1.883573
v -1.440038 1.278157 1.401218
v -1.265578 1.212702 1.760444
v -1.244553 1.264200 1.637008
v -1.234807 1.277307 1.517833
v -1.440239 1.294842 1.517286
v -1.445758 1.293238 1.635728
v -1.462152 1.253127 1.758977
v -1.378062 1.207615 1.879454
v -1.325391 1.313035 1.395596
v -1.353832 1.269931 1.754890
v -1.335147 1.315964 1.631401
v -1.327528 1.323577 1.512446
v -1.786123 1.270125 1.891726
v -1.375158 1.257565 1.553533
v -1.916940 1.293939 1.729379
v -1.507103 1.277776 1.391655
v -1.678151 1.283993 1.804855
v -1.571203 1.294536 1.718435
v -1.472076 1.279644 1.635492
v -1.603803 1.300627 1.473485
v -1.702678 1.316371 1.556298
v -1.809314 1.306773 1.642614
v -1.839253 1.321861 1.805147
v -1.428882 1.307497 1.467154
v -1.731464 1.335202 1.718322
v -1.624685 1.345255 1.631948
v -1.525686 1.329953 1.549059
v -1.838585 1.263439 1.402942
v -1.368371 1.273197 1.505260
v -1.792353 1.220562 1.212026
v -1.310533 1.277600 1.304321
v -1.709952 1.303018 1.421536
v -1.586018 1.325561 1.443681
v -1.474194 1.308953 1.472946
v -1.419991 1.301195 1.273797
v -1.534973 1.305818 1.246809
v -1.661554 1.271579 1.227415
v -1.804178 1.278020 1.300678
v -1.327385 1.312958 1.398142
v -1.674272 1.323723 1.317694
v -1.548825 1.352490 1.338502
v -1.435216 1.342285 1.366669
v -1.732112 1.214350 1.185958
v -1.252776 1.255338 1.400816
v -1.607901 1.175554 0.954769
v -1.120346 1.257031 1.158957
v -1.598042 1.276222 1.230628
v -1.470001 1.313593 1.280474
v -1.357272 1.298208 1.338634
v -1.228216 1.288334 1.098577
v -1.343434 1.293131 1.042795
v -1.473087 1.246092 0.995922
v -1.656056 1.241472 1.063575
v -1.171874 1.304017 1.273323
v -1.521401 1.308153 1.106502
v -1.392375 1.350663 1.154923
v -1.278225 1.340858 1.211964
v -1.532740 1.189510 0.961764
v -1.092251 1.245527 1.252465
v -1.348467 1.140302 0.722710
v -0.904038 1.220364 1.005931
v -1.407105 1.261357 1.023773
v -1.287864 1.305798 1.091996
v -1.185501 1.291163 1.169857
v -0.999453 1.258447 0.924547
v -1.103195 1.266535 0.848352
v -1.223030 1.216525 0.782247
v -1.424383 1.218415 0.834641
v -0.981499 1.287183 1.121746
v -1.298734 1.292753 0.895396
v -1.179108 1.340087 0.962612
v -1.075950 1.328872 1.039694
v -1.437943 1.108285 0.743300
v -0.907043 1.218734 1.098811
v -1.246965 1.038255 0.506161
v -0.714851 1.166034 0.854310
v -1.290271 1.202552 0.817897
v -1.148188 1.265284 0.901197
v -1.022265 1.261829 0.996689
v -0.831965 1.202181 0.753434
v -0.958692 1.200094 0.659792
v -1.100537 1.133115 0.578947
v -1.327657 1.128187 0.616933
v -0.795495 1.249327 0.968525
v -1.180451 1.223590 0.690384
v -1.038355 1.288816 0.772429
v -0.911870 1.288496 0.867004
v -1.329454 1.015682 0.501915
v -0.741718 1.170042 0.957560
v -1.100275 0.896942 0.250557
v -0.513638 1.058372 0.701263
v -1.165914 1.131187 0.597847
v -1.007406 1.214560 0.703644
v -0.867779 1.218022 0.825925
v -0.641197 1.100616 0.570735
v -0.781088 1.093142 0.450179
v -0.938695 1.007783 0.346488
v -1.196286 1.021818 0.366939
v -0.608831 1.180651 0.819963
v -1.033633 1.135597 0.462675
v -0.875538 1.220188 0.567349
v -0.735738 1.225670 0.688811
v -1.158265 0.963944 0.319445
v -0.560502 1.090928 0.794614
v -0.931448 0.779461 0.059125
v -0.335020 0.913260 0.529198
v -0.989864 1.074755 0.420019
v -0.827028 1.154633 0.529958
v -0.686385 1.149760 0.657314
v -0.462660 0.965211 0.393274
v -0.603631 0.965250 0.267986
v -0.765392 0.883566 0.160271
v -1.022169 0.941722 0.179807
v -0.425081 1.071758 0.652602
v -0.854856 1.049737 0.280487
v -0.692563 1.130443 0.389346
v -0.551798 1.127586 0.515821
v -0.966740 0.738904 0.083642
v -0.377818 0.964796 0.620565
v -0.735539 0.530855 -0.138774
v -0.146756 0.759711 0.396467
v -0.805684 0.868113 0.199543
v -0.647372 0.974620 0.322940
v -0.505725 0.998322 0.465875
v -0.275304 0.790771 0.242257
v -0.417088 0.765294 0.100060
v -0.575138 0.657965 -0.022599
v -0.834547 0.699912 -0.037750
v -0.245415 0.928718 0.497941
v -0.673792 0.828323 0.078192
v -0.515586 0.935661 0.201035
v -0.373819 0.960546 0.343513
v -0.397513 0.418185 -0.208392
v -0.003135 0.619728 0.261763
v -0.179592 0.252146 -0.363403
v 0.210075 0.432900 0.111637
v -0.287211 0.524929 -0.104864
v -0.180817 0.606082 0.006776
v -0.087436 0.630799 0.130754
v 0.127600 0.450292 -0.020380
v 0.035602 0.431317 -0.145607
v -0.069840 0.355331 -0.258726
v -0.279114 0.370838 -0.291888
v 0.113414 0.563813 0.180392
v -0.168974 0.476369 -0.187937
v -0.062958 0.555346 -0.075646
v 0.029851 0.577569 0.048910
v -0.654963 0.711897 -0.020943
v -0.161742 0.799939 0.435122
v -0.472868 0.483503 -0.218918
v 0.022530 0.584452 0.233208
v -0.515944 0.798038 0.078256
v -0.382092 0.855439 0.186292
v -0.266090 0.848434 0.306976
v -0.083229 0.627877 0.105934
v -0.200057 0.630677 -0.013608
v -0.334157 0.569968 -0.120256
v -0.547706 0.644429 -0.125785
v -0.053864 0.736835 0.328809
v -0.408883 0.730597 -0.026836
v -0.275022 0.789074 0.080660
v -0.158755 0.783495 0.200940
v 0.745922 0.406307 0.024498
v 0.266779 0.578555 0.202699
v 0.849540 0.512044 0.308270
v 0.366896 0.659110 0.486395
v 0.633075 0.497622 0.068820
v 0.515434 0.566757 0.114034
v 0.392457 0.587484 0.158720
v 0.492967 0.675981 0.442798
v 0.616734 0.662235 0.398224
v 0.735548 0.599138 0.352861
v 0.799668 0.492389 0.167464
v 0.318812 0.651670 0.345580
v 0.686326 0.581608 0.211882
v 0.568114 0.647572 0.257151
v 0.444726 0.664650 0.301778
v 0.929266 0.453829 0.167527
v 0.365761 0.630814 0.401532
v 1.063249 0.563914 0.496624
v 0.496849 0.727717 0.731123
v 0.795528 0.556176 0.227180
v 0.657161 0.635926 0.287321
v 0.513134 0.653234 0.345129
v 0.644589 0.755647 0.674938
v 0.789450 0.742817 0.617037
v 0.929038 0.666441 0.556527
v 0.996082 0.556301 0.336345
v 0.430854 0.724367 0.570567
v 0.862119 0.658618 0.396109
v 0.723048 0.736080 0.456438
v 0.578502 0.750373 0.514288
v 1.145208 0.421029 0.419031
v 0.497122 0.698656 0.663910
v 1.263072 0.509349 0.737867
v 0.611504 0.781859 0.984124
v 0.993006 0.551985 0.478998
v 0.836970 0.667150 0.540047
v 0.670101 0.708482 0.602155
v 0.785071 0.797765 0.922517
v 0.953358 0.760613 0.860000
v 1.110985 0.646358 0.798218
v 1.207556 0.525701 0.579994
v 0.558006 0.802229 0.825529
v 1.055520 0.660007 0.640122
v 0.898858 0.775183 0.701486
v 0.731327 0.814700 0.763795
v 1.271380 0.534017 0.682196
v 0.621257 0.759178 0.874273
v 1.375097 0.573424 1.024072
v 0.719221 0.792641 1.218609
v 1.116443 0.655502 0.731449
v 0.958359 0.758537 0.780825
v 0.792320 0.783575 0.828145
v 0.891145 0.825141 1.172639
v 1.059319 0.805591 1.124646
v 1.220060 0.704029 1.074040
v 1.323942 0.622099 0.858194
v 0.670835 0.844350 1.051560
v 1.169135 0.748907 0.907770
v 1.009728 0.851300 0.957765
v 0.842481 0.873227 1.005466
v 1.394978 0.527385 0.961858
v 0.754532 0.792052 1.105919
v 1.470613 0.528232 1.281580
v 0.823793 0.786878 1.430337
v 1.243226 0.654817 0.997849
v 1.087954 0.763871 1.034379
v 0.923893 0.800971 1.070439
v 0.994193 0.804922 1.394926
v 1.160680 0.773798 1.357850
v 1.318911 0.666041 1.319378
v 1.435513 0.590497 1.125453
v 0.791575 0.854046 1.271215
v 1.283798 0.724157 1.161905
v 1.127035 0.833153 1.199181
v 0.961614 0.867376 1.235716
v 1.418355 0.555836 1.235074
v 0.866227 0.795493 1.333363
v 1.465138 0.529850 1.503843
v 0.911047 0.755103 1.613291
v 1.288247 0.673567 1.259811
v 1.153282 0.767174 1.285093
v 1.011557 0.799325 1.309584
v 1.056454 0.766788 1.588612
v 1.198985 0.740282 1.562036
v 1.335194 0.650034 1.533171
v 1.445811 0.596723 1.374004
v 0.891681 0.831110 1.476372
v 1.315674 0.716649 1.400441
v 1.179780 0.808927 1.427097
v 1.037354 0.838520 1.452354
v 1.455634 0.555044 1.490051
v 0.990543 0.754730 1.560468
v 1.474101 0.491016 1.727872
v 1.013316 0.672181 1.817550
v 1.345379 0.658551 1.510103
v 1.230754 0.737650 1.529337
v 1.111853 0.760606 1.545634
v 1.133493 0.685058 1.800259
v 1.251603 0.667516 1.780309
v 1.365261 0.592539 1.755390
v 1.469048 0.576867 1.616322
v 1.004734 0.767931 1.694899
v 1.359165 0.679856 1.639538
v 1.244594 0.756962 1.661164
v 1.125771 0.777249 1.679034
v 1.531125 0.459706 1.701614
v 1.086211 0.695544 1.727649
v 1.500383 0.396007 1.891006
v 1.062581 0.605980 1.941160
v 1.427134 0.567482 1.713636
v 1.317808 0.652564 1.722402
v 1.203455 0.687082 1.726303
v 1.177703 0.605412 1.935868
v 1.290329 0.577437 1.926860
v 1.397857 0.498374 1.911055
v 1.519549 0.473902 1.802572
v 1.077414 0.699051 1.840447
v 1.416371 0.580082 1.818851
v 1.307747 0.662806 1.831104
v 1.193968 0.694356 1.837400
v 1.536167 0.377456 1.907027
v 1.169273 0.622931 1.887570
v 1.476858 0.334194 2.051351
v 1.108538 0.542203 2.037966
v 1.450377 0.474488 1.909929
v 1.360439 0.555458 1.908504
v 1.266258 0.598743 1.900000
v 1.204396 0.526347 2.048300
v 1.298605 0.491968 2.055375
v 1.389290 0.420818 2.055297
v 1.509037 0.390085 1.985216
v 1.140795 0.619012 1.968774
v 1.422192 0.482462 1.988625
v 1.331671 0.559057 1.987870
v 1.237346 0.598431 1.980121
v 1.396324 0.263263 2.285257
v 1.251577 0.515447 1.992914
v 1.225267 0.270240 2.376700
v 1.079798 0.516080 2.083270
v 1.360244 0.339869 2.212891
v 1.325372 0.416439 2.142241
v 1.288886 0.469925 2.068306
v 1.117124 0.471938 2.158741
v 1.153735 0.420002 2.232897
v 1.188849 0.345112 2.303875
v 1.315466 0.303977 2.339373
v 1.168005 0.553932 2.042819
v 1.278750 0.379893 2.266052
v 1.243122 0.455861 2.194247
v 1.205960 0.508834 2.119246
v 0.979558 0.361417 2.297467
v 1.215413 0.542794 1.991503
v 0.837347 0.395984 2.247514
v 1.066492 0.616812 1.940322
v 1.040696 0.441965 2.228219
v 1.100690 0.506945 2.154516
v 1.158683 0.534281 2.074462
v 1.011073 0.599244 2.024646
v 0.954468 0.562326 2.105085
v 0.896406 0.487183 2.178936
v 0.909511 0.413845 2.277229
v 1.142317 0.617538 1.970323
v 0.969665 0.500400 2.208226
v 1.028718 0.571124 2.134291
v 1.086132 0.603907 2.054016
v 0.835883 0.422482 2.205592
v 1.162218 0.600271 1.898236
v 0.682164 0.492855 2.097332
v 0.989929 0.698739 1.773512
v 0.919549 0.516470 2.137832
v 1.002528 0.587286 2.064272
v 1.083142 0.607276 1.983121
v 0.913337 0.697744 1.861405
v 0.836437 0.670668 1.945963
v 0.758987 0.593145 2.024242
v 0.762185 0.504310 2.158590
v 1.079269 0.697827 1.842180
v 0.842575 0.602244 2.088214
v 0.922777 0.676900 2.012049
v 1.001506 0.700694 1.928920
v 0.710052 0.531016 2.047429
v 1.077229 0.682057 1.758949
v 0.545544 0.596804 1.859933
v 0.900918 0.765704 1.562941
v 0.801369 0.624660 1.982212
v 0.893865 0.691995 1.912654
v 0.985831 0.702119 1.837225
v 0.810762 0.779844 1.642502
v 0.721006 0.764826 1.719487
v 0.632091 0.693432 1.791496
v 0.631146 0.617912 1.960942
v 0.991831 0.778307 1.666765
v 0.719795 0.713317 1.893625
v 0.810307 0.782740 1.822394
v 0.901091 0.795357 1.745910
v 0.540550 0.536274 1.924267
v 0.982869 0.748730 1.579256
v 0.366978 0.576498 1.708066
v 0.800460 0.802689 1.360727
v 0.647303 0.653332 1.846712
v 0.757759 0.740322 1.763858
v 0.870145 0.763723 1.673445
v 0.688451 0.811530 1.455182
v 0.577873 0.783525 1.545855
v 0.470421 0.693280 1.629163
v 0.455615 0.610262 1.823320
v 0.892746 0.831086 1.475917
v 0.560316 0.727912 1.744769
v 0.669067 0.816791 1.661329
v 0.780438 0.842713 1.570497
v 0.343990 0.531485 1.768874
v 0.887840 0.782095 1.401781
v 0.156899 0.540610 1.493993
v 0.696378 0.797471 1.129000
v 0.473499 0.667928 1.686552
v 0.608182 0.773788 1.599016
v 0.747296 0.802809 1.502723
v 0.556073 0.812654 1.229453
v 0.418172 0.779899 1.324943
v 0.285487 0.672365 1.411511
v 0.251351 0.599472 1.636861
v 0.792872 0.854024 1.270672
v 0.380221 0.734111 1.554447
v 0.513830 0.840994 1.467367
v 0.652365 0.871881 1.371422
v 0.212011 0.569169 1.577172
v 0.773002 0.796432 1.195054
v 0.010843 0.522459 1.279878
v 0.567528 0.755892 0.900375
v 0.346183 0.702368 1.489695
v 0.485126 0.805938 1.397875
v 0.628297 0.827352 1.298650
v 0.423142 0.780162 1.003326
v 0.281371 0.754199 1.101516
v 0.144504 0.649093 1.192180
v 0.113247 0.614334 1.431785
v 0.672210 0.844350 1.050887
v 0.247064 0.744782 1.344285
v 0.384990 0.849049 1.253028
v 0.527557 0.872358 1.154244
v 0.022254 0.472880 1.299807
v 0.644738 0.772678 0.969165
v -0.145872 0.401723 0.997011
v 0.475310 0.704263 0.667223
v 0.170124 0.617185 1.227345
v 0.322332 0.740077 1.150668
v 0.481981 0.783917 1.062942
v 0.312653 0.713117 0.760776
v 0.153497 0.667605 0.848133
v 0.001939 0.543983 0.924429
v -0.062291 0.499726 1.154984
v 0.559364 0.802267 0.824958
v 0.085490 0.643247 1.082510
v 0.237245 0.766898 1.006116
v 0.396602 0.811857 0.918618
v -0.147013 0.423172 0.661993
v 0.373116 0.650352 0.476025
v -0.254052 0.373622 0.395889
v 0.267816 0.580791 0.207586
v -0.022607 0.533993 0.622597
v 0.106217 0.620469 0.579079
v 0.238888 0.652685 0.529265
v 0.133570 0.589262 0.261283
v 0.000525 0.562583 0.311688
v -0.129014 0.481053 0.355927
v -0.201089 0.432807 0.532197
v 0.319876 0.651752 0.345207
v -0.076434 0.542476 0.492591
v 0.052720 0.626872 0.448755
v 0.185592 0.656687 0.398665
v -0.008873 0.564507 1.010451
v 0.510099 0.728115 0.699997
v -0.166913 0.456682 0.746131
v 0.350009 0.632613 0.437607
v 0.115976 0.667477 0.939080
v 0.245379 0.742899 0.863693
v 0.377263 0.755663 0.783413
v 0.217257 0.655244 0.520622
v 0.085888 0.638450 0.600349
v -0.042586 0.559913 0.675042
v -0.086034 0.556592 0.879643
v 0.432096 0.724351 0.569915
v 0.038551 0.659562 0.808405
v 0.167558 0.735987 0.733290
v 0.299249 0.750115 0.653207
v 0.398660 0.683914 -0.655160
v -0.052363 0.767642 -0.301523
v 0.492828 0.432254 -0.518019
v 0.046624 0.525514 -0.159639
v 0.305042 0.752365 -0.539872
v 0.200703 0.799651 -0.435414
v 0.079354 0.799105 -0.359320
v 0.177104 0.553190 -0.219656
v 0.297022 0.550621 -0.297369
v 0.399760 0.500917 -0.402843
v 0.454763 0.592921 -0.563827
v 0.005505 0.679863 -0.208660
v 0.361391 0.661377 -0.448657
v 0.257658 0.709444 -0.343914
v 0.136811 0.709953 -0.267281
v 0.460386 0.369345 -0.469650
v 0.033291 0.563639 -0.178500
v 0.522313 0.171534 -0.298017
v 0.088876 0.350381 -0.015277
v 0.371628 0.459808 -0.374821
v 0.272995 0.531366 -0.289102
v 0.157947 0.560854 -0.226265
v 0.214996 0.352323 -0.060233
v 0.331699 0.327108 -0.120694
v 0.432165 0.259373 -0.204462
v 0.500020 0.297188 -0.368643
v 0.070202 0.485123 -0.080899
v 0.410757 0.386759 -0.274232
v 0.311325 0.456709 -0.189320
v 0.195524 0.484343 -0.127496
v 0.373934 0.772223 -0.921928
v -0.139791 0.969892 -0.476380
v 0.482317 0.525356 -0.737071
v -0.029546 0.725164 -0.290845
v 0.269192 0.875849 -0.783111
v 0.155312 0.962652 -0.651828
v 0.015723 0.987633 -0.552336
v 0.125312 0.741065 -0.367852
v 0.264047 0.714786 -0.467892
v 0.377147 0.627407 -0.599220
v 0.443439 0.697783 -0.802420
v -0.068866 0.897582 -0.355983
v 0.338595 0.800806 -0.664004
v 0.225317 0.888203 -0.532575
v 0.086264 0.914052 -0.432698
v 0.249920 1.029607 -1.073053
v -0.229914 1.133238 -0.629212
v 0.393838 0.795655 -0.881843
v -0.080522 0.904127 -0.437090
v 0.153592 1.114170 -0.929300
v 0.045843 1.175927 -0.797187
v -0.085160 1.174694 -0.701446
v 0.062368 0.940456 -0.512235
v 0.190991 0.938157 -0.609439
v 0.296440 0.875173 -0.741332
v 0.336264 0.964939 -0.944551
v -0.141028 1.070732 -0.500351
v 0.239619 1.047390 -0.802220
v 0.132984 1.109706 -0.670240
v 0.002992 1.109944 -0.573899
v 0.139530 1.131315 -1.231123
v -0.318408 1.255690 -0.787811
v 0.285584 0.953077 -1.027459
v -0.166845 1.082074 -0.582804
v 0.048533 1.219790 -1.089931
v -0.054534 1.284412 -0.960178
v -0.179929 1.289294 -0.863014
v -0.029891 1.111430 -0.660465
v 0.093497 1.103688 -0.758863
v 0.194319 1.037817 -0.888615
v 0.226766 1.091663 -1.100734
v -0.228113 1.218839 -0.656227
v 0.135917 1.178619 -0.960439
v 0.034081 1.243969 -0.830575
v -0.090340 1.250259 -0.732752
v -0.021714 1.260835 -1.335579
v -0.396041 1.344544 -0.935028
v 0.124309 1.138614 -1.159993
v -0.239176 1.229106 -0.751129
v -0.096474 1.332165 -1.209409
v -0.181883 1.379626 -1.094438
v -0.284246 1.377078 -1.006304
v -0.129410 1.257437 -0.825733
v -0.029694 1.257172 -0.916325
v 0.052325 1.208269 -1.033136
v 0.062616 1.243302 -1.225408
v -0.305362 1.330691 -0.819035
v -0.010262 1.314070 -1.098297
v -0.093764 1.362212 -0.982010
v -0.194678 1.361057 -0.892319
v -0.163819 1.360100 -1.422190
v -0.480544 1.409968 -1.101132
v -0.017619 1.273446 -1.254862
v -0.320425 1.329252 -0.918813
v -0.229166 1.416937 -1.318465
v -0.301967 1.452552 -1.224892
v -0.387924 1.443115 -1.156313
v -0.230166 1.359012 -0.977952
v -0.147174 1.366181 -1.050106
v -0.078294 1.329692 -1.147427
v -0.080698 1.360852 -1.316075
v -0.389959 1.413123 -0.986236
v -0.143435 1.417272 -1.209998
v -0.214128 1.453092 -1.114190
v -0.298546 1.444663 -1.043592
v -0.287789 1.391273 -1.591443
v -0.563523 1.441422 -1.244662
v -0.143563 1.351082 -1.481746
v -0.397656 1.408999 -1.109032
v -0.346446 1.445251 -1.486062
v -0.410295 1.479118 -1.388215
v -0.484340 1.471298 -1.310871
v -0.322274 1.435141 -1.181511
v -0.252886 1.440390 -1.264884
v -0.195115 1.405331 -1.369458
v -0.207190 1.409750 -1.517842
v -0.471816 1.464602 -1.156599
v -0.262238 1.464506 -1.408628
v -0.322945 1.499197 -1.306979
v -0.394600 1.492706 -1.226277
v -0.422283 1.427523 -1.684421
v -0.616397 1.459617 -1.342395
v -0.291692 1.393657 -1.637087
v -0.470864 1.452443 -1.274219
v -0.464063 1.465564 -1.586200
v -0.508769 1.489646 -1.492654
v -0.560863 1.482420 -1.413752
v -0.418464 1.469621 -1.351203
v -0.369776 1.470350 -1.435249
v -0.329116 1.439353 -1.534022
v -0.349466 1.439018 -1.646221
v -0.535813 1.486261 -1.292170
v -0.388968 1.481353 -1.545155
v -0.431535 1.509304 -1.448532
v -0.481881 1.505818 -1.366691
v -0.817472 1.447909 -1.700111
v -0.654807 1.448852 -1.355342
v -0.655730 1.459369 -1.776981
v -0.493968 1.454937 -1.434692
v -0.773727 1.458475 -1.607481
v -0.730924 1.470178 -1.516109
v -0.692257 1.462903 -1.434208
v -0.531111 1.470044 -1.512907
v -0.569515 1.478596 -1.594172
v -0.612120 1.468349 -1.684914
v -0.731518 1.486317 -1.725519
v -0.567295 1.482830 -1.378841
v -0.687443 1.495738 -1.632553
v -0.644202 1.506230 -1.540654
v -0.605139 1.497874 -1.458241
v -0.947414 1.371082 -1.343234
v -0.565498 1.454236 -1.224399
v -0.892456 1.399219 -1.479614
v -0.517367 1.457689 -1.384804
v -0.848389 1.423381 -1.300744
v -0.749714 1.460715 -1.263466
v -0.656499 1.465808 -1.240434
v -0.605625 1.474028 -1.395013
v -0.696938 1.474736 -1.412366
v -0.794149 1.444005 -1.443391
v -0.913817 1.413937 -1.398243
v -0.534248 1.486189 -1.290318
v -0.814877 1.462834 -1.358603
v -0.716632 1.497167 -1.324126
v -0.624124 1.499748 -1.303693
v -0.941118 1.325031 -1.143956
v -0.488059 1.405955 -1.069680
v -0.912578 1.368013 -1.323609
v -0.469794 1.444010 -1.280677
v -0.822638 1.385567 -1.104030
v -0.704882 1.426544 -1.073622
v -0.594661 1.426792 -1.065832
v -0.573019 1.468110 -1.269875
v -0.680621 1.469635 -1.270492
v -0.795978 1.429040 -1.292522
v -0.919136 1.384365 -1.214636
v -0.470025 1.464174 -1.154756
v -0.801392 1.446102 -1.178740
v -0.684515 1.487303 -1.152172
v -0.575288 1.486737 -1.147709
v -0.869510 1.268764 -0.937541
v -0.403069 1.341139 -0.917087
v -0.880895 1.347928 -1.151423
v -0.420945 1.417607 -1.154985
v -0.745756 1.328799 -0.906343
v -0.623778 1.369497 -0.887353
v -0.511126 1.366541 -0.895284
v -0.526588 1.446613 -1.127766
v -0.637595 1.451480 -1.114300
v -0.758237 1.410665 -1.126875
v -0.865953 1.352551 -1.022141
v -0.401507 1.422969 -1.012325
v -0.742386 1.413915 -0.993608
v -0.620715 1.454388 -0.977472
v -0.508615 1.450300 -0.987977
v -0.857301 1.130035 -0.744238
v -0.301751 1.225381 -0.729864
v -0.882623 1.259609 -0.960489
v -0.327702 1.349648 -0.962193
v -0.712188 1.198195 -0.710517
v -0.568237 1.247810 -0.689930
v -0.432439 1.250387 -0.700796
v -0.456731 1.379966 -0.928389
v -0.592125 1.380648 -0.912972
v -0.736710 1.331956 -0.929009
v -0.860834 1.237590 -0.827853
v -0.304369 1.330689 -0.819436
v -0.715048 1.308223 -0.794304
v -0.570461 1.357347 -0.775511
v -0.434562 1.358276 -0.788322
v -0.865722 0.963830 -0.551178
v -0.221866 1.080043 -0.564368
v -0.906370 1.145966 -0.790851
v -0.257823 1.258663 -0.811126
v -0.698144 1.039740 -0.522400
v -0.531602 1.101628 -0.503714
v -0.373789 1.108471 -0.522254
v -0.408570 1.294060 -0.764303
v -0.567260 1.291649 -0.741760
v -0.736303 1.230417 -0.758112
v -0.873762 1.103388 -0.641429
v -0.226907 1.218826 -0.656711
v -0.704748 1.184107 -0.609796
v -0.536828 1.245980 -0.591802
v -0.378422 1.250637 -0.612269
v -0.777255 0.796333 -0.341253
v -0.129848 0.905882 -0.412130
v -0.832244 1.024704 -0.576312
v -0.180868 1.129797 -0.652486
v -0.607099 0.873920 -0.325884
v -0.438364 0.937306 -0.320302
v -0.280620 0.940605 -0.353792
v -0.330533 1.170742 -0.590043
v -0.488977 1.171624 -0.553082
v -0.659845 1.109317 -0.556802
v -0.789252 0.963380 -0.427406
v -0.139745 1.070751 -0.500951
v -0.617962 1.045063 -0.409535
v -0.448144 1.107983 -0.404839
v -0.290005 1.108912 -0.440296
v -0.712593 0.549017 -0.205704
v -0.050560 0.724517 -0.289861
v -0.770880 0.804784 -0.397077
v -0.106803 0.976417 -0.485137
v -0.541809 0.639674 -0.193493
v -0.371143 0.718407 -0.190475
v -0.207686 0.741019 -0.226946
v -0.263045 0.997588 -0.419168
v -0.426841 0.978166 -0.380145
v -0.598777 0.900100 -0.382036
v -0.730756 0.722840 -0.271208
v -0.067616 0.897524 -0.356522
v -0.559338 0.816073 -0.257385
v -0.388085 0.894828 -0.254640
v -0.224438 0.916055 -0.292241
v -0.533430 0.393268 -0.009510
v 0.029163 0.509458 -0.131988
v -0.600238 0.674047 -0.196545
v -0.038050 0.780146 -0.326365
v -0.385707 0.467167 -0.010659
v -0.239005 0.523663 -0.024100
v -0.101792 0.531872 -0.068252
v -0.168050 0.806796 -0.259936
v -0.304985 0.802018 -0.213356
v -0.452032 0.748094 -0.197821
v -0.555429 0.570556 -0.081886
v 0.006670 0.679914 -0.209227
v -0.407504 0.644436 -0.083149
v -0.260685 0.699185 -0.097955
v -0.123697 0.705084 -0.143722
v -0.392756 0.241887 0.064287
v 0.088881 0.345996 -0.012751
v -0.437258 0.489102 -0.092149
v 0.041711 0.573893 -0.182309
v -0.267472 0.304797 0.070472
v -0.142932 0.350776 0.064260
v -0.024795 0.359752 0.033202
v -0.070459 0.593756 -0.132536
v -0.187687 0.590140 -0.097920
v -0.311899 0.548786 -0.088413
v -0.409017 0.390843 0.002462
v 0.071163 0.485002 -0.081293
v -0.283764 0.452149 0.007464
v -0.159438 0.495699 -0.000458
v -0.041778 0.501873 -0.033375
v 0.103871 0.555626 -0.383617
v 0.199395 0.592943 0.104472
v 0.295885 0.779789 -0.404825
v 0.401408 0.796443 0.078204
v 0.108273 0.604486 -0.252143
v 0.122334 0.634926 -0.123540
v 0.155256 0.625976 -0.005907
v 0.354437 0.835886 -0.029925
v 0.318824 0.850538 -0.145990
v 0.302214 0.825102 -0.273685
v 0.187591 0.694418 -0.385128
v 0.288223 0.721109 0.100273
v 0.192916 0.741528 -0.253887
v 0.208295 0.769347 -0.125802
v 0.242623 0.757417 -0.008991
v 0.198889 0.708768 -0.508798
v 0.341750 0.742131 0.059964
v 0.426103 0.963753 -0.549274
v 0.574677 0.986141 0.017815
v 0.212377 0.764833 -0.354010
v 0.235351 0.802059 -0.202417
v 0.281233 0.788267 -0.066224
v 0.512152 1.036738 -0.106899
v 0.464396 1.054236 -0.242387
v 0.439744 1.019890 -0.393993
v 0.297318 0.874436 -0.513197
v 0.443939 0.900407 0.054217
v 0.310919 0.930441 -0.358213
v 0.334974 0.965733 -0.206725
v 0.382099 0.949453 -0.071044
v 0.415253 0.851990 -0.674699
v 0.530020 0.938389 0.000234
v 0.642998 1.080808 -0.709522
v 0.761046 1.162592 -0.033070
v 0.418264 0.923979 -0.494856
v 0.428539 0.982881 -0.316643
v 0.469221 0.981491 -0.152623
v 0.697949 1.210644 -0.184468
v 0.655230 1.215590 -0.348418
v 0.643933 1.157655 -0.527795
v 0.506389 1.014866 -0.675496
v 0.622184 1.100166 0.000421
v 0.508206 1.089559 -0.494705
v 0.518759 1.148375 -0.315913
v 0.560347 1.145434 -0.151881
v 0.586493 1.081637 -0.715431
v 0.677962 1.106874 -0.061859
v 0.853253 1.276585 -0.750993
v 0.949305 1.296206 -0.094085
v 0.584384 1.141333 -0.537552
v 0.589769 1.185760 -0.362859
v 0.624515 1.166481 -0.206536
v 0.892759 1.362422 -0.236891
v 0.855216 1.386409 -0.393372
v 0.848139 1.343559 -0.570024
v 0.697047 1.234058 -0.711330
v 0.790835 1.256520 -0.055971
v 0.693099 1.298030 -0.531821
v 0.699296 1.341745 -0.356122
v 0.735627 1.319797 -0.199711
v 0.818878 1.224286 -0.790254
v 0.854329 1.265169 -0.138103
v 1.083245 1.371532 -0.816682
v 1.125194 1.407372 -0.160419
v 0.803244 1.284644 -0.614796
v 0.795433 1.329819 -0.442130
v 0.815946 1.316271 -0.284996
v 1.083230 1.465900 -0.305277
v 1.059431 1.484504 -0.462706
v 1.065016 1.440602 -0.637730
v 0.929314 1.348647 -0.785296
v 0.966736 1.388121 -0.130298
v 0.911602 1.414001 -0.607822
v 0.904484 1.458905 -0.433805
v 0.926572 1.442852 -0.276364
v 1.035103 1.357484 -0.768522
v 1.039486 1.391806 -0.205728
v 1.268410 1.454935 -0.784849
v 1.287868 1.481687 -0.223642
v 1.013236 1.413463 -0.616110
v 1.001511 1.449370 -0.467180
v 1.013628 1.435227 -0.332202
v 1.258152 1.530856 -0.347778
v 1.242037 1.548843 -0.481892
v 1.249403 1.514600 -0.631244
v 1.134128 1.450911 -0.762392
v 1.144063 1.482025 -0.199076
v 1.112815 1.509218 -0.609049
v 1.102791 1.544301 -0.459582
v 1.116580 1.528235 -0.324729
v 1.247224 1.465940 -0.770274
v 1.241445 1.488480 -0.298382
v 1.470596 1.512685 -0.778154
v 1.488092 1.529672 -0.313583
v 1.226456 1.515921 -0.640031
v 1.214787 1.545260 -0.513942
v 1.222991 1.528687 -0.402496
v 1.464854 1.573969 -0.414777
v 1.451482 1.593073 -0.524248
v 1.456803 1.564438 -0.648868
v 1.343647 1.535084 -0.759696
v 1.348068 1.554317 -0.290254
v 1.325713 1.585988 -0.629560
v 1.316828 1.614711 -0.503868
v 1.327400 1.596699 -0.393156
v 1.459283 1.497988 -0.840306
v 1.401523 1.538531 -0.379494
v 1.643594 1.509937 -0.811604
v 1.615983 1.542047 -0.362291
v 1.429927 1.550362 -0.715040
v 1.406987 1.582167 -0.592842
v 1.400127 1.571383 -0.483088
v 1.608238 1.578779 -0.462008
v 1.608298 1.592098 -0.568796
v 1.623036 1.561667 -0.688367
v 1.538350 1.543173 -0.813732
v 1.494618 1.580884 -0.357310
v 1.513155 1.596199 -0.689165
v 1.494037 1.627741 -0.567908
v 1.490334 1.615765 -0.459309
v 1.663204 1.513847 -0.846364
v 1.561233 1.571181 -0.454943
v 1.802677 1.514819 -0.791976
v 1.720630 1.545035 -0.410590
v 1.629917 1.560670 -0.741265
v 1.599492 1.592045 -0.638259
v 1.578185 1.590204 -0.544515
v 1.732573 1.569316 -0.496780
v 1.749167 1.577503 -0.587869
v 1.774430 1.553396 -0.688554
v 1.724353 1.543922 -0.809655
v 1.631482 1.589161 -0.422009
v 1.693362 1.586984 -0.705077
v 1.665244 1.615036 -0.602890
v 1.646117 1.610412 -0.510183
v 2.028560 1.521067 -0.717481
v 1.689167 1.556018 -0.547433
v 2.107452 1.502816 -0.557344
v 1.769681 1.532212 -0.388835
v 1.938949 1.540584 -0.670635
v 1.850748 1.561131 -0.624634
v 1.768979 1.562064 -0.585025
v 1.849013 1.539360 -0.425992
v 1.930351 1.539749 -0.465185
v 2.018154 1.520704 -0.510817
v 2.060157 1.545446 -0.628509
v 1.718212 1.576160 -0.457345
v 1.970042 1.563851 -0.581451
v 1.881137 1.583240 -0.535131
v 1.798701 1.583144 -0.495234
v 2.012814 1.459656 -0.326563
v 1.678295 1.564294 -0.507781
v 1.961814 1.419074 -0.199308
v 1.610881 1.551424 -0.362285
v 1.921249 1.516474 -0.361603
v 1.832155 1.559198 -0.401176
v 1.752697 1.569776 -0.451836
v 1.689963 1.550878 -0.310199
v 1.773486 1.533519 -0.263752
v 1.866663 1.483661 -0.229075
v 1.977345 1.468651 -0.252032
v 1.633312 1.589125 -0.423602
v 1.883642 1.529864 -0.284275
v 1.792112 1.576617 -0.321229
v 1.710335 1.591119 -0.369675
v 1.916371 1.423188 -0.194591
v 1.579316 1.555316 -0.454855
v 1.802874 1.384295 -0.052973
v 1.441535 1.525573 -0.290265
v 1.820042 1.498611 -0.244506
v 1.728051 1.553716 -0.301941
v 1.649883 1.565905 -0.374516
v 1.517700 1.531967 -0.214259
v 1.601399 1.516859 -0.146734
v 1.699813 1.460240 -0.095631
v 1.847040 1.443523 -0.110720
v 1.496492 1.581224 -0.359088
v 1.747068 1.519889 -0.156871
v 1.651468 1.576029 -0.211002
v 1.570203 1.589767 -0.280979
v 1.745248 1.404385 -0.070696
v 1.433274 1.536893 -0.372346
v 1.567719 1.328329 0.069238
v 1.241938 1.467392 -0.217578
v 1.650944 1.483107 -0.126989
v 1.563377 1.540275 -0.193234
v 1.493540 1.550872 -0.278034
v 1.305580 1.477707 -0.126073
v 1.378584 1.464671 -0.044551
v 1.469692 1.406513 0.017612
v 1.641098 1.411936 0.014545
v 1.320867 1.547303 -0.279218
v 1.544424 1.490314 -0.039145
v 1.454696 1.547788 -0.103218
v 1.383028 1.559509 -0.186331
v 1.645532 1.304213 0.061862
v 1.259746 1.488339 -0.291460
v 1.454412 1.194484 0.197964
v 1.061525 1.385328 -0.143647
v 1.531191 1.401601 -0.001678
v 1.424195 1.475031 -0.078655
v 1.335963 1.497163 -0.178543
v 1.140375 1.389746 -0.033283
v 1.230587 1.364772 0.063611
v 1.339156 1.290023 0.137019
v 1.534592 1.294281 0.146420
v 1.143660 1.482197 -0.200053
v 1.419247 1.391051 0.084713
v 1.311069 1.465137 0.009735
v 1.221522 1.488711 -0.088524
v 1.523703 1.174894 0.210590
v 1.101259 1.414678 -0.220392
v 1.296284 1.014372 0.341331
v 0.873258 1.258290 -0.083644
v 1.397014 1.293190 0.133133
v 1.277902 1.387663 0.040820
v 1.181714 1.421006 -0.080936
v 0.955483 1.260243 0.053778
v 1.052439 1.224126 0.173200
v 1.171343 1.128675 0.263145
v 1.389427 1.145963 0.296127
v 0.966251 1.388340 -0.131484
v 1.263394 1.262614 0.218630
v 1.144291 1.357683 0.127622
v 1.047674 1.392402 0.007003
v 1.352766 1.086618 0.313081
v 0.926473 1.308529 -0.141897
v 1.129134 0.869725 0.435365
v 0.702720 1.095922 -0.013626
v 1.222911 1.202047 0.229963
v 1.100994 1.294581 0.132745
v 1.005238 1.322323 0.004718
v 0.783565 1.104447 0.130509
v 0.880210 1.073278 0.255753
v 1.001705 0.979827 0.350558
v 1.216529 1.032927 0.394976
v 0.790230 1.256734 -0.057233
v 1.087754 1.146102 0.311280
v 0.966063 1.239041 0.215225
v 0.869946 1.268208 0.088377
v 1.165026 0.842860 0.412083
v 0.751156 1.161157 -0.066350
v 0.945444 0.616255 0.497498
v 0.531243 0.936549 0.021164
v 1.042899 0.977201 0.322548
v 0.925582 1.094892 0.221929
v 0.830057 1.149902 0.088300
v 0.610897 0.923402 0.174937
v 0.706759 0.867129 0.307565
v 0.824026 0.748952 0.407345
v 1.036064 0.780077 0.475967
v 0.621650 1.100443 -0.000802
v 0.914239 0.913777 0.386257
v 0.796872 1.032007 0.286304
v 0.701105 1.087868 0.153310
v 0.657190 0.505789 0.465231
v 0.396016 0.787878 0.068817
v 0.457826 0.330521 0.509473
v 0.202560 0.596869 0.104882
v 0.576639 0.618792 0.389099
v 0.502134 0.712943 0.300887
v 0.443701 0.764131 0.191253
v 0.248201 0.578028 0.229353
v 0.304951 0.531212 0.341150
v 0.378124 0.440908 0.431646
v 0.546642 0.445764 0.499232
v 0.287845 0.721393 0.099341
v 0.466365 0.557883 0.422491
v 0.392406 0.650421 0.333292
v 0.334685 0.699719 0.222685
v 0.888092 0.793636 0.433501
v 0.548114 0.979191 0.002833
v 0.714829 0.556695 0.503125
v 0.371655 0.751797 0.078392
v 0.783927 0.888642 0.350647
v 0.687156 0.962409 0.254585
v 0.610992 0.986793 0.135755
v 0.436139 0.755479 0.209621
v 0.513418 0.727950 0.326652
v 0.610812 0.651831 0.420836
v 0.784349 0.711823 0.481596
v 0.443363 0.900572 0.053067
v 0.680303 0.806789 0.398985
v 0.583375 0.881299 0.303617
v 0.506842 0.906745 0.185413
v 0.129643 0.610593 0.873120
v 0.282554 0.911413 0.402358
v 0.071507 0.355391 0.723119
v 0.214965 0.663051 0.253016
v 0.123007 0.722290 0.753867
v 0.137529 0.818784 0.633401
v 0.196073 0.877458 0.516584
v 0.131869 0.626054 0.367555
v 0.076335 0.565078 0.484277
v 0.064419 0.467029 0.604255
v 0.070138 0.512181 0.792230
v 0.219785 0.815240 0.321809
v 0.063364 0.623764 0.673184
v 0.076995 0.720719 0.552951
v 0.134511 0.780164 0.436181
v 0.094440 0.317145 0.649900
v 0.222070 0.701465 0.274483
v 0.026341 0.127115 0.471930
v 0.168486 0.499653 0.096689
v 0.086718 0.444757 0.556575
v 0.097847 0.558968 0.461556
v 0.147818 0.640718 0.367353
v 0.090052 0.442738 0.189101
v 0.036122 0.364296 0.283171
v 0.021255 0.252875 0.378371
v 0.036779 0.243592 0.559099
v 0.170445 0.623115 0.183659
v 0.029971 0.370590 0.465666
v 0.042687 0.483640 0.370548
v 0.094395 0.563972 0.276373
v 0.253102 0.678371 1.117533
v 0.371047 1.116260 0.573620
v 0.158095 0.425236 0.933799
v 0.273491 0.864288 0.390694
v 0.231554 0.828394 0.983340
v 0.226774 0.966693 0.846998
v 0.279410 1.058132 0.709608
v 0.183529 0.804710 0.526787
v 0.132287 0.712433 0.663919
v 0.137906 0.573955 0.799808
v 0.163175 0.591299 1.022740
v 0.278820 1.030552 0.479265
v 0.142114 0.740793 0.888677
v 0.136579 0.879374 0.752630
v 0.188302 0.971391 0.615383
v 0.340049 0.950541 1.268627
v 0.463863 1.289236 0.713713
v 0.209195 0.694035 1.098071
v 0.326552 1.034762 0.546056
v 0.315812 1.080223 1.128306
v 0.314253 1.193470 0.986707
v 0.370855 1.257362 0.848708
v 0.238231 0.998862 0.681312
v 0.185457 0.932719 0.818563
v 0.189152 0.819392 0.958655
v 0.228893 0.865641 1.175965
v 0.349770 1.205198 0.622427
v 0.206339 0.993451 1.036133
v 0.203772 1.106702 0.895277
v 0.258768 1.171523 0.757606
v 0.472571 1.076658 1.387155
v 0.572181 1.424368 0.847825
v 0.314829 0.870196 1.222624
v 0.407811 1.219762 0.685774
v 0.444048 1.207313 1.252398
v 0.438976 1.320892 1.115619
v 0.488324 1.387941 0.980498
v 0.327844 1.179988 0.818713
v 0.281684 1.111146 0.953237
v 0.288967 0.997425 1.088714
v 0.351253 1.013950 1.300360
v 0.446878 1.362939 0.762087
v 0.323580 1.143104 1.166006
v 0.317224 1.256810 1.029857
v 0.364987 1.324752 0.894979
v 0.609195 1.254302 1.445997
v 0.677572 1.525600 0.967153
v 0.446516 1.095734 1.321568
v 0.499792 1.369081 0.842064
v 0.581122 1.361270 1.326141
v 0.575252 1.450551 1.204650
v 0.613334 1.500160 1.084896
v 0.440266 1.340482 0.960622
v 0.406480 1.289299 1.080576
v 0.416459 1.200049 1.201813
v 0.492810 1.211008 1.381680
v 0.551965 1.483324 0.901545
v 0.462958 1.316731 1.261646
v 0.454681 1.405901 1.140019
v 0.490355 1.456258 1.019932
v 0.731932 1.397973 1.488933
v 0.805869 1.607253 1.093187
v 0.561160 1.270523 1.381806
v 0.614488 1.480310 0.980707
v 0.712557 1.485988 1.388247
v 0.711420 1.557384 1.287125
v 0.748604 1.592051 1.189164
v 0.562237 1.462770 1.078133
v 0.529976 1.427065 1.177278
v 0.536409 1.356282 1.279727
v 0.612325 1.371259 1.432800
v 0.675105 1.580172 1.033322
v 0.589837 1.457959 1.331071
v 0.585831 1.528806 1.228970
v 0.620436 1.563873 1.130206
v 0.904849 1.465851 1.591301
v 0.933180 1.659668 1.190759
v 0.748760 1.376124 1.546186
v 0.744227 1.569634 1.134644
v 0.880293 1.548527 1.491195
v 0.870486 1.614812 1.389668
v 0.893247 1.646469 1.289639
v 0.711732 1.554221 1.236258
v 0.696573 1.521788 1.338785
v 0.714996 1.456523 1.443205
v 0.797532 1.453424 1.567145
v 0.808174 1.647820 1.160170
v 0.767919 1.535544 1.465482
v 0.753424 1.601515 1.362239
v 0.772148 1.633601 1.260704
v 1.046148 1.549196 1.624999
v 1.018079 1.690890 1.257811
v 0.930038 1.465899 1.629638
v 0.870551 1.626743 1.258394
v 1.017179 1.609642 1.533637
v 0.997628 1.658463 1.441097
v 1.001945 1.681222 1.349146
v 0.861646 1.612930 1.351653
v 0.864828 1.585404 1.444749
v 0.892570 1.531712 1.538118
v 0.965154 1.530960 1.626061
v 0.919724 1.683849 1.256101
v 0.931485 1.594499 1.534431
v 0.907374 1.646112 1.441243
v 0.907554 1.671707 1.348563
v 1.361448 1.738263 1.477771
v 1.058789 1.696893 1.249710
v 1.267451 1.671718 1.615384
v 0.968581 1.625718 1.387548
v 1.276592 1.736374 1.419449
v 1.192731 1.735809 1.362136
v 1.123363 1.719249 1.305836
v 1.032225 1.648940 1.443543
v 1.100631 1.666584 1.499770
v 1.183524 1.668419 1.557038
v 1.292761 1.733150 1.546798
v 0.989411 1.687289 1.316490
v 1.207864 1.730119 1.488000
v 1.123800 1.728322 1.430073
v 1.054228 1.710662 1.373193
v 1.311915 1.755612 1.093852
v 0.920230 1.673696 1.176124
v 1.327043 1.745578 1.242453
v 0.961233 1.642515 1.335513
v 1.194049 1.762895 1.113873
v 1.084163 1.756484 1.133977
v 0.996728 1.722367 1.154875
v 1.031006 1.694748 1.311760
v 1.112106 1.733707 1.288423
v 1.215445 1.745919 1.265430
v 1.298213 1.774828 1.167570
v 0.917574 1.683257 1.255146
v 1.183000 1.778863 1.189041
v 1.075881 1.769715 1.210523
v 0.991167 1.733439 1.232645
v 1.222602 1.728136 0.911807
v 0.797435 1.609541 1.061795
v 1.275403 1.739321 1.090760
v 0.875808 1.618182 1.262006
v 1.087744 1.734117 0.944578
v 0.964887 1.722091 0.979675
v 0.873218 1.674961 1.019486
v 0.944307 1.685633 1.216060
v 1.029692 1.733807 1.171680
v 1.146309 1.745826 1.130489
v 1.220397 1.765881 0.998812
v 0.805971 1.646810 1.159216
v 1.087738 1.772923 1.035084
v 0.967430 1.761162 1.073182
v 0.878498 1.713459 1.115207
v 1.081228 1.663652 0.748235
v 0.675320 1.527099 0.947775
v 1.170656 1.721814 0.950130
v 0.782877 1.583677 1.166848
v 0.946723 1.666163 0.790601
v 0.826330 1.651100 0.837229
v 0.741702 1.598735 0.890690
v 0.843396 1.657942 1.107142
v 0.923289 1.711764 1.050152
v 1.039441 1.726671 0.998529
v 1.092348 1.730183 0.846418
v 0.694029 1.591861 1.053721
v 0.958878 1.733745 0.891378
v 0.840237 1.718378 0.940271
v 0.757724 1.665025 0.995394
v 1.021719 1.550031 0.547461
v 0.540167 1.394758 0.796324
v 1.106282 1.659252 0.759865
v 0.635102 1.498160 1.020797
v 0.866195 1.550733 0.598967
v 0.724491 1.534227 0.656018
v 0.621042 1.476498 0.723334
v 0.710474 1.584332 0.945939
v 0.810211 1.645184 0.875801
v 0.949823 1.663172 0.814829
v 1.029903 1.641037 0.648570
v 0.551376 1.482856 0.902309
v 0.873090 1.643648 0.701212
v 0.731947 1.626276 0.759935
v 0.629953 1.566864 0.828500
v 0.988084 1.420746 0.330388
v 0.443021 1.243433 0.646134
v 1.078717 1.581811 0.571454
v 0.534671 1.398714 0.894279
v 0.814536 1.418201 0.397822
v 0.651641 1.402700 0.469520
v 0.533080 1.338570 0.553936
v 0.619064 1.499977 0.800503
v 0.734807 1.568794 0.713532
v 0.898297 1.586166 0.638956
v 0.992301 1.541849 0.444417
v 0.446165 1.362362 0.763008
v 0.814543 1.543226 0.511365
v 0.650905 1.527055 0.584236
v 0.533582 1.460547 0.669939
v 0.869357 1.249510 0.139253
v 0.352673 1.059888 0.504275
v 0.953363 1.458646 0.383457
v 0.437693 1.262862 0.753444
v 0.699914 1.246232 0.219797
v 0.541340 1.230032 0.304130
v 0.431537 1.161514 0.400382
v 0.511503 1.369923 0.648252
v 0.618699 1.442782 0.549906
v 0.777670 1.461033 0.463378
v 0.865320 1.397317 0.255906
v 0.349044 1.204607 0.623490
v 0.692328 1.397425 0.335939
v 0.533494 1.380261 0.421358
v 0.425170 1.309283 0.518795
v 0.834014 1.010919 -0.020575
v 0.289933 0.872941 0.380808
v 0.889415 1.249675 0.192413
v 0.346981 1.107016 0.596918
v 0.661212 1.018821 0.066671
v 0.497169 1.015323 0.158391
v 0.377751 0.961381 0.265111
v 0.430976 1.199510 0.480294
v 0.548299 1.256670 0.372140
v 0.712560 1.261413 0.279104
v 0.822220 1.169199 0.077625
v 0.278116 1.029912 0.480239
v 0.647228 1.179268 0.164484
v 0.482849 1.175511 0.256693
v 0.364317 1.120151 0.364072
v 0.646035 0.809577 -0.158324
v 0.220443 0.658559 0.217279
v 0.697534 1.074823 0.054455
v 0.279379 0.914326 0.433339
v 0.503976 0.811392 -0.074059
v 0.374814 0.797030 0.015410
v 0.285022 0.740969 0.113587
v 0.340406 1.000341 0.328935
v 0.427592 1.059559 0.229760
v 0.555105 1.076549 0.139076
v 0.639561 0.972063 -0.054836
v 0.219125 0.814731 0.322803
v 0.497406 0.973763 0.029607
v 0.369428 0.957672 0.119803
v 0.281411 0.899503 0.218619
v 0.548586 0.618751 -0.205654
v 0.168706 0.495931 0.093268
v 0.578403 0.846738 -0.019372
v 0.213797 0.706673 0.284229
v 0.424434 0.621095 -0.140286
v 0.312849 0.607559 -0.069374
v 0.231403 0.561579 0.009708
v 0.271303 0.777458 0.199751
v 0.348419 0.828141 0.119513
v 0.456517 0.845954 0.047218
v 0.541888 0.754218 -0.116893
v 0.169919 0.622556 0.184368
v 0.418899 0.755040 -0.050976
v 0.309169 0.739277 0.020627
v 0.229987 0.690839 0.100312
v 0.284885 0.205053 0.327974
v -0.063342 0.434206 0.054158
v 0.127940 0.310134 0.555778
v -0.225148 0.516707 0.277596
v 0.207545 0.305552 0.267883
v 0.124352 0.386443 0.203088
v 0.032784 0.423730 0.130794
v -0.128112 0.513465 0.355232
v -0.035354 0.482467 0.428641
v 0.049297 0.406937 0.494659
v 0.210767 0.287775 0.446034
v -0.139886 0.505286 0.170017
v 0.132844 0.386427 0.385472
v 0.048925 0.464495 0.320058
v -0.043264 0.498494 0.247182
v 0.268462 0.236726 0.544488
v -0.163348 0.484673 0.232919
v 0.091525 0.345448 0.818632
v -0.343759 0.581744 0.504214
v 0.170513 0.350997 0.476424
v 0.067048 0.445228 0.403558
v -0.045341 0.482943 0.321154
v -0.225037 0.585019 0.593194
v -0.111598 0.551286 0.676486
v -0.006824 0.459959 0.750335
v 0.182667 0.334750 0.686558
v -0.251288 0.574776 0.373186
v 0.084519 0.449028 0.618372
v -0.019724 0.541270 0.544905
v -0.132784 0.576297 0.461926
v 0.173181 0.199139 0.834932
v -0.295096 0.550155 0.469318
v -0.006364 0.289184 1.090065
v -0.478053 0.636055 0.722097
v 0.069723 0.341819 0.754474
v -0.038454 0.470626 0.670560
v -0.162157 0.533395 0.574034
v -0.344165 0.624787 0.827731
v -0.218923 0.565633 0.925425
v -0.109289 0.437408 1.010272
v 0.091614 0.299131 0.969777
v -0.378022 0.649372 0.603279
v -0.011459 0.444864 0.889742
v -0.120183 0.573780 0.805498
v -0.244595 0.634987 0.708440
v 0.044097 0.306550 1.070557
v -0.390840 0.605956 0.673888
v -0.166473 0.355365 1.322962
v -0.606866 0.650228 0.922654
v -0.053569 0.440116 0.982065
v -0.155217 0.557222 0.890010
v -0.269109 0.603904 0.785774
v -0.483803 0.655483 1.035804
v -0.367651 0.613503 1.141718
v -0.263573 0.497326 1.235328
v -0.056019 0.393706 1.204168
v -0.493774 0.690915 0.805628
v -0.153190 0.532142 1.116277
v -0.256041 0.648870 1.023456
v -0.371213 0.692885 0.918270
v -0.114389 0.306245 1.304722
v -0.502253 0.636974 0.894344
v -0.326259 0.321616 1.521849
v -0.721629 0.647974 1.108449
v -0.199441 0.443864 1.212526
v -0.288971 0.565167 1.116685
v -0.391607 0.621785 1.009187
v -0.609365 0.640999 1.224717
v -0.503999 0.589467 1.333982
v -0.411363 0.468843 1.431247
v -0.213879 0.371137 1.421242
v -0.604898 0.701398 1.008917
v -0.298474 0.514475 1.329700
v -0.389311 0.635962 1.233065
v -0.493344 0.690155 1.124559
v -0.311844 0.349747 1.459918
v -0.624608 0.643429 1.094045
v -0.501496 0.340336 1.627666
v -0.825731 0.621933 1.264868
v -0.378921 0.475022 1.378384
v -0.451862 0.578896 1.291801
v -0.535335 0.627403 1.195648
v -0.734714 0.613003 1.366586
v -0.648507 0.569398 1.462694
v -0.571748 0.468174 1.548686
v -0.401333 0.394097 1.552638
v -0.718912 0.683516 1.186889
v -0.469464 0.521509 1.472062
v -0.544094 0.624384 1.385351
v -0.628828 0.670697 1.288869
v -0.492142 0.363480 1.615048
v -0.746260 0.607942 1.300587
v -0.676305 0.320472 1.743017
v -0.945688 0.548926 1.440259
v -0.547796 0.472988 1.545743
v -0.608057 0.560675 1.471076
v -0.675297 0.597384 1.388050
v -0.872466 0.544718 1.526070
v -0.802074 0.512779 1.607017
v -0.737334 0.428552 1.678381
v -0.581024 0.391189 1.689359
v -0.842216 0.628289 1.378992
v -0.639025 0.500415 1.621876
v -0.701374 0.586453 1.548307
v -0.770142 0.620831 1.465951
v -0.632322 0.282949 1.772417
v -0.837544 0.554659 1.454006
v -0.802595 0.242642 1.838141
v -1.026442 0.491656 1.535551
v -0.678156 0.394993 1.704287
v -0.726949 0.486717 1.628946
v -0.780871 0.532506 1.544064
v -0.966717 0.476679 1.622507
v -0.908822 0.436696 1.703935
v -0.854655 0.350164 1.774778
v -0.714590 0.304857 1.814266
v -0.929043 0.567347 1.503195
v -0.763546 0.415661 1.748772
v -0.815012 0.505405 1.675554
v -0.870898 0.548592 1.592113
v -0.800118 0.222522 1.872740
v -0.931000 0.490110 1.593165
v -0.946553 0.201012 1.895230
v -1.087646 0.435006 1.615160
v -0.831436 0.321848 1.813580
v -0.863454 0.406687 1.748027
v -0.896852 0.457095 1.673266
v -1.051346 0.409582 1.693879
v -1.015684 0.367199 1.768522
v -0.980876 0.291127 1.834538
v -0.872410 0.243201 1.891116
v -1.008407 0.496064 1.610927
v -0.905228 0.338442 1.831088
v -0.938611 0.419406 1.765133
v -0.973165 0.466316 1.690385
v -1.176445 0.163501 1.943758
v -0.986863 0.389733 1.702504
v -1.329381 0.197589 1.856298
v -1.140117 0.418034 1.613540
v -1.127819 0.232486 1.884748
v -1.079948 0.301418 1.827525
v -1.033262 0.349217 1.765949
v -1.186393 0.378781 1.677126
v -1.232992 0.332399 1.739007
v -1.280785 0.264996 1.796687
v -1.252409 0.214602 1.910190
v -1.061152 0.438816 1.664597
v -1.203438 0.282963 1.850168
v -1.155112 0.351351 1.791746
v -1.107989 0.398685 1.729084
v -1.374949 0.304978 1.631644
v -0.999754 0.419024 1.675399
v -1.400471 0.350201 1.498433
v -1.022511 0.501010 1.538871
v -1.281217 0.365920 1.650102
v -1.186572 0.412448 1.664474
v -1.092780 0.424364 1.671746
v -1.117126 0.498021 1.536337
v -1.211772 0.477212 1.529724
v -1.306901 0.421174 1.516283
v -1.386377 0.359915 1.570446
v -1.009065 0.494647 1.612784
v -1.292544 0.426481 1.588642
v -1.197436 0.478355 1.602533
v -1.103055 0.495299 1.609592
v -1.365191 0.371457 1.478239
v -0.945609 0.471069 1.591506
v -1.346362 0.446444 1.309501
v -0.919361 0.572758 1.401957
v -1.259998 0.442034 1.515825
v -1.153598 0.491096 1.548531
v -1.048953 0.493457 1.572401
v -1.024867 0.587760 1.385764
v -1.131272 0.578727 1.366019
v -1.239526 0.523215 1.339525
v -1.353811 0.451699 1.402829
v -0.929650 0.566131 1.505418
v -1.247663 0.526084 1.436823
v -1.140089 0.578799 1.466322
v -1.034331 0.584717 1.487989
v -1.289184 0.474173 1.308949
v -0.867950 0.545771 1.461642
v -1.214560 0.540381 1.092314
v -0.790128 0.629099 1.232747
v -1.182312 0.543690 1.353727
v -1.074866 0.588709 1.395599
v -0.970443 0.581097 1.430508
v -0.893778 0.658961 1.202838
v -0.998969 0.661947 1.170106
v -1.107109 0.612967 1.131976
v -1.248978 0.556736 1.210271
v -0.825255 0.637246 1.355689
v -1.141537 0.628030 1.252045
v -1.033482 0.675074 1.291678
v -0.928491 0.669805 1.325304
v -1.274748 0.490500 1.116402
v -0.765347 0.604800 1.303528
v -1.185467 0.532324 0.876880
v -0.676772 0.660077 1.056850
v -1.147816 0.578598 1.168583
v -1.018827 0.638384 1.219109
v -0.891176 0.639288 1.263344
v -0.803250 0.688878 1.016963
v -0.930818 0.683568 0.973969
v -1.059123 0.620475 0.925800
v -1.227869 0.560931 1.005054
v -0.718046 0.683330 1.187492
v -1.101079 0.649746 1.055183
v -0.972218 0.711422 1.104211
v -0.844409 0.714721 1.147610
v -1.249630 0.498552 0.886207
v -0.669062 0.633652 1.143869
v -1.125254 0.509247 0.605145
v -0.547632 0.650749 0.860842
v -1.105500 0.601221 0.954977
v -0.958734 0.674935 1.023247
v -0.812864 0.677268 1.085736
v -0.691647 0.689247 0.802301
v -0.836784 0.683293 0.740120
v -0.982046 0.607735 0.672820
v -1.183095 0.562126 0.753109
v -0.603852 0.701179 1.009656
v -1.039434 0.663218 0.821222
v -0.893412 0.738031 0.888945
v -0.747853 0.742167 0.951275
v -1.159602 0.534803 0.691021
v -0.562053 0.645364 0.953103
v -1.031766 0.494547 0.384354
v -0.437543 0.611464 0.644772
v -1.009625 0.633555 0.760664
v -0.857762 0.704336 0.829983
v -0.708624 0.699008 0.893694
v -0.584310 0.658948 0.584868
v -0.732548 0.659873 0.521444
v -0.882706 0.587348 0.453070
v -1.088556 0.577283 0.545083
v -0.492585 0.690696 0.806366
v -0.939087 0.673563 0.614262
v -0.788063 0.745148 0.683113
v -0.639319 0.741657 0.746694
v -1.048093 0.449353 0.399938
v -0.451525 0.622494 0.739979
v -0.903130 0.382320 0.114711
v -0.307505 0.558189 0.454336
v -0.901741 0.557696 0.488380
v -0.752757 0.645635 0.576750
v -0.601716 0.659634 0.660406
v -0.457779 0.593122 0.374578
v -0.608509 0.577507 0.291016
v -0.756975 0.488794 0.202918
v -0.972956 0.473405 0.264180
v -0.376917 0.649199 0.604056
v -0.826738 0.581041 0.352497
v -0.678097 0.669750 0.440702
v -0.527230 0.684825 0.524316
v -0.640478 0.377073 -0.050577
v -0.215199 0.507175 0.276747
v -0.491723 0.325049 -0.268723
v -0.066353 0.436486 0.057526
v -0.535472 0.460163 0.033828
v -0.428246 0.520168 0.118081
v -0.321217 0.529673 0.198757
v -0.171949 0.464627 -0.019862
v -0.278908 0.460270 -0.100183
v -0.386407 0.404923 -0.184322
v -0.564492 0.382802 -0.156280
v -0.139070 0.505204 0.170666
v -0.459351 0.464793 -0.071858
v -0.351983 0.522835 0.012363
v -0.244951 0.530102 0.092905
v -0.826451 0.515275 0.238373
v -0.313100 0.578169 0.499152
v -0.711221 0.416385 -0.022302
v -0.198782 0.490930 0.238622
v -0.697380 0.588755 0.306802
v -0.566514 0.636217 0.375033
v -0.438673 0.625778 0.438783
v -0.324634 0.534008 0.177806
v -0.452311 0.540661 0.113927
v -0.582588 0.490189 0.045877
v -0.763093 0.507719 0.113082
v -0.250182 0.574561 0.373830
v -0.634253 0.581240 0.181372
v -0.503661 0.629687 0.249493
v -0.375892 0.620533 0.313276
vt 0.198290 0.313701
vt 0.203518 0.120566
vt 0.362710 0.124875
vt 0.357481 0.318011
vt 0.182604 0.893109
vt 0.187832 0.699973
vt 0.347024 0.704283
vt 0.341795 0.897419
vt 0.193061 0.506837
vt 0.352252 0.511147
vt 0.033870 0.502528
vt 0.039098 0.309392
vt 0.028641 0.695663
vt 0.023412 0.888799
vt 0.044327 0.116256
vt 0.190323 0.310952
vt 0.203087 0.118168
vt 0.361989 0.128689
vt 0.349225 0.321473
vt 0.152031 0.889306
vt 0.164795 0.696521
vt 0.323697 0.707042
vt 0.310933 0.899827
vt 0.177559 0.503737
vt 0.336461 0.514258
vt 0.018657 0.493216
vt 0.031421 0.300432
vt 0.005893 0.686001
vt -0.006871 0.878785
vt 0.044186 0.107647
vt 0.819790 0.301403
vt 0.827990 0.108371
vt 0.987096 0.115130
vt 0.978896 0.308162
vt 0.795189 0.880501
vt 0.803389 0.687468
vt 0.962495 0.694227
vt 0.954295 0.887260
vt 0.811589 0.494436
vt 0.970695 0.501195
vt 0.652483 0.487677
vt 0.660684 0.294644
vt 0.644283 0.680709
vt 0.636082 0.873742
vt 0.668884 0.101612
vt 0.821648 0.299804
vt 0.828605 0.106723
vt 0.987752 0.112458
vt 0.980794 0.305539
vt 0.800774 0.879048
vt 0.807732 0.685967
vt 0.966878 0.691702
vt 0.959921 0.884783
vt 0.814690 0.492885
vt 0.973836 0.498620
vt 0.655543 0.487151
vt 0.662501 0.294069
vt 0.648586 0.680232
vt 0.641628 0.873313
vt 0.669459 0.100988
vt 0.498450 0.313631
vt 0.498450 0.120424
vt 0.657699 0.120424
vt 0.657699 0.313631
vt 0.498450 0.893250
vt 0.498450 0.700044
vt 0.657699 0.700044
vt 0.657699 0.893250
vt 0.498450 0.506837
vt 0.657699 0.506837
vt 0.339200 0.506837
vt 0.339200 0.313631
vt 0.339200 0.700044
vt 0.339200 0.893250
vt 0.339200 0.120424
vt 0.505500 0.303616
vt 0.519330 0.110905
vt 0.678171 0.122304
vt 0.664341 0.315015
vt 0.464012 0.881749
vt 0.477841 0.689038
vt 0.636683 0.700437
vt 0.622853 0.893148
vt 0.491671 0.496327
vt 0.650512 0.507726
vt 0.332830 0.484928
vt 0.346659 0.292217
vt 0.319000 0.677639
vt 0.305171 0.870350
vt 0.360489 0.099506
vt 0.828642 0.290378
vt 0.828642 0.097171
vt 0.987891 0.097171
vt 0.987891 0.290378
vt 0.828642 0.869998
vt 0.828642 0.676791
vt 0.987891 0.676791
vt 0.987891 0.869998
vt 0.828642 0.483584
vt 0.987891 0.483584
vt 0.669392 0.483584
vt 0.669392 0.290378
vt 0.669392 0.676791
vt 0.669392 0.869998
vt 0.669392 0.097171
vt 0.819950 0.295467
vt 0.832962 0.102699
vt 0.991850 0.113424
vt 0.978838 0.306192
vt 0.780916 0.873771
vt 0.793927 0.681003
vt 0.952815 0.691728
vt 0.939804 0.884495
vt 0.806939 0.488235
vt 0.965827 0.498960
vt 0.648051 0.477510
vt 0.661062 0.284742
vt 0.635039 0.670278
vt 0.622028 0.863046
vt 0.674074 0.091974
vt 0.501594 0.311429
vt 0.515424 0.118718
vt 0.674265 0.130117
vt 0.660435 0.322828
vt 0.460106 0.889562
vt 0.473935 0.696851
vt 0.632776 0.708250
vt 0.618947 0.900961
vt 0.487765 0.504140
vt 0.646606 0.515539
vt 0.328923 0.492741
vt 0.342753 0.300030
vt 0.315094 0.685452
vt 0.301265 0.878163
vt 0.356582 0.107319
vt 0.497688 0.313382
vt 0.511517 0.120671
vt 0.670358 0.132070
vt 0.656529 0.324781
vt 0.456199 0.891515
vt 0.470029 0.698804
vt 0.628870 0.710203
vt 0.615041 0.902914
vt 0.483858 0.506093
vt 0.642700 0.517492
vt 0.325017 0.494694
vt 0.338847 0.301983
vt 0.311188 0.687405
vt 0.297358 0.880116
vt 0.352676 0.109272
vt 0.505500 0.307522
vt 0.519330 0.114811
vt 0.678171 0.126210
vt 0.664341 0.318921
vt 0.464012 0.885656
vt 0.477841 0.692945
vt 0.636683 0.704343
vt 0.622853 0.897054
vt 0.491671 0.500234
vt 0.650512 0.511632
vt 0.332830 0.488835
vt 0.346659 0.296124
vt 0.319000 0.681546
vt 0.305171 0.874257
vt 0.360489 0.103413
vt 0.511360 0.311429
vt 0.525189 0.118718
vt 0.684030 0.130117
vt 0.670201 0.322828
vt 0.469871 0.889562
vt 0.483701 0.696851
vt 0.642542 0.708250
vt 0.628713 0.900961
vt 0.497530 0.504140
vt 0.656371 0.515539
vt 0.338689 0.492741
vt 0.352519 0.300030
vt 0.324860 0.685452
vt 0.311030 0.878163
vt 0.366348 0.107319
vt 0.493782 0.311429
vt 0.507611 0.118718
vt 0.666452 0.130117
vt 0.652623 0.322828
vt 0.452293 0.889562
vt 0.466123 0.696851
vt 0.624964 0.708250
vt 0.611135 0.900961
vt 0.479952 0.504140
vt 0.638793 0.515539
vt 0.321111 0.492741
vt 0.334940 0.300030
vt 0.307281 0.685452
vt 0.293452 0.878163
vt 0.348770 0.107319
vt 0.501594 0.315335
vt 0.515424 0.122624
vt 0.674265 0.134023
vt 0.660435 0.326734
vt 0.460106 0.893468
vt 0.473935 0.700757
vt 0.632776 0.712156
vt 0.618947 0.904867
vt 0.487765 0.508046
vt 0.646606 0.519445
vt 0.328923 0.496647
vt 0.342753 0.303936
vt 0.315094 0.689358
vt 0.301265 0.882069
vt 0.356582 0.111225
vt 0.507453 0.315335
vt 0.521283 0.122624
vt 0.680124 0.134023
vt 0.666295 0.326734
vt 0.465965 0.893468
vt 0.479795 0.700757
vt 0.638636 0.712156
vt 0.624806 0.904867
vt 0.493624 0.508046
vt 0.652465 0.519445
vt 0.334783 0.496647
vt 0.348612 0.303936
vt 0.320953 0.689358
vt 0.307124 0.882069
vt 0.362442 0.111225
vt 0.499641 0.305569
vt 0.513470 0.112858
vt 0.672312 0.124257
vt 0.658482 0.316968
vt 0.458153 0.883702
vt 0.471982 0.690991
vt 0.630823 0.702390
vt 0.616994 0.895101
vt 0.485812 0.498280
vt 0.644653 0.509679
vt 0.326970 0.486882
vt 0.340800 0.294170
vt 0.313141 0.679593
vt 0.299311 0.872304
vt 0.354629 0.101460
vt 0.487922 0.305569
vt 0.501752 0.112858
vt 0.660593 0.124257
vt 0.646763 0.316968
vt 0.446434 0.883702
vt 0.460263 0.690991
vt 0.619105 0.702390
vt 0.605275 0.895101
vt 0.474093 0.498280
vt 0.632934 0.509679
vt 0.315252 0.486882
vt 0.329081 0.294170
vt 0.301422 0.679593
vt 0.287593 0.872304
vt 0.342910 0.101460
vt 0.508995 0.304800
vt 0.521759 0.112016
vt 0.680660 0.122537
vt 0.667896 0.315321
vt 0.470702 0.883154
vt 0.483466 0.690369
vt 0.642368 0.700890
vt 0.629604 0.893675
vt 0.496231 0.497585
vt 0.655132 0.508106
vt 0.337329 0.487064
vt 0.350093 0.294280
vt 0.324565 0.679849
vt 0.311801 0.872633
vt 0.362857 0.101495
vt 0.809556 0.283917
vt 0.820801 0.091038
vt 0.979780 0.100306
vt 0.968536 0.293185
vt 0.775822 0.862554
vt 0.787067 0.669675
vt 0.946047 0.678943
vt 0.934802 0.871823
vt 0.798311 0.476796
vt 0.957291 0.486064
vt 0.639332 0.467528
vt 0.650576 0.274649
vt 0.628087 0.660407
vt 0.616843 0.853286
vt 0.661821 0.081769
vt 0.492508 0.305267
vt 0.501158 0.112255
vt 0.660248 0.119384
vt 0.651598 0.312397
vt 0.466559 0.884306
vt 0.475209 0.691293
vt 0.634299 0.698423
vt 0.625649 0.891436
vt 0.483858 0.498280
vt 0.642948 0.505410
vt 0.324768 0.491151
vt 0.333418 0.298138
vt 0.316119 0.684164
vt 0.307469 0.877177
vt 0.342068 0.105125
vt 0.492999 0.310952
vt 0.505764 0.118168
vt 0.664665 0.128689
vt 0.651901 0.321473
vt 0.454707 0.889306
vt 0.467471 0.696521
vt 0.626373 0.707042
vt 0.613609 0.899827
vt 0.480235 0.503737
vt 0.639137 0.514258
vt 0.321334 0.493216
vt 0.334098 0.300432
vt 0.308570 0.686001
vt 0.295805 0.878785
vt 0.346862 0.107647
vt 0.505500 0.313382
vt 0.519330 0.120671
vt 0.678171 0.132070
vt 0.664341 0.324781
vt 0.464012 0.891515
vt 0.477841 0.698804
vt 0.636683 0.710203
vt 0.622853 0.902914
vt 0.491671 0.506093
vt 0.650512 0.517492
vt 0.332830 0.494694
vt 0.346659 0.301983
vt 0.319000 0.687405
vt 0.305171 0.880116
vt 0.360489 0.109272
vt 0.491828 0.317288
vt 0.505658 0.124577
vt 0.664499 0.135976
vt 0.650670 0.328687
vt 0.450340 0.895421
vt 0.464170 0.702710
vt 0.623011 0.714109
vt 0.609181 0.906820
vt 0.477999 0.509999
vt 0.636840 0.521398
vt 0.319158 0.498600
vt 0.332987 0.305889
vt 0.305328 0.691311
vt 0.291499 0.884022
vt 0.346817 0.113178
vt 0.501594 0.295804
vt 0.515424 0.103093
vt 0.674265 0.114492
vt 0.660435 0.307203
vt 0.460106 0.873937
vt 0.473935 0.681226
vt 0.632776 0.692625
vt 0.618947 0.885336
vt 0.487765 0.488515
vt 0.646606 0.499914
vt 0.328923 0.477116
vt 0.342753 0.284405
vt 0.315094 0.669827
vt 0.301265 0.862538
vt 0.356582 0.091694
vt 0.805262 0.277935
vt 0.814166 0.084934
vt 0.973247 0.092273
vt 0.964343 0.285274
vt 0.778550 0.856939
vt 0.787454 0.663938
vt 0.946535 0.671277
vt 0.937631 0.864278
vt 0.796358 0.470937
vt 0.955439 0.478276
vt 0.637278 0.463598
vt 0.646182 0.270596
vt 0.628374 0.656599
vt 0.619470 0.849600
vt 0.655086 0.077595
vt 0.497688 0.315335
vt 0.511517 0.122624
vt 0.670358 0.134023
vt 0.656529 0.326734
vt 0.456199 0.893468
vt 0.470029 0.700757
vt 0.628870 0.712156
vt 0.615041 0.904867
vt 0.483858 0.508046
vt 0.642700 0.519445
vt 0.325017 0.496647
vt 0.338847 0.303936
vt 0.311188 0.689358
vt 0.297358 0.882069
vt 0.352676 0.111225
vt 0.495735 0.309476
vt 0.509564 0.116765
vt 0.668405 0.128163
vt 0.654576 0.320874
vt 0.454246 0.887609
vt 0.468076 0.694898
vt 0.626917 0.706297
vt 0.613088 0.899008
vt 0.481905 0.502187
vt 0.640746 0.513586
vt 0.323064 0.490788
vt 0.336894 0.298077
vt 0.309235 0.683499
vt 0.295405 0.876210
vt 0.350723 0.105366
vt 0.000000 0.000000
vn -0.427400 0.873400 0.233300
vn -0.335800 0.898100 0.283800
vn -0.236900 0.963700 0.122700
vn -0.336900 0.938400 0.076200
vn -0.832400 0.553500 -0.026200
vn -0.787800 0.615800 -0.010300
vn -0.726800 0.667300 -0.162400
vn -0.770800 0.606800 -0.194100
vn -0.637800 0.762900 0.105400
vn -0.563200 0.824700 -0.050800
vn -0.705000 0.660500 0.258400
vn -0.504300 0.771100 0.388700
vn -0.833400 0.535400 0.137100
vn -0.860500 0.498400 0.105800
vn -0.418600 0.800500 0.428800
vn -0.374900 0.892800 0.249600
vn -0.272400 0.911000 0.309400
vn -0.164400 0.980200 0.110400
vn -0.280000 0.958300 0.056600
vn -0.815500 0.578500 -0.015400
vn -0.773500 0.633700 -0.002700
vn -0.709700 0.679200 -0.187100
vn -0.749400 0.626300 -0.214800
vn -0.612000 0.782600 0.113400
vn -0.537000 0.839800 -0.079100
vn -0.682100 0.667500 0.298500
vn -0.456000 0.774800 0.437800
vn -0.816400 0.550300 0.175100
vn -0.841300 0.520200 0.146500
vn -0.359700 0.800100 0.480000
vn -0.451900 0.877000 0.163300
vn -0.339600 0.910700 0.235000
vn -0.183200 0.982100 -0.044300
vn -0.304500 0.946100 -0.109700
vn -0.840400 0.531300 -0.107200
vn -0.813100 0.572500 -0.105000
vn -0.703500 0.616900 -0.352800
vn -0.725900 0.579400 -0.370500
vn -0.681600 0.731600 0.008900
vn -0.561100 0.786100 -0.259000
vn -0.770700 0.579900 0.263900
vn -0.558400 0.709300 0.430100
vn -0.869000 0.473900 0.142100
vn -0.881600 0.456300 0.120600
vn -0.458000 0.744800 0.485200
vn -0.331400 0.938900 0.093000
vn -0.216000 0.961100 0.172200
vn -0.008400 0.992400 -0.122500
vn -0.128000 0.972100 -0.196300
vn -0.776000 0.583300 -0.240000
vn -0.743900 0.631600 -0.218200
vn -0.586900 0.658100 -0.471600
vn -0.617000 0.615200 -0.490800
vn -0.584700 0.806900 -0.083900
vn -0.413300 0.832400 -0.369000
vn -0.732400 0.654100 0.188700
vn -0.496100 0.782100 0.377000
vn -0.846900 0.530000 0.041500
vn -0.862000 0.506800 0.013100
vn -0.390400 0.810600 0.436500
vn -0.345900 0.938000 -0.023700
vn -0.236800 0.970100 0.053200
vn -0.001000 0.973400 -0.229100
vn -0.108800 0.946600 -0.303300
vn -0.735800 0.570800 -0.364500
vn -0.710500 0.619900 -0.333000
vn -0.523300 0.636700 -0.566300
vn -0.552600 0.594900 -0.583600
vn -0.571300 0.795800 -0.200700
vn -0.364900 0.802900 -0.471400
vn -0.749300 0.659200 0.063500
vn -0.540500 0.800500 0.258900
vn -0.846000 0.526400 -0.084400
vn -0.858500 0.499700 -0.115300
vn -0.440000 0.836100 0.327400
vn -0.291100 0.950500 -0.108600
vn -0.191000 0.980800 -0.039400
vn 0.057900 0.952600 -0.298700
vn -0.035100 0.929900 -0.366000
vn -0.683800 0.573000 -0.451700
vn -0.651500 0.636200 -0.413300
vn -0.445600 0.643800 -0.622000
vn -0.485900 0.596800 -0.638500
vn -0.504100 0.816900 -0.280200
vn -0.273100 0.804500 -0.527500
vn -0.709400 0.704000 -0.032000
vn -0.509100 0.845900 0.159000
vn -0.817500 0.545700 -0.183800
vn -0.836600 0.502000 -0.219300
vn -0.416500 0.880400 0.226800
vn -0.182800 0.970600 -0.156700
vn -0.085100 0.992100 -0.091600
vn 0.167800 0.931100 -0.324000
vn 0.086300 0.917300 -0.388600
vn -0.603700 0.599900 -0.525000
vn -0.568800 0.665600 -0.483000
vn -0.343400 0.660100 -0.668100
vn -0.388700 0.616400 -0.684700
vn -0.403100 0.850200 -0.338600
vn -0.152200 0.812000 -0.563400
vn -0.637000 0.762900 -0.110700
vn -0.423400 0.901500 0.089700
vn -0.764700 0.584700 -0.270700
vn -0.789900 0.531700 -0.305400
vn -0.332200 0.930100 0.156700
vn -0.187400 0.961500 -0.200800
vn -0.106600 0.985000 -0.135800
vn 0.188500 0.927700 -0.322200
vn 0.117400 0.915300 -0.385200
vn -0.537500 0.627300 -0.563500
vn -0.505300 0.685300 -0.524400
vn -0.251600 0.694500 -0.674000
vn -0.295500 0.656700 -0.693800
vn -0.367100 0.848900 -0.380200
vn -0.083400 0.823800 -0.560600
vn -0.632200 0.750500 -0.192300
vn -0.465600 0.884900 0.001800
vn -0.731700 0.589500 -0.342100
vn -0.753800 0.540900 -0.372900
vn -0.389800 0.918300 0.068600
vn -0.157000 0.958000 -0.239700
vn -0.104200 0.977700 -0.182200
vn 0.232800 0.925200 -0.299600
vn 0.179100 0.917800 -0.354400
vn -0.426200 0.698600 -0.574600
vn -0.393800 0.743100 -0.540900
vn -0.102800 0.761700 -0.639600
vn -0.142900 0.734600 -0.663200
vn -0.286000 0.869400 -0.402900
vn 0.031500 0.853900 -0.519500
vn -0.586700 0.762900 -0.271400
vn -0.472800 0.875300 -0.101700
vn -0.661500 0.633200 -0.401800
vn -0.682700 0.593400 -0.426200
vn -0.419100 0.906800 -0.045400
vn -0.215100 0.956000 -0.199500
vn -0.224500 0.958900 -0.173600
vn 0.118900 0.992600 -0.026200
vn 0.126800 0.990500 -0.053000
vn -0.121200 0.900200 -0.418200
vn -0.123100 0.905400 -0.406200
vn 0.192500 0.946800 -0.257800
vn 0.194100 0.943800 -0.267600
vn -0.168500 0.936400 -0.307800
vn 0.164900 0.971900 -0.167900
vn -0.470000 0.771600 -0.428600
vn -0.525700 0.787300 -0.322100
vn -0.422400 0.750600 -0.508000
vn -0.418400 0.747200 -0.516300
vn -0.536700 0.789900 -0.296700
vn -0.220300 0.955300 -0.197200
vn -0.305400 0.929600 -0.206400
vn -0.202200 0.969800 0.135900
vn -0.113200 0.983400 0.141800
vn 0.308500 0.932900 -0.185900
vn 0.242300 0.950100 -0.196400
vn 0.337300 0.934900 0.110200
vn 0.386500 0.915200 0.114000
vn 0.018100 0.979600 -0.199800
vn 0.134600 0.982800 0.126200
vn -0.061100 0.857400 -0.511000
vn -0.295500 0.803800 -0.516300
vn 0.149600 0.865000 -0.478900
vn 0.204200 0.863900 -0.460300
vn -0.368600 0.771400 -0.518700
vn -0.248000 0.940400 -0.232400
vn -0.350700 0.901000 -0.255200
vn -0.331500 0.939300 0.088300
vn -0.225600 0.968400 0.106500
vn 0.380700 0.912600 -0.149200
vn 0.304200 0.939600 -0.156600
vn 0.332400 0.932000 0.144000
vn 0.394900 0.906200 0.151000
vn 0.038900 0.979600 -0.197200
vn 0.078400 0.988200 0.131800
vn 0.040000 0.859800 -0.509000
vn -0.241000 0.798000 -0.552300
vn 0.280600 0.855300 -0.435600
vn 0.338200 0.847500 -0.409100
vn -0.329000 0.759600 -0.561000
vn -0.287500 0.936200 -0.201800
vn -0.396100 0.887100 -0.237000
vn -0.435700 0.893500 0.108600
vn -0.327000 0.934800 0.138500
vn 0.399100 0.915700 -0.047000
vn 0.314200 0.947500 -0.059300
vn 0.289600 0.927200 0.237600
vn 0.359400 0.900100 0.246200
vn 0.024100 0.991100 -0.130400
vn 0.004400 0.979400 0.201900
vn 0.089100 0.890000 -0.447100
vn -0.217400 0.821800 -0.526700
vn 0.346000 0.874100 -0.340800
vn 0.405000 0.860700 -0.308600
vn -0.312300 0.779000 -0.543600
vn -0.229400 0.965400 -0.123800
vn -0.347300 0.924400 -0.157700
vn -0.388400 0.900600 0.194800
vn -0.274200 0.934700 0.226200
vn 0.418000 0.907900 0.030200
vn 0.338500 0.940800 0.017400
vn 0.297000 0.903000 0.310400
vn 0.359700 0.878700 0.313700
vn 0.073100 0.996100 -0.049600
vn 0.042200 0.957300 0.285800
vn 0.146100 0.917100 -0.370900
vn -0.155700 0.872500 -0.463100
vn 0.384000 0.883700 -0.267400
vn 0.440500 0.866000 -0.236700
vn -0.262900 0.832300 -0.487900
vn -0.255700 0.966600 -0.013500
vn -0.384900 0.921400 -0.052900
vn -0.438900 0.847900 0.297400
vn -0.319900 0.885000 0.338100
vn 0.387100 0.907400 0.163600
vn 0.320800 0.935500 0.147600
vn 0.244700 0.868700 0.430600
vn 0.294500 0.853300 0.430200
vn 0.060900 0.995100 0.078100
vn 0.005800 0.911700 0.410700
vn 0.165700 0.955000 -0.245900
vn -0.157600 0.918600 -0.362300
vn 0.398100 0.906400 -0.141400
vn 0.447800 0.886500 -0.116500
vn -0.279900 0.873600 -0.398100
vn -0.332400 0.936900 0.108200
vn -0.461500 0.883900 0.074900
vn -0.487900 0.774200 0.403000
vn -0.376000 0.813100 0.444300
vn 0.317800 0.906000 0.279600
vn 0.259100 0.930800 0.257800
vn 0.178000 0.832800 0.524100
vn 0.220900 0.824200 0.521400
vn -0.007900 0.980300 0.197300
vn -0.053400 0.856100 0.513900
vn 0.092700 0.988600 -0.118900
vn -0.249500 0.939800 -0.233500
vn 0.344100 0.938500 -0.026600
vn 0.396300 0.918100 -0.007500
vn -0.376200 0.885600 -0.272400
vn -0.265000 0.944300 0.195100
vn -0.395900 0.905300 0.154000
vn -0.454000 0.769300 0.449400
vn -0.340500 0.799700 0.494500
vn 0.298000 0.873100 0.385700
vn 0.263600 0.896500 0.356200
vn 0.153700 0.793700 0.588500
vn 0.185100 0.786800 0.588800
vn 0.039100 0.954800 0.294600
vn -0.039900 0.820500 0.570300
vn 0.157900 0.987300 0.013600
vn -0.160600 0.980500 -0.113100
vn 0.369900 0.923700 0.099800
vn 0.407700 0.905800 0.115300
vn -0.292000 0.942100 -0.164600
vn -0.310400 0.924000 0.223100
vn -0.415500 0.891200 0.181900
vn -0.494600 0.787500 0.367700
vn -0.400600 0.818600 0.411600
vn 0.238000 0.870000 0.431800
vn 0.176300 0.898900 0.401000
vn 0.083300 0.827700 0.554900
vn 0.141800 0.815200 0.561500
vn -0.050600 0.943700 0.326800
vn -0.138600 0.850800 0.506900
vn 0.060300 0.987300 0.147000
vn -0.207200 0.977800 0.030800
vn 0.281700 0.929900 0.236600
vn 0.344500 0.902300 0.259200
vn -0.313500 0.949400 -0.016100
vn -0.399500 0.876500 0.268500
vn -0.505000 0.829700 0.237800
vn -0.519100 0.722500 0.456600
vn -0.428200 0.754300 0.497700
vn 0.183300 0.871800 0.454200
vn 0.120100 0.899800 0.419300
vn 0.056100 0.793800 0.605500
vn 0.107500 0.786300 0.608400
vn -0.124500 0.925200 0.358300
vn -0.162200 0.800800 0.576500
vn -0.055000 0.988600 0.140100
vn -0.346400 0.937500 0.034000
vn 0.196900 0.955800 0.218000
vn 0.268300 0.933300 0.238300
vn -0.456600 0.889600 -0.012200
vn 0.316100 0.938800 0.136400
vn 0.289700 0.923400 0.251800
vn 0.505400 0.814400 0.285000
vn 0.542600 0.818800 0.187300
vn 0.470800 0.769900 -0.430800
vn 0.440100 0.815400 -0.376100
vn 0.626000 0.722300 -0.293800
vn 0.626000 0.701200 -0.341300
vn 0.392900 0.908000 -0.145000
vn 0.608800 0.788800 -0.084400
vn 0.173400 0.960000 -0.219800
vn 0.081200 0.993600 0.078800
vn 0.236900 0.857500 -0.456600
vn 0.252800 0.815800 -0.520100
vn 0.039300 0.979100 0.199600
vn 0.267700 0.962700 0.039800
vn 0.231000 0.961100 0.151500
vn 0.417400 0.874300 0.247600
vn 0.457200 0.877100 0.147000
vn 0.445400 0.754400 -0.482000
vn 0.418800 0.800200 -0.429200
vn 0.575200 0.749800 -0.326900
vn 0.578300 0.721800 -0.380100
vn 0.358000 0.907400 -0.219800
vn 0.539500 0.833700 -0.117700
vn 0.174200 0.927500 -0.330700
vn 0.071900 0.995200 -0.065900
vn 0.250200 0.809000 -0.531900
vn 0.268500 0.764600 -0.585900
vn 0.029800 0.998500 0.046000
vn 0.237900 0.971200 -0.008200
vn 0.202600 0.970600 0.129900
vn 0.496300 0.842300 0.210100
vn 0.536200 0.839200 0.090800
vn 0.396400 0.743400 -0.538600
vn 0.369500 0.776400 -0.510500
vn 0.604000 0.696700 -0.387000
vn 0.602400 0.681700 -0.415300
vn 0.321600 0.895500 -0.307700
vn 0.596700 0.775200 -0.207100
vn 0.035800 0.907300 -0.419000
vn -0.074000 0.991700 -0.105300
vn 0.108800 0.785400 -0.609400
vn 0.121700 0.757300 -0.641500
vn -0.119800 0.992200 0.033600
vn 0.154500 0.986000 0.062300
vn 0.126400 0.971100 0.202200
vn 0.451900 0.858200 0.243400
vn 0.488500 0.863800 0.123400
vn 0.290400 0.774400 -0.562100
vn 0.272500 0.815000 -0.511400
vn 0.539600 0.730700 -0.418100
vn 0.534400 0.711000 -0.457000
vn 0.227800 0.936900 -0.265300
vn 0.542300 0.815700 -0.201400
vn -0.092900 0.931800 -0.351000
vn -0.190800 0.981600 -0.003700
vn -0.015600 0.812200 -0.583200
vn 0.000100 0.777600 -0.628700
vn -0.224700 0.965100 0.134400
vn 0.029900 0.999500 -0.014300
vn -0.004000 0.992300 0.123800
vn 0.346200 0.920600 0.180700
vn 0.381800 0.922600 0.054500
vn 0.171100 0.762300 -0.624200
vn 0.159400 0.807900 -0.567300
vn 0.443800 0.751500 -0.488100
vn 0.440400 0.723300 -0.531800
vn 0.105600 0.937900 -0.330500
vn 0.437800 0.857800 -0.269000
vn -0.224600 0.885500 -0.406700
vn -0.324800 0.942300 -0.081000
vn -0.134000 0.771800 -0.621600
vn -0.112300 0.738200 -0.665100
vn -0.355600 0.933300 0.050300
vn -0.081600 0.996000 -0.034600
vn -0.110500 0.989700 0.091200
vn 0.242700 0.962300 0.122300
vn 0.269200 0.963100 0.002000
vn 0.036300 0.760400 -0.648400
vn 0.028700 0.813900 -0.580300
vn 0.322200 0.775700 -0.542600
vn 0.321500 0.735400 -0.596500
vn -0.022500 0.941200 -0.337100
vn 0.312700 0.897500 -0.311000
vn -0.349400 0.859700 -0.372400
vn -0.427000 0.901800 -0.066100
vn -0.259700 0.759300 -0.596700
vn -0.232600 0.725700 -0.647500
vn -0.447400 0.893000 0.048900
vn -0.157300 0.987000 0.032400
vn -0.188300 0.970300 0.151600
vn 0.158900 0.971900 0.173400
vn 0.184400 0.981200 0.056400
vn -0.039600 0.776300 -0.629100
vn -0.046400 0.830200 -0.555500
vn 0.250600 0.804200 -0.538800
vn 0.254800 0.759100 -0.599000
vn -0.100700 0.953200 -0.285200
vn 0.231600 0.932500 -0.277100
vn -0.423400 0.852400 -0.307000
vn -0.488800 0.872300 0.009600
vn -0.331200 0.763500 -0.554400
vn -0.302700 0.733300 -0.608800
vn -0.502000 0.857400 0.113100
vn -0.189800 0.981800 -0.005400
vn -0.208300 0.972400 0.105000
vn 0.134600 0.989000 0.061700
vn 0.148100 0.987700 -0.048800
vn -0.140600 0.782700 -0.606200
vn -0.143200 0.829600 -0.539600
vn 0.155200 0.801500 -0.577400
vn 0.158100 0.759600 -0.630900
vn -0.168600 0.941000 -0.293400
vn 0.158100 0.924200 -0.347700
vn -0.483500 0.839200 -0.249000
vn -0.513900 0.856900 0.039800
vn -0.423000 0.767000 -0.482400
vn -0.399900 0.742900 -0.536800
vn -0.519200 0.843900 0.135200
vn -0.155600 0.987100 -0.037600
vn -0.161100 0.985600 0.051600
vn 0.176300 0.981600 -0.072900
vn 0.178000 0.970500 -0.162500
vn -0.172800 0.823200 -0.540700
vn -0.179300 0.858100 -0.481200
vn 0.121200 0.804500 -0.581400
vn 0.121900 0.772100 -0.623600
vn -0.170000 0.946700 -0.273300
vn 0.149300 0.904200 -0.400000
vn -0.480300 0.864000 -0.151000
vn -0.474900 0.875500 0.089100
vn -0.459100 0.813400 -0.357100
vn -0.443400 0.796900 -0.410100
vn -0.474500 0.864000 0.168300
vn -0.158200 0.986500 -0.042600
vn -0.131800 0.990600 -0.035500
vn -0.001700 0.924500 -0.381100
vn -0.028900 0.921600 -0.387100
vn -0.383200 0.917200 -0.108700
vn -0.370900 0.922200 -0.108800
vn -0.238100 0.870900 -0.429900
vn -0.248100 0.868000 -0.430100
vn -0.269300 0.959900 -0.077600
vn -0.146200 0.898500 -0.413800
vn -0.379200 0.887400 0.262000
vn -0.269400 0.912800 0.306800
vn -0.461600 0.858000 0.225200
vn -0.470200 0.854000 0.222700
vn -0.243400 0.917100 0.315600
vn -0.201300 0.974700 -0.097300
vn -0.146100 0.976900 -0.155900
vn -0.282600 0.841200 -0.461000
vn -0.334700 0.850800 -0.405000
vn -0.529500 0.811900 0.245700
vn -0.496200 0.844600 0.201100
vn -0.609400 0.788800 -0.079700
vn -0.631700 0.774500 -0.032700
vn -0.360100 0.931100 0.057400
vn -0.493700 0.836100 -0.238800
vn -0.216400 0.903500 0.369900
vn -0.049500 0.973600 0.222800
vn -0.346700 0.804400 0.482400
vn -0.371100 0.772900 0.514600
vn 0.004800 0.987000 0.160300
vn -0.160700 0.984400 -0.070700
vn -0.099400 0.982500 -0.157600
vn -0.302700 0.856400 -0.418100
vn -0.362300 0.866300 -0.343700
vn -0.514800 0.772600 0.371500
vn -0.475700 0.818000 0.323300
vn -0.638100 0.765500 0.083000
vn -0.656600 0.741800 0.136400
vn -0.333900 0.932100 0.140000
vn -0.529600 0.839900 -0.118400
vn -0.135400 0.900300 0.413700
vn 0.053700 0.976400 0.209000
vn -0.284700 0.778500 0.559300
vn -0.315800 0.739100 0.594900
vn 0.117400 0.985300 0.124100
vn -0.116700 0.990000 -0.079500
vn -0.056200 0.981700 -0.182000
vn -0.303300 0.865300 -0.399000
vn -0.364000 0.876800 -0.314200
vn -0.473700 0.762300 0.441000
vn -0.431600 0.814300 0.388000
vn -0.628300 0.756700 0.180400
vn -0.643900 0.727600 0.236500
vn -0.290500 0.941200 0.172700
vn -0.529200 0.847100 -0.049000
vn -0.053300 0.909800 0.411500
vn 0.139700 0.977100 0.160200
vn -0.211900 0.779600 0.589300
vn -0.246900 0.736900 0.629300
vn 0.202700 0.977300 0.061900
vn -0.063700 0.997600 0.028100
vn 0.001100 0.996800 -0.079300
vn -0.271600 0.914400 -0.300100
vn -0.334600 0.920500 -0.201700
vn -0.397200 0.754600 0.522200
vn -0.358600 0.805100 0.472500
vn -0.577500 0.766400 0.281200
vn -0.593300 0.732700 0.333300
vn -0.227900 0.933700 0.276300
vn -0.487200 0.870600 0.067800
vn 0.027100 0.869200 0.493800
vn 0.211600 0.943500 0.254700
vn -0.123500 0.752500 0.646900
vn -0.159300 0.717000 0.678600
vn 0.275500 0.948900 0.153500
vn 0.023600 0.996500 0.080500
vn 0.095600 0.994800 -0.036200
vn -0.198400 0.947100 -0.252100
vn -0.267700 0.953600 -0.138000
vn -0.307400 0.762600 0.569100
vn -0.275900 0.801700 0.530200
vn -0.518000 0.778000 0.355500
vn -0.535100 0.746400 0.395700
vn -0.145600 0.927900 0.343300
vn -0.426400 0.891300 0.154200
vn 0.123100 0.832500 0.540200
vn 0.311700 0.903900 0.292900
vn -0.023500 0.737100 0.675400
vn -0.054400 0.716100 0.695800
vn 0.375800 0.908300 0.183800
vn 0.139300 0.988300 0.061500
vn 0.213000 0.975200 -0.058900
vn -0.091100 0.962700 -0.254600
vn -0.159100 0.978500 -0.130900
vn -0.180700 0.779900 0.599200
vn -0.159200 0.816900 0.554300
vn -0.419500 0.811400 0.406900
vn -0.438300 0.779000 0.448200
vn -0.028000 0.937000 0.348200
vn -0.320800 0.928200 0.188500
vn 0.247100 0.817600 0.520000
vn 0.426600 0.869100 0.250200
vn 0.102300 0.735300 0.669900
vn 0.074100 0.718200 0.691900
vn 0.481300 0.865500 0.138300
vn 0.214000 0.957900 0.191100
vn 0.280600 0.957200 0.071000
vn -0.004200 0.996200 -0.086900
vn -0.064100 0.997000 0.042200
vn -0.046300 0.741300 0.669500
vn -0.044300 0.773600 0.632100
vn -0.296100 0.797800 0.525200
vn -0.313700 0.768500 0.557600
vn 0.067400 0.886400 0.457800
vn -0.204600 0.918400 0.338600
vn 0.321900 0.753100 0.573700
vn 0.480600 0.813400 0.327600
vn 0.202200 0.682800 0.702000
vn 0.180900 0.670100 0.719800
vn 0.531400 0.818300 0.219000
vn 0.296500 0.948800 0.109100
vn 0.351400 0.936200 0.003100
vn 0.149200 0.982500 -0.111000
vn 0.100900 0.994800 0.008300
vn 0.045400 0.776100 0.629000
vn 0.057500 0.817400 0.573100
vn -0.128500 0.852100 0.507300
vn -0.155600 0.813100 0.560900
vn 0.169600 0.912300 0.372700
vn -0.024700 0.955700 0.293300
vn 0.354400 0.812100 0.463400
vn 0.484900 0.848700 0.211000
vn 0.234700 0.740800 0.629400
vn 0.206500 0.719800 0.662700
vn 0.522800 0.845400 0.109700
vn 0.282400 0.944900 0.165500
vn 0.328800 0.941900 0.068600
vn 0.164800 0.985600 -0.037400
vn 0.122900 0.990100 0.067500
vn 0.034800 0.757000 0.652500
vn 0.050200 0.804300 0.592100
vn -0.103200 0.844200 0.525900
vn -0.134400 0.799200 0.585900
vn 0.162300 0.900600 0.403200
vn 0.004500 0.946900 0.321400
vn 0.315400 0.813200 0.489000
vn 0.438400 0.860200 0.260600
vn 0.197200 0.732700 0.651400
vn 0.166300 0.705600 0.688700
vn 0.474800 0.863800 0.168500
vn -0.441700 0.839300 -0.316900
vn -0.442300 0.789500 -0.425400
vn -0.646400 0.669000 -0.367000
vn -0.659000 0.702500 -0.268600
vn -0.434900 0.850900 0.294700
vn -0.423500 0.878000 0.223000
vn -0.612400 0.758200 0.223800
vn -0.598500 0.752900 0.273600
vn -0.444200 0.895400 -0.028900
vn -0.653700 0.756700 0.007300
vn -0.220300 0.974900 -0.033400
vn -0.207300 0.916500 -0.342000
vn -0.212800 0.949400 0.231000
vn -0.208100 0.929100 0.305700
vn -0.194600 0.866400 -0.459900
vn -0.374200 0.893600 -0.247900
vn -0.365700 0.858400 -0.359700
vn -0.559100 0.740200 -0.373400
vn -0.573400 0.773100 -0.271200
vn -0.396300 0.853000 0.339600
vn -0.388500 0.880800 0.270600
vn -0.558300 0.796300 0.232700
vn -0.545500 0.786100 0.290600
vn -0.392400 0.919200 0.030700
vn -0.583900 0.811800 0.006500
vn -0.190600 0.978500 0.078200
vn -0.163500 0.963500 -0.212000
vn -0.202100 0.926300 0.317900
vn -0.201800 0.900400 0.385300
vn -0.150400 0.933000 -0.326900
vn -0.334900 0.917600 -0.214100
vn -0.334100 0.875000 -0.350200
vn -0.622500 0.719200 -0.308700
vn -0.631800 0.752100 -0.187600
vn -0.334100 0.861700 0.381900
vn -0.318600 0.885100 0.339300
vn -0.565700 0.763600 0.311000
vn -0.555700 0.758200 0.341000
vn -0.334700 0.936400 0.105400
vn -0.611000 0.782300 0.120900
vn -0.033600 0.991100 0.128700
vn -0.012900 0.976900 -0.213300
vn -0.044400 0.932400 0.358600
vn -0.046000 0.915400 0.399800
vn -0.002500 0.935500 -0.353200
vn -0.273100 0.912200 -0.305300
vn -0.278300 0.855300 -0.436900
vn -0.589500 0.725200 -0.355700
vn -0.596400 0.766800 -0.237400
vn -0.229700 0.901600 0.366300
vn -0.229200 0.924900 0.303200
vn -0.499900 0.807600 0.312700
vn -0.483300 0.801200 0.352800
vn -0.259100 0.965400 0.029500
vn -0.564300 0.820600 0.089400
vn 0.071300 0.997100 0.025000
vn 0.076100 0.939300 -0.334600
vn 0.066200 0.953600 0.293800
vn 0.065900 0.934400 0.349900
vn 0.077300 0.881600 -0.465600
vn -0.135800 0.952700 -0.271700
vn -0.135900 0.903900 -0.405500
vn -0.479400 0.807200 -0.344300
vn -0.483400 0.847400 -0.219600
vn -0.097500 0.913200 0.395600
vn -0.105300 0.939100 0.326900
vn -0.393000 0.852100 0.345600
vn -0.376000 0.839100 0.393100
vn -0.125400 0.990400 0.056900
vn -0.452000 0.885000 0.111500
vn 0.217400 0.974500 0.055100
vn 0.228700 0.930100 -0.287300
vn 0.195100 0.930600 0.309700
vn 0.188800 0.911500 0.365300
vn 0.227400 0.881600 -0.413500
vn -0.013500 0.959900 -0.280100
vn -0.016100 0.915600 -0.401700
vn -0.369500 0.868600 -0.330100
vn -0.365600 0.906200 -0.212700
vn 0.055500 0.922000 0.383200
vn 0.037400 0.952200 0.303000
vn -0.262900 0.896500 0.356600
vn -0.244500 0.875000 0.417700
vn 0.011300 0.999500 0.029200
vn -0.323900 0.940200 0.105700
vn 0.354200 0.935100 -0.000300
vn 0.345400 0.884900 -0.312400
vn 0.337400 0.905700 0.256400
vn 0.329300 0.888600 0.319100
vn 0.335600 0.843000 -0.420300
vn 0.081800 0.932000 -0.352900
vn 0.087300 0.880400 -0.466100
vn -0.287200 0.869300 -0.402300
vn -0.282400 0.914500 -0.289800
vn 0.167100 0.924800 0.341700
vn 0.143800 0.955500 0.257400
vn -0.178000 0.928200 0.326700
vn -0.162300 0.903800 0.396000
vn 0.112200 0.992900 -0.038200
vn -0.238200 0.970200 0.044200
vn 0.467300 0.881400 -0.069200
vn 0.443600 0.814800 -0.373200
vn 0.454500 0.868600 0.197500
vn 0.446700 0.855900 0.260400
vn 0.428400 0.774800 -0.464800
vn 0.207600 0.928400 -0.308000
vn 0.210200 0.885400 -0.414400
vn -0.184900 0.932500 -0.310200
vn -0.161000 0.966700 -0.199000
vn 0.358000 0.883900 0.300900
vn 0.336300 0.914500 0.225000
vn 0.009600 0.940200 0.340400
vn 0.027600 0.916400 0.399200
vn 0.274400 0.961100 -0.030900
vn -0.071700 0.992400 0.100300
vn 0.613600 0.781800 -0.110300
vn 0.556800 0.744500 -0.368300
vn 0.632000 0.765900 0.117600
vn 0.632200 0.755000 0.174100
vn 0.531000 0.718900 -0.448500
vn 0.269400 0.928600 -0.255300
vn 0.283500 0.892100 -0.351600
vn -0.112900 0.978600 -0.171800
vn -0.072700 0.994600 -0.074100
vn 0.421900 0.872400 0.246600
vn 0.430400 0.886500 0.169700
vn 0.136600 0.930800 0.338900
vn 0.148000 0.913000 0.380000
vn 0.354300 0.934400 -0.035300
vn 0.052800 0.985200 0.162800
vn 0.651600 0.737100 -0.179000
vn 0.585500 0.714400 -0.383200
vn 0.684200 0.729200 0.012700
vn 0.684800 0.725600 0.066400
vn 0.561400 0.696900 -0.446200
vn 0.340800 0.905400 -0.253100
vn 0.307200 0.915000 -0.261500
vn 0.245100 0.965200 0.090600
vn 0.284400 0.954300 0.091300
vn 0.542700 0.810000 -0.221900
vn 0.548100 0.808200 -0.215400
vn 0.483800 0.869500 0.099500
vn 0.479600 0.871900 0.098000
vn 0.459800 0.857200 -0.232000
vn 0.414100 0.905000 0.097500
vn 0.487600 0.694600 -0.528900
vn 0.366200 0.739500 -0.564900
vn 0.551300 0.660500 -0.509800
vn 0.546100 0.659500 -0.516500
vn 0.329100 0.751200 -0.572100
vn 0.343700 0.910500 -0.229700
vn 0.318900 0.937300 -0.140700
vn 0.520200 0.846500 0.113400
vn 0.563600 0.823800 0.060200
vn 0.613900 0.588500 -0.526000
vn 0.598100 0.642500 -0.478900
vn 0.758100 0.613000 -0.222200
vn 0.771900 0.580600 -0.259000
vn 0.482300 0.793000 -0.372000
vn 0.681500 0.726000 -0.091500
vn 0.280100 0.726200 -0.627900
vn 0.099500 0.863600 -0.494300
vn 0.398900 0.585100 -0.706000
vn 0.419800 0.546800 -0.724400
vn 0.028900 0.904800 -0.424700
vn 0.202100 0.944900 -0.257500
vn 0.170600 0.973600 -0.151700
vn 0.453300 0.889100 0.062800
vn 0.504200 0.863500 -0.008200
vn 0.518400 0.570400 -0.637100
vn 0.482100 0.637200 -0.601300
vn 0.714400 0.599000 -0.361500
vn 0.730400 0.556400 -0.396300
vn 0.350200 0.815800 -0.460200
vn 0.634100 0.744500 -0.208700
vn 0.067200 0.735300 -0.674400
vn -0.116600 0.876000 -0.468000
vn 0.218500 0.572700 -0.790100
vn 0.254700 0.526000 -0.811400
vn -0.179300 0.910900 -0.371500
vn 0.083100 0.965800 -0.245300
vn 0.052300 0.990100 -0.129700
vn 0.371200 0.927800 0.037900
vn 0.415800 0.908000 -0.050400
vn 0.364900 0.584000 -0.725100
vn 0.322900 0.652300 -0.685700
vn 0.596300 0.633200 -0.493400
vn 0.608500 0.587700 -0.533200
vn 0.208800 0.840200 -0.500400
vn 0.530100 0.791200 -0.304900
vn -0.105500 0.743400 -0.660400
vn -0.253600 0.881100 -0.399100
vn 0.030300 0.568600 -0.822000
vn 0.063600 0.517300 -0.853400
vn -0.297300 0.909600 -0.290100
vn -0.044600 0.941200 -0.334800
vn -0.082600 0.972300 -0.218500
vn 0.248800 0.966500 -0.062600
vn 0.289200 0.942200 -0.168900
vn 0.201100 0.565000 -0.800200
vn 0.165900 0.627800 -0.760500
vn 0.442500 0.649100 -0.618700
vn 0.453500 0.600800 -0.658200
vn 0.066200 0.807600 -0.586000
vn 0.385500 0.813200 -0.436000
vn -0.237900 0.671600 -0.701700
vn -0.368500 0.810700 -0.454900
vn -0.113600 0.518000 -0.847800
vn -0.081300 0.475800 -0.875800
vn -0.407000 0.845200 -0.346400
vn -0.152200 0.920500 -0.359800
vn -0.193400 0.953100 -0.232900
vn 0.147600 0.984100 -0.098400
vn 0.186600 0.956700 -0.223300
vn 0.077600 0.556400 -0.827300
vn 0.051100 0.604600 -0.794900
vn 0.331700 0.643200 -0.690000
vn 0.343400 0.601100 -0.721700
vn -0.044400 0.778600 -0.625800
vn 0.277100 0.811100 -0.515000
vn -0.341500 0.618400 -0.707700
vn -0.471300 0.757500 -0.451600
vn -0.222300 0.490200 -0.842700
vn -0.195000 0.464900 -0.863600
vn -0.507300 0.793700 -0.335600
vn -0.258600 0.915100 -0.309200
vn -0.299000 0.938000 -0.175300
vn 0.042800 0.996500 -0.072100
vn 0.076700 0.975000 -0.208400
vn -0.057100 0.559500 -0.826800
vn -0.071000 0.607900 -0.790800
vn 0.216100 0.656700 -0.722500
vn 0.227900 0.613700 -0.755900
vn -0.161000 0.782200 -0.601900
vn 0.160900 0.832600 -0.529900
vn -0.454500 0.606800 -0.652100
vn -0.567900 0.734200 -0.371800
vn -0.342100 0.486400 -0.803900
vn -0.318300 0.464200 -0.826600
vn -0.593200 0.764000 -0.253500
vn -0.380000 0.844100 -0.378200
vn -0.415600 0.874500 -0.249900
vn -0.110600 0.975600 -0.189700
vn -0.084200 0.941700 -0.325600
vn -0.215400 0.505800 -0.835300
vn -0.213200 0.548500 -0.808500
vn 0.051500 0.617400 -0.784900
vn 0.065400 0.579600 -0.812200
vn -0.294300 0.704200 -0.646100
vn -0.009300 0.785900 -0.618200
vn -0.549000 0.527600 -0.648200
vn -0.648600 0.651100 -0.394100
vn -0.455100 0.427400 -0.781100
vn -0.436900 0.411000 -0.800100
vn -0.670700 0.685600 -0.282900
vn -0.444400 0.854000 -0.270300
vn -0.469800 0.868900 -0.156100
vn -0.256400 0.959600 -0.115600
vn -0.241500 0.939800 -0.241700
vn -0.307100 0.549300 -0.777100
vn -0.311200 0.605800 -0.732200
vn -0.122600 0.670500 -0.731700
vn -0.103200 0.617400 -0.779800
vn -0.383100 0.750100 -0.539000
vn -0.185500 0.827500 -0.529800
vn -0.567500 0.615900 -0.546400
vn -0.633800 0.717700 -0.288200
vn -0.483600 0.504500 -0.715300
vn -0.461700 0.475600 -0.748700
vn -0.643800 0.742200 -0.185800
vn -0.516100 0.819700 -0.248200
vn -0.535100 0.831200 -0.150600
vn -0.367200 0.924900 -0.098100
vn -0.357900 0.910400 -0.207600
vn -0.371300 0.547300 -0.750100
vn -0.381800 0.609700 -0.694600
vn -0.234700 0.690500 -0.684200
vn -0.209700 0.633000 -0.745200
vn -0.458800 0.737200 -0.496000
vn -0.305800 0.826300 -0.472900
vn -0.601100 0.607000 -0.519700
vn -0.662700 0.693500 -0.282700
vn -0.515700 0.500000 -0.695700
vn -0.490600 0.466300 -0.736100
vn -0.671300 0.715400 -0.193800
vn 0.546200 0.791600 -0.273700
vn 0.486800 0.794400 -0.363200
vn 0.333600 0.898000 -0.286800
vn 0.402300 0.894100 -0.196900
vn 0.778800 0.589300 0.214900
vn 0.749700 0.641200 0.164000
vn 0.633500 0.731200 0.253000
vn 0.655400 0.685600 0.316600
vn 0.673800 0.737600 -0.042100
vn 0.544500 0.837700 0.041600
vn 0.792400 0.599200 -0.114300
vn 0.674600 0.653200 -0.343800
vn 0.847800 0.524000 0.080900
vn 0.856300 0.499700 0.130100
vn 0.616400 0.664000 -0.423300
vn 0.507200 0.801900 -0.315700
vn 0.441400 0.795000 -0.415900
vn 0.264100 0.912600 -0.311900
vn 0.344000 0.915100 -0.210200
vn 0.769900 0.608900 0.191100
vn 0.741200 0.655100 0.146200
vn 0.608400 0.748600 0.263400
vn 0.628700 0.708900 0.319600
vn 0.655400 0.752400 -0.065700
vn 0.509800 0.858800 0.050200
vn 0.789300 0.592600 -0.160400
vn 0.652100 0.639300 -0.407500
vn 0.849700 0.526000 0.036700
vn 0.857900 0.507300 0.080700
vn 0.584900 0.644700 -0.492100
vn 0.538800 0.817200 -0.204400
vn 0.470400 0.821000 -0.323500
vn 0.215400 0.961200 -0.172100
vn 0.294500 0.954100 -0.053900
vn 0.749900 0.592500 0.294100
vn 0.729100 0.629500 0.268500
vn 0.527900 0.737700 0.420800
vn 0.538000 0.708600 0.456500
vn 0.670100 0.739100 0.068300
vn 0.451300 0.862100 0.230200
vn 0.848400 0.525000 -0.067300
vn 0.736700 0.585700 -0.338100
vn 0.877800 0.466200 0.109900
vn 0.878800 0.456500 0.138800
vn 0.672000 0.596800 -0.438500
vn 0.404500 0.889200 -0.213700
vn 0.335600 0.879500 -0.337200
vn 0.025100 0.982800 -0.182800
vn 0.100200 0.993000 -0.062700
vn 0.639000 0.677100 0.365000
vn 0.622600 0.714700 0.318600
vn 0.375100 0.804400 0.460700
vn 0.391000 0.771100 0.502500
vn 0.548500 0.831900 0.084300
vn 0.274300 0.929200 0.247700
vn 0.787000 0.615500 -0.041100
vn 0.663000 0.666700 -0.340500
vn 0.819000 0.548000 0.170000
vn 0.818900 0.535100 0.207600
vn 0.594900 0.669500 -0.444900
vn 0.367800 0.923600 -0.107500
vn 0.304400 0.924500 -0.229200
vn -0.028200 0.995600 -0.089200
vn 0.035600 0.999000 0.028200
vn 0.548800 0.699200 0.458100
vn 0.542800 0.735200 0.406000
vn 0.275900 0.807800 0.520800
vn 0.292000 0.775000 0.560400
vn 0.486000 0.854800 0.181800
vn 0.185000 0.928000 0.323300
vn 0.749300 0.658300 0.071700
vn 0.654000 0.721900 -0.226000
vn 0.764400 0.581500 0.278500
vn 0.760600 0.566000 0.318000
vn 0.595000 0.729200 -0.337900
vn 0.283100 0.957100 -0.061800
vn 0.224500 0.959000 -0.172600
vn -0.112400 0.992500 -0.048600
vn -0.058700 0.996700 0.055200
vn 0.464900 0.723700 0.509900
vn 0.456600 0.770500 0.444700
vn 0.182600 0.826000 0.533300
vn 0.208600 0.788600 0.578400
vn 0.392900 0.894100 0.215000
vn 0.078400 0.940100 0.331700
vn 0.675800 0.726600 0.123300
vn 0.586400 0.792600 -0.167100
vn 0.697700 0.627400 0.345700
vn 0.696800 0.597400 0.397000
vn 0.534100 0.799500 -0.274800
vn 0.166400 0.983400 -0.072800
vn 0.107500 0.978400 -0.176500
vn -0.223900 0.972300 -0.067500
vn -0.178800 0.983500 0.026500
vn 0.363400 0.765700 0.530600
vn 0.354400 0.813800 0.460500
vn 0.071900 0.848400 0.524300
vn 0.102700 0.814600 0.570800
vn 0.279300 0.936400 0.212200
vn -0.045400 0.950100 0.308600
vn 0.581100 0.801200 0.142400
vn 0.483500 0.860400 -0.160700
vn 0.615800 0.686800 0.386100
vn 0.620000 0.648100 0.442100
vn 0.431700 0.862100 -0.265400
vn 0.151200 0.988000 -0.030400
vn 0.107500 0.986000 -0.127400
vn -0.242000 0.967200 -0.076900
vn -0.205600 0.978500 0.011000
vn 0.289200 0.799000 0.527200
vn 0.280900 0.840600 0.463100
vn -0.011000 0.877100 0.480200
vn 0.017500 0.849700 0.526900
vn 0.229000 0.945200 0.232700
vn -0.105400 0.956100 0.273500
vn 0.541300 0.813200 0.213800
vn 0.483000 0.873300 -0.062700
vn 0.556000 0.710200 0.431700
vn 0.559500 0.674400 0.481700
vn 0.445300 0.880600 -0.162000
vn 0.107000 0.994200 -0.009100
vn 0.085100 0.992600 -0.086500
vn -0.272500 0.955300 -0.114400
vn -0.248000 0.967800 -0.042500
vn 0.189100 0.863000 0.468400
vn 0.177300 0.893400 0.412700
vn -0.125900 0.921400 0.367600
vn -0.101600 0.905100 0.412900
vn 0.147600 0.966200 0.211500
vn -0.189500 0.965100 0.180500
vn 0.467500 0.845400 0.258500
vn 0.444700 0.895100 0.031700
vn 0.470300 0.764900 0.440000
vn 0.476300 0.735600 0.481600
vn 0.422500 0.905000 -0.048600
vn 0.176300 0.984200 -0.018100
vn 0.196000 0.979900 -0.037000
vn -0.048700 0.946300 -0.319400
vn -0.067500 0.951800 -0.299300
vn -0.005400 0.989300 0.145400
vn 0.001800 0.990900 0.134400
vn -0.216900 0.966200 -0.139300
vn -0.222700 0.966100 -0.130700
vn 0.086800 0.994400 0.060400
vn -0.152000 0.965400 -0.211800
vn 0.295900 0.892400 0.340700
vn 0.392500 0.879600 0.268700
vn 0.217700 0.892700 0.394500
vn 0.210300 0.891600 0.400900
vn 0.413400 0.875300 0.250900
vn 0.181900 0.983200 -0.017600
vn 0.253000 0.966900 0.034000
vn 0.308400 0.897700 -0.314600
vn 0.231500 0.903100 -0.361600
vn -0.291900 0.924200 -0.246200
vn -0.235400 0.948000 -0.214000
vn -0.191800 0.837000 -0.512400
vn -0.235900 0.813900 -0.530900
vn -0.032500 0.991700 -0.124100
vn 0.001300 0.891100 -0.453700
vn -0.102100 0.972000 0.211700
vn 0.103400 0.937600 0.331900
vn -0.278000 0.956100 0.092100
vn -0.319400 0.946100 0.053300
vn 0.166000 0.912200 0.374600
vn 0.190900 0.981200 0.028700
vn 0.271100 0.956900 0.103500
vn 0.402600 0.891000 -0.209800
vn 0.316800 0.906500 -0.279100
vn -0.342900 0.889300 -0.302400
vn -0.275100 0.922300 -0.271400
vn -0.173200 0.824600 -0.538500
vn -0.228400 0.793800 -0.563500
vn -0.050200 0.989500 -0.135200
vn 0.054800 0.898200 -0.436200
vn -0.192300 0.967200 0.166100
vn 0.038500 0.939200 0.341200
vn -0.378500 0.925600 0.002100
vn -0.419800 0.906600 -0.042800
vn 0.111500 0.910800 0.397400
vn 0.239300 0.970700 0.020500
vn 0.318800 0.941300 0.111400
vn 0.502000 0.848100 -0.169300
vn 0.419600 0.871600 -0.253300
vn -0.315800 0.861000 -0.398600
vn -0.242200 0.900400 -0.361200
vn -0.095100 0.795200 -0.598800
vn -0.156300 0.762300 -0.628000
vn -0.007600 0.981800 -0.189500
vn 0.150700 0.874000 -0.462000
vn -0.208100 0.974500 0.083400
vn 0.029700 0.952800 0.302200
vn -0.395900 0.911400 -0.112400
vn -0.436300 0.885300 -0.161100
vn 0.105200 0.923200 0.369700
vn 0.222100 0.971800 -0.079500
vn 0.311100 0.950300 0.011700
vn 0.496600 0.826400 -0.265300
vn 0.409300 0.842200 -0.350900
vn -0.300500 0.829600 -0.470500
vn -0.231900 0.869900 -0.435300
vn -0.072500 0.750200 -0.657200
vn -0.129300 0.722000 -0.679600
vn -0.017200 0.959500 -0.281000
vn 0.150800 0.825800 -0.543400
vn -0.225200 0.974200 -0.014000
vn 0.004700 0.978400 0.206600
vn -0.398200 0.896500 -0.194300
vn -0.437400 0.866800 -0.239400
vn 0.088000 0.954300 0.285400
vn 0.292900 0.942100 -0.163000
vn 0.389500 0.919000 -0.061000
vn 0.582000 0.749200 -0.316200
vn 0.494600 0.764900 -0.412600
vn -0.215900 0.791800 -0.571300
vn -0.161000 0.827700 -0.537600
vn 0.023400 0.685500 -0.727700
vn -0.022700 0.667700 -0.744100
vn 0.048100 0.921700 -0.384800
vn 0.233500 0.747900 -0.621400
vn -0.187000 0.972200 -0.140400
vn 0.052600 0.992800 0.107600
vn -0.355700 0.880000 -0.314700
vn -0.391400 0.850500 -0.351400
vn 0.144400 0.968300 0.203600
vn 0.411800 0.882900 -0.225700
vn 0.510400 0.850600 -0.126700
vn 0.666100 0.651000 -0.364000
vn 0.585400 0.668600 -0.458500
vn -0.104100 0.760800 -0.640600
vn -0.058700 0.794700 -0.604200
vn 0.120900 0.628000 -0.768700
vn 0.080400 0.617800 -0.782200
vn 0.159900 0.876900 -0.453100
vn 0.327000 0.668300 -0.668200
vn -0.064800 0.971500 -0.227900
vn 0.191800 0.981000 0.030400
vn -0.255900 0.880400 -0.399300
vn -0.296300 0.851800 -0.431900
vn 0.285700 0.948900 0.133700
vn 0.388400 0.860000 -0.331100
vn 0.486300 0.843300 -0.228600
vn 0.654800 0.630500 -0.416700
vn 0.573800 0.638800 -0.512500
vn -0.043400 0.699500 -0.713300
vn -0.023300 0.732600 -0.680200
vn 0.167500 0.573300 -0.802000
vn 0.138800 0.564600 -0.813600
vn 0.157100 0.821000 -0.548900
vn 0.336300 0.616800 -0.711700
vn -0.067400 0.927100 -0.368700
vn 0.165700 0.978500 -0.122400
vn -0.226400 0.827300 -0.514100
vn -0.255200 0.803200 -0.538300
vn 0.259600 0.965600 -0.011000
vn 0.439900 0.835300 -0.329700
vn 0.514900 0.823000 -0.240000
vn 0.657900 0.674500 -0.334900
vn 0.594000 0.685100 -0.421600
vn 0.030100 0.686800 -0.726200
vn 0.074700 0.727400 -0.682100
vn 0.219100 0.620200 -0.753200
vn 0.168200 0.602500 -0.780100
vn 0.251000 0.806800 -0.534900
vn 0.400500 0.670800 -0.624200
vn 0.077400 0.894000 -0.441200
vn 0.268700 0.936600 -0.224900
vn -0.088100 0.798500 -0.595400
vn -0.137200 0.761600 -0.633400
vn 0.342700 0.930200 -0.131100
vn 0.536300 0.782400 -0.316500
vn 0.615100 0.753600 -0.231600
vn 0.713400 0.587900 -0.381400
vn 0.651000 0.600200 -0.464600
vn 0.089100 0.685400 -0.722600
vn 0.133200 0.726600 -0.674000
vn 0.262700 0.574800 -0.775000
vn 0.217100 0.563400 -0.797100
vn 0.329800 0.784600 -0.525000
vn 0.447900 0.604100 -0.659100
vn 0.178700 0.904800 -0.386500
vn 0.392800 0.906200 -0.156500
vn -0.017800 0.834300 -0.551000
vn -0.075100 0.802200 -0.592200
vn 0.469200 0.881300 -0.055900
vn -0.074200 0.964300 -0.254000
vn -0.174200 0.961000 -0.214800
vn -0.125500 0.991800 -0.023100
vn -0.023200 0.997200 -0.071200
vn 0.434800 0.777900 -0.453700
vn 0.383300 0.824000 -0.417100
vn 0.451400 0.853000 -0.261900
vn 0.514200 0.808100 -0.287500
vn 0.174600 0.920700 -0.349000
vn 0.235400 0.955200 -0.179100
vn 0.119300 0.845000 -0.521200
vn -0.125300 0.891800 -0.434700
vn 0.314700 0.762900 -0.564700
vn 0.362200 0.735300 -0.572700
vn -0.214600 0.894600 -0.391900
vn -0.122800 0.967200 -0.222100
vn -0.235500 0.954600 -0.182600
vn -0.164300 0.985500 0.041100
vn -0.047400 0.998800 -0.012700
vn 0.411400 0.796700 -0.442600
vn 0.365400 0.837000 -0.407400
vn 0.457400 0.858800 -0.230700
vn 0.513000 0.819900 -0.253900
vn 0.148800 0.931800 -0.330900
vn 0.237800 0.961400 -0.138200
vn 0.073300 0.845400 -0.529100
vn -0.193400 0.881500 -0.430800
vn 0.272400 0.772500 -0.573600
vn 0.315300 0.751000 -0.580200
vn -0.290100 0.877100 -0.382600
vn -0.006400 0.974200 -0.225400
vn -0.137000 0.973500 -0.182900
vn -0.035400 0.991100 0.128500
vn 0.096500 0.992500 0.074800
vn 0.505500 0.758000 -0.412100
vn 0.479200 0.789200 -0.384000
vn 0.591100 0.795500 -0.133400
vn 0.625400 0.766300 -0.146900
vn 0.281100 0.902800 -0.325400
vn 0.399600 0.915300 -0.051500
vn 0.171000 0.788000 -0.591400
vn -0.111600 0.849700 -0.515300
vn 0.344600 0.715000 -0.608300
vn 0.372000 0.701700 -0.607600
vn -0.222600 0.854000 -0.470100
vn -0.039400 0.996200 -0.078000
vn -0.175600 0.983600 -0.040800
vn -0.086700 0.947400 0.308100
vn 0.047600 0.963100 0.264700
vn 0.556700 0.786600 -0.267000
vn 0.511200 0.823400 -0.246500
vn 0.601100 0.798200 0.037800
vn 0.642400 0.766100 0.018300
vn 0.277200 0.944300 -0.177300
vn 0.382600 0.913600 0.137800
vn 0.190500 0.846400 -0.497200
vn -0.123600 0.899700 -0.418600
vn 0.396800 0.760700 -0.513700
vn 0.432100 0.742600 -0.511600
vn -0.239900 0.895800 -0.374100
vn 0.058700 0.998200 -0.012600
vn -0.073800 0.997000 0.023600
vn -0.006500 0.925700 0.378200
vn 0.122200 0.931500 0.342600
vn 0.630100 0.760400 -0.157100
vn 0.580900 0.800300 -0.148700
vn 0.638900 0.755600 0.144400
vn 0.678400 0.723800 0.125900
vn 0.360400 0.928100 -0.093700
vn 0.436500 0.868700 0.234000
vn 0.295200 0.854700 -0.426900
vn -0.009700 0.929100 -0.369500
vn 0.492700 0.755300 -0.432100
vn 0.528900 0.733300 -0.427300
vn -0.130900 0.933700 -0.333100
vn 0.092400 0.991200 0.094300
vn -0.029400 0.991400 0.127700
vn 0.021400 0.880600 0.473300
vn 0.135000 0.883500 0.448600
vn 0.672800 0.738700 -0.039700
vn 0.610400 0.791500 -0.030600
vn 0.638600 0.720100 0.271400
vn 0.685400 0.685000 0.246900
vn 0.382100 0.923700 0.025300
vn 0.429200 0.827600 0.361600
vn 0.337000 0.884600 -0.322200
vn 0.039400 0.962000 -0.270000
vn 0.550600 0.764000 -0.336300
vn 0.598300 0.727400 -0.335900
vn -0.076700 0.967800 -0.239600
vn 0.083100 0.964800 0.249700
vn -0.033000 0.957500 0.286600
vn 0.010900 0.792400 0.609900
vn 0.111200 0.793200 0.598700
vn 0.695700 0.705200 0.136800
vn 0.629000 0.764300 0.141900
vn 0.620700 0.640100 0.452700
vn 0.667800 0.607600 0.429900
vn 0.382700 0.903300 0.193600
vn 0.402600 0.741800 0.536200
vn 0.362000 0.916300 -0.171300
vn 0.043200 0.990900 -0.127000
vn 0.598300 0.778500 -0.189800
vn 0.650800 0.734200 -0.193100
vn -0.075200 0.991900 -0.102600
vn 0.160800 0.928200 0.335600
vn 0.051700 0.928100 0.368600
vn 0.041000 0.734400 0.677500
vn 0.131500 0.723300 0.677900
vn 0.708000 0.638800 0.300900
vn 0.647600 0.696600 0.308600
vn 0.581200 0.547300 0.602200
vn 0.625700 0.515200 0.585700
vn 0.429700 0.843600 0.321800
vn 0.387100 0.650600 0.653300
vn 0.467900 0.883000 -0.038000
vn 0.174700 0.983400 -0.048300
vn 0.672500 0.739900 -0.018300
vn 0.717500 0.696400 -0.012800
vn 0.055300 0.997500 -0.043500
vn 0.219900 0.862900 0.454900
vn 0.128500 0.865000 0.485000
vn 0.042600 0.667300 0.743500
vn 0.113700 0.654900 0.747100
vn 0.664700 0.605200 0.438000
vn 0.608100 0.644100 0.463900
vn 0.487400 0.510100 0.708600
vn 0.530700 0.488600 0.692500
vn 0.432000 0.772400 0.465600
vn 0.319000 0.589300 0.742300
vn 0.545600 0.823200 0.156800
vn 0.314800 0.942300 0.113600
vn 0.698100 0.694400 0.174200
vn 0.731000 0.660600 0.171000
vn 0.212400 0.971900 0.101000
vn 0.238600 0.865800 0.439900
vn 0.225800 0.883200 0.411100
vn -0.106800 0.833200 0.542500
vn -0.084400 0.816000 0.571800
vn 0.337700 0.731900 0.591800
vn 0.335600 0.727200 0.598800
vn 0.030600 0.699500 0.714000
vn 0.029100 0.702900 0.710700
vn 0.293300 0.793500 0.533200
vn -0.011300 0.745400 0.666500
vn 0.581000 0.727300 0.365100
vn 0.537700 0.801400 0.261800
vn 0.605300 0.678500 0.416200
vn 0.608300 0.680500 0.408500
vn 0.521800 0.821100 0.231400
vn 0.198000 0.900500 0.387000
vn 0.291300 0.893500 0.341800
vn -0.085200 0.988200 0.126900
vn -0.146900 0.966300 0.211200
vn -0.124700 0.667900 0.733700
vn -0.059000 0.703200 0.708500
vn -0.364300 0.743900 0.560100
vn -0.389100 0.712700 0.583600
vn 0.061100 0.824000 0.563200
vn -0.273300 0.863300 0.424300
vn 0.373300 0.631600 0.679500
vn 0.510100 0.684300 0.521100
vn 0.233900 0.559900 0.794900
vn 0.190500 0.540000 0.819800
vn 0.552100 0.691400 0.466000
vn 0.208200 0.927300 0.311100
vn 0.304800 0.919200 0.249500
vn -0.001900 0.999900 -0.012400
vn -0.086600 0.993700 0.070600
vn -0.205800 0.673200 0.710200
vn -0.160100 0.728700 0.665800
vn -0.435500 0.774300 0.459100
vn -0.470300 0.730900 0.494500
vn 0.009900 0.861400 0.507700
vn -0.290000 0.910700 0.294100
vn 0.288600 0.659000 0.694500
vn 0.477200 0.712900 0.513800
vn 0.113000 0.571200 0.813000
vn 0.068300 0.543700 0.836500
vn 0.533900 0.717900 0.446600
vn 0.177000 0.966200 0.187200
vn 0.282200 0.951500 0.122000
vn 0.029800 0.986700 -0.159900
vn -0.068100 0.993700 -0.088600
vn -0.349200 0.732200 0.584800
vn -0.297400 0.790700 0.535000
vn -0.523200 0.799800 0.294100
vn -0.567800 0.753000 0.332400
vn -0.076700 0.921700 0.380300
vn -0.329600 0.936000 0.123400
vn 0.158900 0.765100 0.624000
vn 0.408500 0.799800 0.439800
vn -0.066000 0.673700 0.736100
vn -0.119900 0.643900 0.755600
vn 0.482700 0.793100 0.371500
vn 0.060900 0.986500 0.151700
vn 0.167300 0.982800 0.078100
vn -0.074000 0.978200 -0.193700
vn -0.175200 0.976800 -0.123200
vn -0.443100 0.736200 0.511600
vn -0.391700 0.792200 0.467900
vn -0.588200 0.775700 0.228500
vn -0.625100 0.733700 0.266100
vn -0.187800 0.924700 0.331000
vn -0.421300 0.904000 0.072700
vn 0.032000 0.813900 0.580000
vn 0.293500 0.863900 0.409200
vn -0.183800 0.710800 0.678900
vn -0.237100 0.677000 0.696700
vn 0.384400 0.859400 0.337000
vn -0.010700 0.998500 0.052500
vn 0.108000 0.993800 -0.026000
vn -0.111000 0.944200 -0.310000
vn -0.222900 0.944400 -0.241700
vn -0.534200 0.750800 0.388500
vn -0.486100 0.797400 0.357500
vn -0.641600 0.760200 0.102400
vn -0.669500 0.730500 0.134900
vn -0.282700 0.931500 0.228600
vn -0.485800 0.872800 -0.047200
vn -0.094000 0.857600 0.505600
vn 0.202200 0.918900 0.338800
vn -0.308800 0.742400 0.594500
vn -0.354800 0.708700 0.609800
vn 0.313900 0.912300 0.263000
vn -0.050000 0.994800 -0.089100
vn 0.065500 0.982700 -0.173300
vn -0.147000 0.890000 -0.431500
vn -0.255300 0.894000 -0.368200
vn -0.579300 0.771800 0.262100
vn -0.530800 0.812900 0.239700
vn -0.664400 0.747200 -0.015100
vn -0.687500 0.726000 0.015600
vn -0.327900 0.939600 0.097700
vn -0.517000 0.838900 -0.170200
vn -0.151600 0.913400 0.377800
vn 0.157600 0.968400 0.193400
vn -0.368900 0.791200 0.487700
vn -0.412100 0.756200 0.508200
vn 0.276200 0.954300 0.114400
vn -0.159500 0.982600 -0.095100
vn -0.039500 0.984300 -0.172200
vn -0.202500 0.875800 -0.438200
vn -0.313000 0.871100 -0.378300
vn -0.641500 0.747800 0.171000
vn -0.602000 0.780000 0.170800
vn -0.691000 0.717900 -0.083700
vn -0.709500 0.701900 -0.062900
vn -0.426300 0.902400 0.062400
vn -0.561600 0.801500 -0.205500
vn -0.292700 0.894200 0.338600
vn 0.003100 0.981900 0.189100
vn -0.478300 0.770800 0.420700
vn -0.510300 0.742600 0.433700
vn 0.131200 0.984200 0.118600
vn -0.148700 0.977300 -0.150900
vn -0.045800 0.977100 -0.207800
vn -0.118500 0.904300 -0.410200
vn -0.216100 0.906200 -0.363400
vn -0.638600 0.763400 0.097000
vn -0.582200 0.809200 0.079300
vn -0.627900 0.771100 -0.104700
vn -0.667100 0.741700 -0.069800
vn -0.392800 0.919200 -0.025900
vn -0.457600 0.859300 -0.228400
vn -0.333400 0.925200 0.181300
vn -0.076700 0.995100 0.061300
vn -0.528600 0.805000 0.269500
vn -0.579700 0.760000 0.293700
vn 0.030300 0.999500 0.008300
vn -0.118800 0.959300 -0.256000
vn -0.021100 0.946000 -0.323400
vn -0.158700 0.850700 -0.501000
vn -0.252400 0.854200 -0.454500
vn -0.621900 0.781900 0.043300
vn -0.561300 0.827200 0.027000
vn -0.643200 0.747600 -0.165200
vn -0.676000 0.725000 -0.131800
vn -0.367400 0.924200 -0.104200
vn -0.486500 0.819600 -0.302500
vn -0.256600 0.961000 0.102800
vn 0.015000 0.998600 -0.050900
vn -0.466500 0.855000 0.226500
vn -0.522300 0.812300 0.259600
vn 0.127600 0.985500 -0.111700
vn 0.329800 0.588200 0.738400
vn 0.226300 0.565400 0.793200
vn 0.319300 0.356300 0.878100
vn 0.414700 0.360900 0.835300
vn 0.797900 0.484600 0.358400
vn 0.749200 0.527000 0.401100
vn 0.791200 0.336600 0.510600
vn 0.820200 0.328800 0.468100
vn 0.574500 0.580800 0.576600
vn 0.645600 0.357700 0.674700
vn 0.495500 0.752900 0.433100
vn 0.229000 0.767100 0.599200
vn 0.682700 0.683700 0.257700
vn 0.728800 0.653900 0.202900
vn 0.111600 0.751900 0.649800
vn 0.372500 0.653000 0.659400
vn 0.268200 0.647600 0.713200
vn 0.302000 0.459300 0.835300
vn 0.400900 0.461800 0.791200
vn 0.814300 0.495400 0.302500
vn 0.769600 0.536300 0.346400
vn 0.787800 0.392600 0.474600
vn 0.821300 0.378600 0.426600
vn 0.604900 0.613700 0.507300
vn 0.634200 0.437500 0.637400
vn 0.567700 0.748300 0.343000
vn 0.326700 0.803000 0.498300
vn 0.734000 0.652000 0.190100
vn 0.774300 0.616700 0.141700
vn 0.219700 0.804500 0.551800
vn 0.389300 0.685400 0.615400
vn 0.267100 0.674700 0.688100
vn 0.373400 0.399700 0.837100
vn 0.484200 0.400900 0.777600
vn 0.819800 0.523200 0.232400
vn 0.789700 0.558800 0.253100
vn 0.837300 0.345900 0.423400
vn 0.853000 0.340000 0.396000
vn 0.640900 0.640800 0.422600
vn 0.722200 0.377800 0.579300
vn 0.534900 0.821300 0.198200
vn 0.257900 0.883700 0.390500
vn 0.690700 0.721500 0.049300
vn 0.715700 0.698100 0.020700
vn 0.128500 0.879300 0.458600
vn 0.287300 0.726300 0.624400
vn 0.165300 0.699700 0.695100
vn 0.324000 0.429000 0.843200
vn 0.435200 0.439400 0.785800
vn 0.774000 0.608600 0.174500
vn 0.735400 0.641200 0.219100
vn 0.825100 0.413800 0.384600
vn 0.844800 0.408200 0.345800
vn 0.558400 0.715000 0.420700
vn 0.691700 0.438400 0.573900
vn 0.407100 0.894200 0.185800
vn 0.106000 0.914900 0.389600
vn 0.596200 0.802700 0.012400
vn 0.631100 0.775200 -0.026900
vn -0.019000 0.890300 0.455000
vn 0.263100 0.817700 0.511900
vn 0.140400 0.800900 0.582100
vn 0.313700 0.548400 0.775100
vn 0.427900 0.557600 0.711300
vn 0.736700 0.673500 0.061000
vn 0.699100 0.705600 0.115900
vn 0.816800 0.495000 0.296100
vn 0.839300 0.482400 0.250800
vn 0.524600 0.792500 0.310700
vn 0.681100 0.541400 0.493000
vn 0.349200 0.935500 0.052700
vn 0.063700 0.967500 0.244600
vn 0.535700 0.838500 -0.099200
vn 0.573100 0.808500 -0.133600
vn -0.052500 0.948900 0.311100
vn 0.200000 0.881400 0.427800
vn 0.089800 0.865000 0.493700
vn 0.296900 0.649200 0.700300
vn 0.400500 0.661100 0.634400
vn 0.656200 0.753300 -0.042900
vn 0.616700 0.786700 0.027800
vn 0.780500 0.590900 0.203900
vn 0.809100 0.568900 0.146900
vn 0.440700 0.868100 0.228400
vn 0.637400 0.648900 0.415400
vn 0.223500 0.974400 -0.024800
vn -0.031600 0.986300 0.161700
vn 0.415000 0.892100 -0.178400
vn 0.459600 0.861600 -0.215500
vn -0.126900 0.966000 0.225000
vn 0.086100 0.914700 0.394800
vn -0.024800 0.893900 0.447500
vn 0.201900 0.701100 0.683900
vn 0.304600 0.721100 0.622300
vn 0.571300 0.814700 -0.099500
vn 0.531400 0.846800 -0.022300
vn 0.729800 0.662900 0.167300
vn 0.764600 0.635600 0.106500
vn 0.337100 0.921400 0.193300
vn 0.561500 0.725900 0.397300
vn 0.092900 0.992400 -0.080100
vn -0.155700 0.981800 0.108300
vn 0.297200 0.924500 -0.238600
vn 0.343600 0.897900 -0.274900
vn -0.235100 0.957700 0.166100
vn 0.057500 0.960400 0.272600
vn -0.043200 0.944500 0.325500
vn 0.249100 0.785100 0.567000
vn 0.336700 0.804500 0.489200
vn 0.429600 0.874100 -0.226800
vn 0.395300 0.905200 -0.156000
vn 0.653700 0.756400 0.022300
vn 0.679700 0.732700 -0.033500
vn 0.250100 0.966300 0.060000
vn 0.532400 0.810400 0.244400
vn -0.052100 0.980600 -0.188900
vn -0.236900 0.971500 0.003200
vn 0.106100 0.931600 -0.347500
vn 0.144400 0.911400 -0.385300
vn -0.296400 0.952800 0.065400
vn 0.067500 0.978600 0.194100
vn -0.028200 0.971900 0.233800
vn 0.339100 0.831700 0.439600
vn 0.400800 0.845200 0.353500
vn 0.352200 0.903600 -0.243700
vn 0.295300 0.934400 -0.198900
vn 0.586600 0.806500 -0.073600
vn 0.604800 0.788400 -0.112000
vn 0.196400 0.980500 -0.003400
vn 0.516300 0.849100 0.111400
vn -0.142000 0.972200 -0.186100
vn -0.275100 0.961200 -0.016600
vn -0.015000 0.943600 -0.330800
vn 0.024100 0.930500 -0.365400
vn -0.318800 0.947100 0.035800
vn 0.024500 0.990700 0.133800
vn 0.038600 0.985300 0.166400
vn 0.358800 0.933300 0.007800
vn 0.335600 0.941700 -0.024600
vn -0.090600 0.994000 -0.060100
vn -0.089100 0.993700 -0.068500
vn 0.208500 0.957400 -0.199600
vn 0.210500 0.957900 -0.195000
vn -0.037800 0.999100 0.019900
vn 0.256000 0.956800 -0.137500
vn -0.346800 0.927200 0.141200
vn -0.296000 0.917600 0.265200
vn -0.377800 0.922900 0.073300
vn -0.380900 0.921000 0.081000
vn -0.278500 0.912300 0.300200
vn 0.043200 0.992000 0.118400
vn 0.134500 0.986900 0.088700
vn 0.191600 0.951400 -0.241100
vn 0.120200 0.961700 -0.246300
vn -0.451300 0.892100 0.018300
vn -0.384800 0.922900 0.014800
vn -0.279600 0.921300 -0.270300
vn -0.328100 0.906400 -0.266100
vn -0.182900 0.980400 0.073300
vn -0.094500 0.959500 -0.265300
vn -0.307700 0.878800 0.364700
vn -0.059400 0.890200 0.451600
vn -0.485100 0.825400 0.288700
vn -0.525600 0.805200 0.274700
vn 0.045700 0.880600 0.471700
vn 0.105700 0.962500 0.249700
vn 0.213900 0.952800 0.215100
vn 0.203800 0.967600 -0.149200
vn 0.113800 0.982100 -0.149800
vn -0.497100 0.854000 0.153400
vn -0.423700 0.888600 0.175300
vn -0.370400 0.915800 -0.155300
vn -0.422800 0.892600 -0.156600
vn -0.175900 0.956700 0.231800
vn -0.152900 0.976300 -0.152900
vn -0.235300 0.798500 0.554100
vn 0.071400 0.797300 0.599300
vn -0.466400 0.748300 0.471700
vn -0.520200 0.728400 0.445900
vn 0.190500 0.780600 0.595200
vn 0.181900 0.924100 0.336000
vn 0.295400 0.909100 0.293700
vn 0.241200 0.968400 -0.063000
vn 0.143700 0.988500 -0.046600
vn -0.483500 0.812600 0.325400
vn -0.404000 0.845200 0.349700
vn -0.398900 0.916700 0.022700
vn -0.454500 0.890300 0.026600
vn -0.127300 0.921000 0.368100
vn -0.155800 0.987800 -0.004200
vn -0.137000 0.724000 0.676100
vn 0.193000 0.726100 0.659900
vn -0.400700 0.664900 0.630300
vn -0.462700 0.641500 0.611800
vn 0.309600 0.710100 0.632300
vn 0.165500 0.861500 0.480000
vn 0.286000 0.848900 0.444400
vn 0.240700 0.965400 0.100000
vn 0.129600 0.983100 0.129500
vn -0.469000 0.735600 0.488800
vn -0.394800 0.766500 0.506500
vn -0.412600 0.884200 0.218600
vn -0.468600 0.854900 0.222400
vn -0.136800 0.843900 0.518800
vn -0.175800 0.965900 0.189900
vn -0.134300 0.609000 0.781700
vn 0.176700 0.623100 0.761900
vn -0.371600 0.560200 0.740300
vn -0.426500 0.543600 0.722900
vn 0.292900 0.614800 0.732300
vn 0.190200 0.799100 0.570200
vn 0.320900 0.784400 0.530800
vn 0.270300 0.941400 0.201900
vn 0.144400 0.959200 0.243100
vn -0.433000 0.676900 0.595200
vn -0.374900 0.700600 0.607200
vn -0.415400 0.842200 0.343500
vn -0.463100 0.816900 0.343700
vn -0.125500 0.775900 0.618200
vn -0.184100 0.929700 0.318900
vn -0.110800 0.516600 0.849000
vn 0.206900 0.529300 0.822800
vn -0.326400 0.485500 0.811000
vn -0.366400 0.479900 0.797100
vn 0.328200 0.522200 0.787100
vn 0.278500 0.736200 0.616700
vn 0.410000 0.712000 0.569900
vn 0.346700 0.899200 0.266800
vn 0.217100 0.922100 0.320300
vn -0.365500 0.618100 0.696000
vn -0.310600 0.646900 0.696400
vn -0.378100 0.807300 0.453000
vn -0.427600 0.781700 0.454000
vn -0.048800 0.721200 0.691000
vn -0.129600 0.898200 0.420000
vn -0.018200 0.444300 0.895700
vn 0.305000 0.449800 0.839400
vn -0.240000 0.420100 0.875200
vn -0.278300 0.415900 0.865800
vn 0.420200 0.441500 0.792700
vn 0.227900 0.645700 0.728800
vn 0.357500 0.635300 0.684500
vn 0.291900 0.847500 0.443200
vn 0.160200 0.852700 0.497200
vn -0.336300 0.502000 0.796800
vn -0.300600 0.535500 0.789200
vn -0.384400 0.707800 0.592500
vn -0.426100 0.686000 0.589800
vn -0.076100 0.607300 0.790800
vn -0.162600 0.799100 0.578800
vn -0.022400 0.341000 0.939800
vn 0.272300 0.359600 0.892500
vn -0.209400 0.318100 0.924600
vn -0.239100 0.315000 0.918500
vn 0.384600 0.359700 0.850100
vn 0.338800 0.612200 0.714400
vn 0.447800 0.595200 0.667200
vn 0.407000 0.761800 0.503900
vn 0.292700 0.772400 0.563600
vn -0.238700 0.491700 0.837400
vn -0.181200 0.531300 0.827600
vn -0.248500 0.669900 0.699500
vn -0.313900 0.640500 0.700800
vn 0.058100 0.593400 0.802800
vn -0.003000 0.746300 0.665600
vn 0.091700 0.395900 0.913700
vn 0.366700 0.410700 0.834800
vn -0.122500 0.364400 0.923100
vn -0.169800 0.354700 0.919400
vn 0.463300 0.409100 0.786100
vn 0.288200 0.604700 0.742500
vn 0.387400 0.598200 0.701500
vn 0.365300 0.741100 0.563200
vn 0.263700 0.745000 0.612700
vn -0.267000 0.476600 0.837600
vn -0.202600 0.520300 0.829600
vn -0.247000 0.646500 0.721800
vn -0.321000 0.612800 0.722000
vn 0.028800 0.581100 0.813300
vn -0.005900 0.718100 0.695900
vn 0.047900 0.411700 0.910000
vn 0.303300 0.434100 0.848300
vn -0.164800 0.372500 0.913200
vn -0.218200 0.358400 0.907700
vn 0.394000 0.437200 0.808500
vn -0.639300 0.674100 0.369800
vn -0.599100 0.650600 0.466700
vn -0.440800 0.772600 0.456900
vn -0.489900 0.795100 0.357500
vn -0.757000 0.624100 -0.193600
vn -0.741900 0.658700 -0.125000
vn -0.616400 0.771400 -0.158100
vn -0.622300 0.746500 -0.235300
vn -0.714800 0.690400 0.111100
vn -0.578100 0.811100 0.088700
vn -0.836100 0.536500 0.114100
vn -0.769800 0.520900 0.368800
vn -0.846900 0.522000 -0.101500
vn -0.843900 0.513200 -0.156200
vn -0.729400 0.507900 0.458300
vn -0.610100 0.671700 0.420100
vn -0.565200 0.635800 0.525500
vn -0.378800 0.779400 0.499100
vn -0.436900 0.811400 0.388100
vn -0.754200 0.635800 -0.163900
vn -0.738100 0.666900 -0.102600
vn -0.590900 0.791200 -0.157600
vn -0.597100 0.769700 -0.225800
vn -0.702400 0.697600 0.141300
vn -0.543800 0.833900 0.093900
vn -0.841900 0.516600 0.156000
vn -0.759600 0.488800 0.429000
vn -0.857500 0.510800 -0.060100
vn -0.855700 0.506000 -0.108200
vn -0.711000 0.469300 0.523600
vn -0.620000 0.719000 0.313900
vn -0.576900 0.687800 0.440600
vn -0.306500 0.867100 0.392500
vn -0.360000 0.895000 0.263500
vn -0.713200 0.650600 -0.260700
vn -0.700300 0.678400 -0.221800
vn -0.480300 0.827300 -0.291100
vn -0.481200 0.810100 -0.334900
vn -0.689400 0.724300 0.009100
vn -0.451200 0.890300 -0.061200
vn -0.876900 0.479300 0.037200
vn -0.825100 0.457800 0.331000
vn -0.866700 0.475200 -0.151500
vn -0.861300 0.474500 -0.181500
vn -0.782400 0.439000 0.441600
vn -0.495100 0.785500 0.371300
vn -0.451600 0.740100 0.498300
vn -0.123900 0.885200 0.448300
vn -0.174200 0.930100 0.323300
vn -0.596100 0.752600 -0.279600
vn -0.591800 0.775000 -0.221900
vn -0.327200 0.903300 -0.277400
vn -0.332400 0.883700 -0.329400
vn -0.573200 0.818100 0.046200
vn -0.278900 0.960100 -0.021500
vn -0.817400 0.573700 0.051500
vn -0.758700 0.534700 0.372000
vn -0.802500 0.571300 -0.171900
vn -0.794100 0.570000 -0.210700
vn -0.713000 0.506800 0.484500
vn -0.440200 0.850000 0.289300
vn -0.402500 0.815100 0.416700
vn -0.053900 0.925300 0.375400
vn -0.092800 0.962900 0.253200
vn -0.488100 0.802700 -0.342700
vn -0.495800 0.821300 -0.282100
vn -0.214000 0.925200 -0.313400
vn -0.218300 0.905600 -0.363500
vn -0.493500 0.869400 -0.025800
vn -0.174600 0.981800 -0.074600
vn -0.760900 0.647900 -0.033800
vn -0.730800 0.621300 0.282700
vn -0.729700 0.635400 -0.252300
vn -0.717200 0.632300 -0.293000
vn -0.695800 0.595400 0.401700
vn -0.341700 0.900400 0.269400
vn -0.307500 0.869300 0.386900
vn 0.050300 0.936800 0.346200
vn 0.023000 0.970900 0.238400
vn -0.374200 0.848300 -0.374600
vn -0.386400 0.873100 -0.297200
vn -0.084000 0.947300 -0.309100
vn -0.092700 0.925300 -0.367800
vn -0.384800 0.922400 -0.032100
vn -0.041500 0.997000 -0.065600
vn -0.680500 0.731100 -0.048700
vn -0.656500 0.707500 0.261400
vn -0.648800 0.703100 -0.290800
vn -0.634500 0.690300 -0.347600
vn -0.627700 0.682000 0.375300
vn -0.189700 0.938300 0.288900
vn -0.149300 0.904600 0.399200
vn 0.211800 0.915100 0.343100
vn 0.198000 0.948100 0.248700
vn -0.201100 0.900900 -0.384700
vn -0.219500 0.927800 -0.301600
vn 0.114600 0.948100 -0.296600
vn 0.106300 0.929000 -0.354600
vn -0.224100 0.974400 -0.017900
vn 0.153800 0.986900 -0.047900
vn -0.558600 0.828400 -0.041400
vn -0.539900 0.791500 0.286300
vn -0.524300 0.792700 -0.311100
vn -0.510100 0.773800 -0.375600
vn -0.514300 0.758700 0.399900
vn -0.099100 0.971500 0.215300
vn -0.065600 0.944800 0.320900
vn 0.296600 0.905400 0.303700
vn 0.298700 0.929600 0.215900
vn -0.024900 0.917100 -0.397800
vn -0.040700 0.946300 -0.320700
vn 0.290600 0.917100 -0.272700
vn 0.287900 0.900000 -0.327300
vn -0.084300 0.994300 -0.065600
vn 0.299100 0.952900 -0.049900
vn -0.427400 0.894000 -0.134100
vn -0.470000 0.865800 0.171800
vn -0.355300 0.857900 -0.371200
vn -0.333200 0.840400 -0.427300
vn -0.467600 0.835600 0.288200
vn 0.034700 0.987600 0.153200
vn 0.063900 0.968000 0.242700
vn 0.384900 0.876900 0.287700
vn 0.391100 0.894200 0.217700
vn 0.114800 0.929100 -0.351500
vn 0.123400 0.951400 -0.282100
vn 0.405700 0.895100 -0.184600
vn 0.398900 0.886500 -0.234300
vn 0.075900 0.994400 -0.073800
vn 0.407900 0.913000 0.003600
vn -0.228500 0.952400 -0.201800
vn -0.310800 0.949200 0.048300
vn -0.162800 0.908100 -0.385700
vn -0.152300 0.890600 -0.428500
vn -0.331400 0.931200 0.152100
vn 0.019200 0.990700 0.134900
vn -0.013800 0.988700 0.149100
vn 0.137300 0.878300 0.457900
vn 0.170500 0.884200 0.434900
vn 0.210400 0.977400 0.016100
vn 0.218800 0.975600 0.017400
vn 0.344900 0.887300 0.306100
vn 0.340500 0.888300 0.308200
vn 0.132500 0.988600 0.071100
vn 0.283800 0.890800 0.354800
vn -0.000500 0.970500 -0.240900
vn -0.124100 0.974200 -0.188400
vn 0.065700 0.959500 -0.273800
vn 0.057700 0.959200 -0.276800
vn -0.159400 0.972300 -0.170700
vn -0.042000 0.983200 0.177800
vn -0.082900 0.993100 0.082800
vn -0.305100 0.845800 0.437600
vn -0.217400 0.839300 0.498300
vn 0.381400 0.811900 0.442100
vn 0.341300 0.855200 0.389900
vn 0.200100 0.716200 0.668600
vn 0.235500 0.690600 0.683800
vn 0.154400 0.940900 0.301300
vn 0.023300 0.793800 0.607700
vn 0.331300 0.942600 -0.040300
vn 0.161100 0.972200 -0.169700
vn 0.470800 0.878600 0.079300
vn 0.503300 0.856200 0.116000
vn 0.106900 0.971100 -0.213400
vn -0.122400 0.978200 0.167700
vn -0.177800 0.981700 0.067200
vn -0.438700 0.829200 0.346300
vn -0.358200 0.826800 0.433600
vn 0.360600 0.776800 0.516200
vn 0.295200 0.821900 0.487200
vn 0.098100 0.674000 0.732100
vn 0.149900 0.639500 0.754100
vn 0.090000 0.930600 0.354700
vn -0.114000 0.774000 0.622700
vn 0.336000 0.940500 0.049900
vn 0.143400 0.981000 -0.130200
vn 0.486400 0.851000 0.198000
vn 0.520900 0.821200 0.233000
vn 0.078600 0.978700 -0.189800
vn -0.249900 0.948600 0.194200
vn -0.306000 0.948400 0.082900
vn -0.567300 0.769600 0.293100
vn -0.502700 0.768500 0.395800
vn 0.226800 0.722000 0.653600
vn 0.155100 0.769600 0.619300
vn -0.058900 0.595600 0.801100
vn -0.002700 0.555800 0.831300
vn -0.047900 0.896900 0.439500
vn -0.277700 0.710800 0.646200
vn 0.231300 0.952500 0.197900
vn 0.041700 0.998100 -0.045700
vn 0.379100 0.839200 0.389800
vn 0.411300 0.802500 0.432100
vn -0.019600 0.991800 -0.125900
vn -0.286800 0.908300 0.304500
vn -0.355200 0.914200 0.194800
vn -0.590800 0.710500 0.382200
vn -0.523100 0.700900 0.484900
vn 0.162100 0.660900 0.732700
vn 0.097100 0.708700 0.698800
vn -0.105600 0.524800 0.844600
vn -0.052500 0.491400 0.869300
vn -0.090000 0.838400 0.537500
vn -0.306800 0.629600 0.713800
vn 0.174900 0.928700 0.327000
vn -0.009500 0.996800 0.079300
vn 0.315500 0.803500 0.504800
vn 0.347800 0.762900 0.544900
vn -0.075800 0.997000 -0.016100
vn -0.379100 0.851400 0.362300
vn -0.452000 0.859000 0.240200
vn -0.680000 0.620900 0.389800
vn -0.614700 0.607800 0.502700
vn 0.047800 0.589200 0.806500
vn -0.001800 0.633200 0.774000
vn -0.211100 0.440500 0.872500
vn -0.168200 0.418800 0.892400
vn -0.182300 0.767400 0.614700
vn -0.399600 0.530800 0.747300
vn 0.093200 0.888300 0.449600
vn -0.093600 0.980300 0.173900
vn 0.229900 0.749400 0.620800
vn 0.259700 0.710600 0.653900
vn -0.162900 0.984900 0.058100
vn -0.504200 0.775900 0.379200
vn -0.578900 0.773900 0.256800
vn -0.765400 0.512800 0.388700
vn -0.706300 0.502000 0.499000
vn -0.073900 0.538500 0.839400
vn -0.113300 0.581500 0.805600
vn -0.310900 0.373200 0.874100
vn -0.273400 0.359600 0.892100
vn -0.302500 0.704000 0.642500
vn -0.495200 0.440700 0.748700
vn -0.044200 0.861400 0.506000
vn -0.244600 0.945700 0.213800
vn 0.114600 0.724400 0.679800
vn 0.149500 0.687600 0.710500
vn -0.313900 0.945300 0.088500
vn -0.500700 0.723000 0.475900
vn -0.575100 0.737000 0.355000
vn -0.763500 0.477700 0.434500
vn -0.703800 0.457600 0.543400
vn -0.143800 0.458300 0.877100
vn -0.159100 0.499700 0.851400
vn -0.359500 0.311000 0.879800
vn -0.333300 0.299300 0.894000
vn -0.315200 0.622300 0.716500
vn -0.509600 0.378600 0.772600
vn -0.066700 0.777500 0.625400
vn -0.249100 0.898500 0.361400
vn 0.066400 0.639700 0.765700
vn 0.091300 0.609600 0.787400
vn -0.318100 0.918700 0.234000
vn -0.549200 0.699700 0.456800
vn -0.604000 0.714100 0.353800
vn -0.753200 0.543800 0.370000
vn -0.708500 0.528600 0.467400
vn -0.217400 0.442200 0.870100
vn -0.254900 0.493900 0.831300
vn -0.403400 0.370000 0.836800
vn -0.357900 0.345300 0.867500
vn -0.403300 0.612500 0.679800
vn -0.558500 0.455800 0.693000
vn -0.220600 0.724100 0.653500
vn -0.367500 0.827900 0.423700
vn -0.083000 0.587900 0.804700
vn -0.040300 0.541500 0.839700
vn -0.420900 0.849200 0.318800
vn -0.637500 0.652700 0.409300
vn -0.695900 0.650000 0.305200
vn -0.811100 0.447200 0.377000
vn -0.767400 0.434600 0.471400
vn -0.274400 0.441800 0.854100
vn -0.310600 0.495200 0.811300
vn -0.447500 0.320000 0.835000
vn -0.406500 0.302800 0.862000
vn -0.477000 0.594000 0.647700
vn -0.607500 0.381700 0.696600
vn -0.309500 0.750100 0.584400
vn -0.473400 0.818600 0.325100
vn -0.145400 0.634900 0.758800
vn -0.095400 0.592300 0.800000
vn -0.526600 0.824300 0.208000
vn -0.832800 0.444900 -0.329400
vn -0.770100 0.474100 -0.426800
vn -0.815600 0.253200 -0.520200
vn -0.871600 0.212200 -0.441800
vn -0.979300 0.116600 0.165500
vn -0.976400 0.179400 0.120200
vn -0.999900 -0.000500 -0.010500
vn -0.999100 -0.023600 0.036000
vn -0.943800 0.318300 -0.089200
vn -0.973600 0.095500 -0.207100
vn -0.867400 0.495100 0.050000
vn -0.743600 0.637600 -0.201200
vn -0.904800 0.336900 0.260300
vn -0.903900 0.285600 0.318400
vn -0.670400 0.679300 -0.298600
vn -0.849100 0.477800 -0.225000
vn -0.791300 0.522900 -0.316800
vn -0.815500 0.349500 -0.461300
vn -0.872800 0.305000 -0.381000
vn -0.967900 0.114600 0.223500
vn -0.968400 0.174300 0.178500
vn -0.998200 0.048200 0.035000
vn -0.996100 0.017100 0.086400
vn -0.944300 0.328800 -0.007400
vn -0.973000 0.168900 -0.157100
vn -0.878100 0.452000 0.156800
vn -0.782900 0.618900 -0.062900
vn -0.900900 0.280500 0.331000
vn -0.896700 0.227400 0.379700
vn -0.725100 0.671200 -0.153600
vn -0.851400 0.495900 -0.170800
vn -0.787000 0.545600 -0.288000
vn -0.852800 0.265200 -0.449800
vn -0.911600 0.213000 -0.351500
vn -0.946700 0.131300 0.294300
vn -0.945100 0.178000 0.273800
vn -0.996000 -0.019400 0.086600
vn -0.992800 -0.033800 0.115100
vn -0.939700 0.330300 0.088400
vn -0.993600 0.072200 -0.087000
vn -0.804200 0.519700 0.288300
vn -0.701500 0.712200 0.023800
vn -0.819400 0.350000 0.453900
vn -0.817000 0.315800 0.482400
vn -0.631300 0.770200 -0.090600
vn -0.788700 0.577700 -0.210000
vn -0.718000 0.612900 -0.329800
vn -0.826600 0.313400 -0.467500
vn -0.889800 0.269500 -0.368200
vn -0.910200 0.223000 0.349000
vn -0.912900 0.272600 0.303700
vn -0.990000 0.043500 0.134200
vn -0.984300 0.026700 0.174300
vn -0.898300 0.432600 0.076400
vn -0.987200 0.139400 -0.077900
vn -0.721100 0.639700 0.266000
vn -0.590800 0.806200 -0.030500
vn -0.753400 0.460900 0.468900
vn -0.752100 0.417800 0.509600
vn -0.515800 0.844100 -0.146500
vn -0.744100 0.660900 -0.097300
vn -0.676000 0.705100 -0.214200
vn -0.824800 0.419300 -0.379300
vn -0.886700 0.372600 -0.273500
vn -0.845600 0.287900 0.449400
vn -0.854200 0.337600 0.395500
vn -0.966600 0.112600 0.230000
vn -0.957400 0.087700 0.274900
vn -0.842700 0.507700 0.179000
vn -0.973100 0.229600 0.016500
vn -0.622300 0.690900 0.367900
vn -0.502300 0.859800 0.091400
vn -0.661500 0.510100 0.549700
vn -0.663700 0.464000 0.586600
vn -0.436900 0.899300 -0.020000
vn -0.673400 0.738500 -0.033400
vn -0.613100 0.777200 -0.141200
vn -0.808200 0.510700 -0.293200
vn -0.861600 0.470900 -0.189400
vn -0.756600 0.385900 0.527800
vn -0.772000 0.438900 0.459700
vn -0.924100 0.206600 0.321400
vn -0.910800 0.169800 0.376300
vn -0.760300 0.605200 0.235900
vn -0.936100 0.338500 0.095600
vn -0.496600 0.774000 0.392700
vn -0.391300 0.911300 0.128000
vn -0.543900 0.604100 0.582300
vn -0.550400 0.554200 0.624300
vn -0.340300 0.939900 0.027600
vn -0.577600 0.815100 -0.043500
vn -0.508700 0.849200 -0.141500
vn -0.742100 0.597200 -0.304300
vn -0.799600 0.565400 -0.202300
vn -0.681500 0.473200 0.558200
vn -0.699500 0.525800 0.484000
vn -0.889800 0.290300 0.352000
vn -0.877800 0.245600 0.411300
vn -0.678400 0.695100 0.237700
vn -0.892700 0.439100 0.101000
vn -0.371200 0.842500 0.390400
vn -0.264300 0.956900 0.120400
vn -0.431000 0.679400 0.593700
vn -0.440700 0.632400 0.637000
vn -0.221900 0.974600 0.030400
vn -0.509000 0.858400 0.062700
vn -0.450100 0.892500 -0.029800
vn -0.749500 0.642300 -0.159900
vn -0.786800 0.615100 -0.050400
vn -0.525200 0.577500 0.625000
vn -0.544000 0.626200 0.558500
vn -0.788400 0.395200 0.471400
vn -0.773000 0.358000 0.523700
vn -0.557600 0.762300 0.328600
vn -0.821600 0.514900 0.244400
vn -0.197200 0.886000 0.419700
vn -0.143400 0.974300 0.173700
vn -0.226800 0.760000 0.609000
vn -0.231500 0.722100 0.651900
vn -0.121000 0.988600 0.089800
vn -0.483800 0.863900 0.139700
vn -0.425200 0.902800 0.063200
vn -0.773000 0.634300 0.000900
vn -0.783500 0.612400 0.104900
vn -0.465100 0.636300 0.615300
vn -0.452900 0.692500 0.561500
vn -0.703900 0.461300 0.540000
vn -0.693000 0.434000 0.575700
vn -0.487900 0.793100 0.364600
vn -0.755200 0.545500 0.363200
vn -0.124200 0.917800 0.377000
vn -0.099600 0.980100 0.171800
vn -0.142900 0.824900 0.547000
vn -0.152300 0.793200 0.589600
vn -0.086300 0.990800 0.104300
vn -0.423500 0.888400 0.177000
vn -0.449200 0.880200 0.153300
vn -0.606700 0.681000 0.410000
vn -0.574800 0.695900 0.430500
vn -0.235700 0.925500 0.296300
vn -0.232600 0.923800 0.304100
vn -0.391200 0.750800 0.532100
vn -0.395300 0.750800 0.529100
vn -0.319600 0.913700 0.251100
vn -0.460000 0.734800 0.498500
vn -0.110200 0.993900 -0.004000
vn -0.209500 0.973400 -0.092000
vn -0.050000 0.997900 0.040200
vn -0.050800 0.998200 0.031700
vn -0.239200 0.964000 -0.116300
vn -0.431000 0.880200 0.198400
vn -0.487100 0.833400 0.261100
vn -0.354900 0.749300 0.559000
vn -0.299100 0.789200 0.536400
vn 0.046500 0.997800 0.047800
vn -0.015100 0.996000 0.087600
vn 0.044800 0.925100 0.377000
vn 0.086300 0.933200 0.348700
vn -0.224600 0.964500 0.138700
vn -0.118000 0.879200 0.461600
vn -0.237000 0.952000 -0.193700
vn -0.482000 0.861300 -0.160600
vn -0.039600 0.975100 -0.218200
vn 0.006500 0.973400 -0.228900
vn -0.572300 0.808600 -0.136400
vn -0.536600 0.837500 0.103300
vn -0.602000 0.778800 0.176000
vn -0.416200 0.766200 0.489600
vn -0.349300 0.818400 0.456300
vn 0.028100 0.994700 -0.098700
vn -0.052900 0.995600 -0.076700
vn 0.061200 0.969300 0.238200
vn 0.111400 0.971200 0.210600
vn -0.301600 0.953400 -0.001600
vn -0.133600 0.929000 0.345000
vn -0.362200 0.864200 -0.349200
vn -0.628500 0.733300 -0.259100
vn -0.120000 0.913000 -0.389800
vn -0.057600 0.916400 -0.395900
vn -0.715500 0.666200 -0.210200
vn -0.627500 0.777000 0.050200
vn -0.691500 0.710600 0.130200
vn -0.489500 0.757800 0.431300
vn -0.427000 0.819600 0.381900
vn -0.054900 0.965900 -0.252800
vn -0.141400 0.962600 -0.231000
vn -0.005700 0.997300 0.073100
vn 0.045400 0.998200 0.038900
vn -0.396600 0.911600 -0.108500
vn -0.209800 0.952900 0.219000
vn -0.476300 0.764700 -0.433900
vn -0.731400 0.621600 -0.280300
vn -0.223500 0.822800 -0.522400
vn -0.157000 0.827300 -0.539300
vn -0.805000 0.554100 -0.212000
vn -0.665400 0.740000 -0.098500
vn -0.739100 0.673200 -0.020600
vn -0.569900 0.768900 0.289900
vn -0.502300 0.835500 0.222700
vn -0.122200 0.904200 -0.409300
vn -0.200600 0.901100 -0.384500
vn -0.082000 0.990400 -0.110500
vn -0.029500 0.988900 -0.145800
vn -0.438300 0.859100 -0.264300
vn -0.283800 0.958200 0.037100
vn -0.492300 0.669300 -0.556500
vn -0.734600 0.544800 -0.404300
vn -0.266200 0.725400 -0.634700
vn -0.208100 0.733000 -0.647500
vn -0.809300 0.484300 -0.332200
vn -0.709100 0.680800 -0.183500
vn -0.788200 0.607400 -0.098700
vn -0.636300 0.742900 0.207800
vn -0.562900 0.817100 0.124300
vn -0.184300 0.844700 -0.502400
vn -0.244600 0.841600 -0.481500
vn -0.128200 0.964400 -0.231300
vn -0.081700 0.962500 -0.258700
vn -0.474100 0.801400 -0.364500
vn -0.329600 0.940000 -0.087700
vn -0.513400 0.581800 -0.630800
vn -0.757300 0.452700 -0.470700
vn -0.312200 0.644600 -0.697800
vn -0.271600 0.655900 -0.704300
vn -0.833500 0.390500 -0.390900
vn -0.781200 0.589900 -0.204300
vn -0.854200 0.507000 -0.115400
vn -0.715400 0.677200 0.172200
vn -0.646900 0.758500 0.078000
vn -0.268500 0.771000 -0.577500
vn -0.322200 0.772900 -0.546600
vn -0.201000 0.925900 -0.319800
vn -0.153400 0.924600 -0.348700
vn -0.553000 0.725000 -0.410400
vn -0.412900 0.896400 -0.160800
vn -0.585800 0.480500 -0.652500
vn -0.816600 0.340000 -0.466400
vn -0.390900 0.553700 -0.735200
vn -0.354300 0.565800 -0.744500
vn -0.882100 0.278500 -0.379900
vn -0.766400 0.540000 -0.347800
vn -0.843700 0.470600 -0.258000
vn -0.742700 0.669400 -0.017500
vn -0.666700 0.735900 -0.118000
vn -0.302800 0.662600 -0.685000
vn -0.338800 0.676400 -0.653900
vn -0.232100 0.851100 -0.470900
vn -0.190200 0.849400 -0.492300
vn -0.542600 0.643100 -0.540300
vn -0.432600 0.835200 -0.339500
vn -0.569500 0.393400 -0.721700
vn -0.786600 0.277800 -0.551400
vn -0.405300 0.453100 -0.793900
vn -0.377600 0.462700 -0.802100
vn -0.854600 0.225500 -0.467600
vn -0.836000 0.460500 -0.298300
vn -0.893300 0.393900 -0.216500
vn -0.835600 0.547500 -0.045700
vn -0.778200 0.611700 -0.142200
vn -0.397300 0.614200 -0.681800
vn -0.451700 0.623800 -0.637800
vn -0.381000 0.766800 -0.516500
vn -0.319600 0.769000 -0.553600
vn -0.650700 0.573200 -0.498000
vn -0.585300 0.725500 -0.362000
vn -0.665900 0.390800 -0.635500
vn -0.850100 0.277700 -0.447400
vn -0.489500 0.456600 -0.742900
vn -0.446700 0.468200 -0.762400
vn -0.901900 0.230300 -0.365200
vn -0.807300 0.478100 -0.345800
vn -0.863400 0.425700 -0.270600
vn -0.825100 0.552000 -0.120200
vn -0.770400 0.603800 -0.204500
vn -0.369800 0.613000 -0.698200
vn -0.431900 0.623500 -0.651700
vn -0.385300 0.747000 -0.541700
vn -0.315200 0.749100 -0.582700
vn -0.628500 0.575900 -0.522800
vn -0.588500 0.704000 -0.397400
vn -0.634600 0.423700 -0.646300
vn -0.814400 0.327400 -0.479100
vn -0.453700 0.481500 -0.749900
vn -0.403600 0.491700 -0.771600
vn -0.867600 0.287400 -0.405700
vn 0.308500 0.942000 -0.132000
vn 0.222700 0.955100 -0.195400
vn 0.091300 0.994600 -0.049700
vn 0.185900 0.982500 0.011000
vn 0.716800 0.674400 0.176900
vn 0.665500 0.729800 0.156300
vn 0.574700 0.761900 0.298700
vn 0.622700 0.707200 0.334700
vn 0.512500 0.858300 0.023700
vn 0.406200 0.898200 0.168200
vn 0.617800 0.777000 -0.120300
vn 0.423600 0.862500 -0.276700
vn 0.745300 0.666600 0.015300
vn 0.773000 0.632400 0.049100
vn 0.341200 0.880600 -0.328800
vn 0.256600 0.953900 -0.155600
vn 0.162700 0.959400 -0.230200
vn 0.016100 0.998700 -0.048400
vn 0.124300 0.992000 0.022100
vn 0.697800 0.697100 0.164400
vn 0.649700 0.745800 0.147300
vn 0.552300 0.769400 0.320800
vn 0.595600 0.721800 0.352500
vn 0.485300 0.874200 0.012400
vn 0.373900 0.907300 0.192500
vn 0.600400 0.782800 -0.163200
vn 0.383200 0.861600 -0.332700
vn 0.731900 0.680900 -0.024400
vn 0.756900 0.653500 0.006700
vn 0.291500 0.874100 -0.388600
vn 0.321200 0.945200 -0.058900
vn 0.217000 0.965100 -0.146100
vn 0.010800 0.994200 0.107200
vn 0.125200 0.973800 0.189700
vn 0.716000 0.648900 0.257300
vn 0.683000 0.685400 0.252300
vn 0.531600 0.697100 0.481100
vn 0.557000 0.662600 0.500700
vn 0.545800 0.828500 0.124700
vn 0.379200 0.847300 0.371900
vn 0.696000 0.708200 -0.118200
vn 0.492700 0.812600 -0.311200
vn 0.790900 0.611800 0.013800
vn 0.802800 0.595100 0.036300
vn 0.397200 0.835200 -0.380200
vn 0.183100 0.983100 -0.006300
vn 0.078800 0.991600 -0.101900
vn -0.173100 0.972300 0.157100
vn -0.064200 0.966600 0.248100
vn 0.624800 0.682100 0.380000
vn 0.588800 0.726000 0.355200
vn 0.393400 0.712200 0.581300
vn 0.426800 0.673500 0.603500
vn 0.425000 0.882000 0.203600
vn 0.210900 0.863100 0.458800
vn 0.635100 0.770900 -0.047400
vn 0.412000 0.871400 -0.266100
vn 0.745000 0.657700 0.111600
vn 0.759200 0.635300 0.141100
vn 0.313200 0.886500 -0.340500
vn 0.179700 0.977400 0.111400
vn 0.079700 0.996600 0.019200
vn -0.193200 0.945900 0.260700
vn -0.095100 0.931700 0.350400
vn 0.567200 0.655300 0.498800
vn 0.539800 0.701900 0.464600
vn 0.317500 0.673800 0.667200
vn 0.349300 0.635600 0.688400
vn 0.395900 0.861700 0.317200
vn 0.152000 0.819500 0.552600
vn 0.631900 0.771000 0.079000
vn 0.434500 0.889400 -0.141900
vn 0.725800 0.646300 0.235600
vn 0.737700 0.620100 0.267100
vn 0.341000 0.912900 -0.224100
vn 0.106400 0.974700 0.196600
vn 0.014600 0.993600 0.111900
vn -0.264700 0.905400 0.332000
vn -0.184100 0.891100 0.414600
vn 0.487700 0.637700 0.596100
vn 0.454800 0.698800 0.552100
vn 0.205700 0.648900 0.732500
vn 0.245900 0.606100 0.756400
vn 0.306600 0.864200 0.398900
vn 0.035200 0.790100 0.611900
vn 0.569900 0.803400 0.172300
vn 0.381000 0.923500 -0.045000
vn 0.676700 0.654900 0.336300
vn 0.696300 0.612500 0.374000
vn 0.295400 0.947000 -0.126100
vn -0.032700 0.962200 0.270100
vn -0.125600 0.973400 0.191600
vn -0.397300 0.830600 0.390200
vn -0.335300 0.817200 0.468700
vn 0.346600 0.615800 0.707500
vn 0.315700 0.683400 0.658200
vn 0.032700 0.586900 0.809000
vn 0.072100 0.546700 0.834200
vn 0.162600 0.857500 0.488100
vn -0.137500 0.722900 0.677100
vn 0.460500 0.843600 0.276300
vn 0.266800 0.963000 0.036700
vn 0.580500 0.674700 0.455700
vn 0.604600 0.623800 0.495200
vn 0.184400 0.981600 -0.049900
vn -0.069400 0.922800 0.378900
vn -0.154300 0.939800 0.304700
vn -0.446400 0.774700 0.447800
vn -0.401000 0.751800 0.523400
vn 0.205900 0.561800 0.801200
vn 0.175800 0.627600 0.758400
vn -0.126500 0.512400 0.849300
vn -0.093700 0.473500 0.875800
vn 0.071200 0.802600 0.592200
vn -0.256600 0.644300 0.720400
vn 0.399100 0.807400 0.434400
vn 0.268300 0.944600 0.189000
vn 0.469700 0.640600 0.607400
vn 0.482700 0.592200 0.645200
vn 0.203800 0.974700 0.092000
vn -0.147900 0.860100 0.488100
vn -0.220600 0.876700 0.427400
vn -0.510400 0.713600 0.479800
vn -0.478000 0.692200 0.540700
vn 0.063300 0.545400 0.835800
vn 0.017300 0.593400 0.804700
vn -0.270100 0.496700 0.824800
vn -0.236900 0.468500 0.851100
vn -0.058400 0.743600 0.666100
vn -0.375600 0.599800 0.706500
vn 0.267700 0.753800 0.600100
vn 0.199800 0.898500 0.390800
vn 0.315000 0.607900 0.728800
vn 0.330200 0.569800 0.752500
vn 0.160900 0.940300 0.299900
vn -0.125000 0.859300 0.495900
vn -0.105100 0.875900 0.471000
vn -0.396500 0.881000 0.257800
vn -0.411900 0.863400 0.291200
vn -0.219500 0.726200 0.651500
vn -0.227100 0.722400 0.653100
vn -0.487400 0.744600 0.456100
vn -0.484900 0.747900 0.453300
vn -0.184900 0.788200 0.587000
vn -0.463100 0.791600 0.398600
vn 0.097800 0.671300 0.734700
vn 0.172300 0.741800 0.648100
vn 0.060700 0.623900 0.779100
vn 0.069100 0.624900 0.777600
vn 0.192200 0.760900 0.619700
vn -0.097000 0.894700 0.435900
vn -0.011200 0.871800 0.489800
vn -0.014300 0.997800 0.064200
vn -0.120600 0.991100 0.055900
vn -0.589600 0.735500 0.333700
vn -0.529200 0.759600 0.378000
vn -0.558500 0.828300 0.044300
vn -0.595500 0.802600 0.033800
vn -0.327400 0.851400 0.409700
vn -0.380100 0.923200 0.056400
vn -0.288500 0.629400 0.721500
vn -0.076400 0.650600 0.755500
vn -0.468400 0.586300 0.660900
vn -0.514800 0.574400 0.636400
vn -0.007100 0.647700 0.761900
vn -0.024100 0.913700 0.405700
vn 0.077100 0.887900 0.453500
vn 0.148000 0.987100 0.060600
vn 0.033000 0.998900 0.033300
vn -0.611600 0.749500 0.253200
vn -0.542600 0.794800 0.271800
vn -0.506500 0.859500 -0.067600
vn -0.560600 0.824100 -0.080900
vn -0.302300 0.890700 0.339500
vn -0.272800 0.961800 -0.024000
vn -0.341700 0.669000 0.660100
vn -0.083500 0.682700 0.725900
vn -0.545300 0.614900 0.569600
vn -0.592300 0.595500 0.542700
vn 0.003300 0.674800 0.738000
vn 0.069100 0.946300 0.315800
vn 0.176900 0.912600 0.368500
vn 0.286800 0.957900 0.007500
vn 0.176600 0.983600 -0.036300
vn -0.572900 0.816600 0.069400
vn -0.495900 0.863600 0.090400
vn -0.410100 0.883100 -0.228000
vn -0.472200 0.845800 -0.248200
vn -0.232200 0.951400 0.202500
vn -0.146500 0.978200 -0.146900
vn -0.335500 0.785200 0.520500
vn -0.045200 0.771700 0.634400
vn -0.560100 0.733600 0.384800
vn -0.608900 0.712900 0.347800
vn 0.050100 0.749700 0.659800
vn 0.041000 0.978900 0.200400
vn 0.158100 0.955100 0.250400
vn 0.259800 0.960600 -0.098500
vn 0.147300 0.978200 -0.146100
vn -0.559900 0.827100 -0.048500
vn -0.488600 0.872100 -0.024800
vn -0.392300 0.862500 -0.319500
vn -0.449100 0.828900 -0.333400
vn -0.248500 0.965100 0.082700
vn -0.156200 0.954600 -0.253500
vn -0.358100 0.846600 0.393500
vn -0.070800 0.847700 0.525700
vn -0.568600 0.781300 0.257500
vn -0.616000 0.756400 0.219900
vn 0.036800 0.825400 0.563200
vn 0.088600 0.992200 0.087900
vn 0.216100 0.965500 0.145500
vn 0.333400 0.922500 -0.194300
vn 0.217500 0.943000 -0.252000
vn -0.502100 0.843600 -0.190100
vn -0.444400 0.880900 -0.163000
vn -0.316400 0.844000 -0.433000
vn -0.362400 0.821000 -0.441100
vn -0.211100 0.976100 -0.051500
vn -0.093500 0.922700 -0.374100
vn -0.355500 0.900400 0.250600
vn -0.051700 0.908400 0.414900
vn -0.558500 0.822200 0.109400
vn -0.600100 0.796200 0.076400
vn 0.069500 0.881000 0.467900
vn 0.186700 0.982200 -0.021200
vn 0.316200 0.948200 0.030200
vn 0.409300 0.863900 -0.293300
vn 0.299900 0.887200 -0.350400
vn -0.416400 0.860200 -0.294200
vn -0.366600 0.892500 -0.262600
vn -0.231400 0.824700 -0.516000
vn -0.272200 0.809300 -0.520400
vn -0.123400 0.979500 -0.159000
vn -0.011100 0.883300 -0.468600
vn -0.270400 0.952800 0.137400
vn 0.054000 0.951500 0.302900
vn -0.493500 0.869700 0.004900
vn -0.538100 0.842500 -0.022900
vn 0.180500 0.915500 0.359500
vn 0.132700 0.984200 -0.117400
vn 0.260500 0.963700 -0.057500
vn 0.383900 0.856600 -0.344600
vn 0.275100 0.871500 -0.406000
vn -0.375800 0.837300 -0.397000
vn -0.350500 0.863900 -0.361600
vn -0.191600 0.793800 -0.577100
vn -0.221000 0.782100 -0.582600
vn -0.150500 0.952900 -0.263300
vn -0.009900 0.849500 -0.527500
vn -0.313900 0.949400 -0.003600
vn -0.021200 0.984900 0.171500
vn -0.497200 0.858600 -0.124400
vn -0.528700 0.836100 -0.146400
vn 0.105400 0.964600 0.241800
vn 0.184600 0.973000 -0.138600
vn 0.286200 0.954600 -0.082500
vn 0.408200 0.875900 -0.257000
vn 0.318100 0.894500 -0.314000
vn -0.309900 0.846400 -0.433100
vn -0.259100 0.882700 -0.391900
vn -0.133500 0.836400 -0.531600
vn -0.187500 0.815200 -0.547900
vn -0.056300 0.958000 -0.281200
vn 0.071700 0.891000 -0.448300
vn -0.198700 0.972700 -0.119900
vn 0.046200 0.998200 0.036800
vn -0.391600 0.886800 -0.245300
vn -0.444900 0.851200 -0.278400
vn 0.147400 0.984100 0.098800
vn 0.286100 0.942800 -0.170900
vn 0.392000 0.911300 -0.125600
vn 0.456200 0.821000 -0.343100
vn 0.368500 0.840600 -0.396900
vn -0.253400 0.858100 -0.446500
vn -0.201700 0.893600 -0.401100
vn -0.093900 0.810300 -0.578400
vn -0.142300 0.795000 -0.589700
vn 0.023500 0.953200 -0.301400
vn 0.113400 0.849600 -0.515000
vn -0.087400 0.991600 -0.094800
vn 0.189000 0.980500 0.054200
vn -0.316000 0.924600 -0.212700
vn -0.378900 0.892500 -0.244800
vn 0.297300 0.947700 0.115500
vn 0.154500 -0.936400 0.315000
vn -0.182800 -0.971600 0.150200
vn -0.071700 -0.989700 -0.123900
vn 0.278400 -0.959200 0.048200
vn -0.472900 0.765000 -0.437200
vn -0.153800 0.936200 -0.316000
vn -0.045000 0.859700 -0.508800
vn -0.337300 0.706500 -0.622200
vn 0.190600 0.970500 -0.147800
vn 0.270500 0.893700 -0.357900
vn 0.467700 -0.770100 0.433800
vn 0.600300 -0.781100 0.171800
vn -0.722900 0.482200 -0.494900
vn -0.571300 0.452500 -0.684700
vn 0.720000 -0.489200 0.492200
vn 0.845000 -0.483100 0.229100
vn -0.868600 0.123800 -0.479800
vn -0.716100 0.123000 -0.687000
vn 0.870100 -0.124900 0.476800
vn 0.970900 -0.113100 0.211200
vn -0.882600 -0.262900 -0.389700
vn -0.743000 -0.245400 -0.622600
vn 0.883800 0.265700 0.385000
vn 0.956800 0.263700 0.122600
vn -0.753700 -0.613800 -0.234700
vn -0.632900 -0.596700 -0.493400
vn 0.755500 0.612800 0.231700
vn 0.812300 0.582900 -0.018700
vn -0.503500 -0.862900 -0.042500
vn -0.394800 -0.862500 -0.316400
vn 0.510300 0.858900 0.044100
vn 0.570000 0.800000 -0.187300
vn 0.728000 0.383300 -0.568300
vn 0.566300 0.506500 -0.650200
vn 0.007600 -0.543900 -0.839100
vn 0.228300 -0.643800 -0.730300
vn 0.381100 0.557100 -0.737800
vn 0.469400 -0.629100 -0.619500
vn 0.193400 0.535900 -0.821800
vn 0.022500 0.447700 -0.893900
vn 0.682900 -0.503400 -0.529400
vn -0.114100 0.300700 -0.946800
vn 0.828400 -0.293800 -0.476800
vn -0.199800 0.105200 -0.974200
vn 0.881800 -0.045100 -0.469300
vn -0.216800 -0.123100 -0.968400
vn 0.842000 0.193200 -0.503700
vn -0.148500 -0.354700 -0.923100
vn 0.388400 0.051900 -0.920000
vn -0.018000 0.919200 0.393300
vn 0.362500 0.809000 0.462700
vn 0.334700 0.820500 0.463400
vn -0.034500 0.918600 0.393700
vn 0.337400 0.824300 0.454500
vn -0.030400 0.923800 0.381700
vn 0.354500 0.835800 0.419100
vn -0.010900 0.941800 0.335900
vn 0.379400 0.848900 0.367900
vn 0.017600 0.962800 0.269500
vn 0.406600 0.859900 0.308500
vn 0.050400 0.980000 0.192200
vn 0.434800 0.867300 0.242300
vn 0.086400 0.990600 0.105800
vn 0.461800 0.869400 0.175400
vn 0.122300 0.992300 0.019300
vn 0.483800 0.867200 0.117800
vn 0.152700 0.986800 -0.054600
vn 0.499800 0.863000 0.073800
vn 0.175500 0.978300 -0.110400
vn 0.060200 -0.921000 -0.384900
vn -0.294100 -0.838700 -0.458400
vn -0.320100 -0.825400 -0.464900
vn 0.047300 -0.918300 -0.393000
vn -0.326600 -0.827600 -0.456500
vn 0.041700 -0.922800 -0.382900
vn -0.346900 -0.837900 -0.421400
vn 0.020900 -0.940800 -0.338200
vn -0.373400 -0.850600 -0.370200
vn -0.008700 -0.962300 -0.271900
vn -0.401900 -0.861200 -0.311000
vn -0.042600 -0.980000 -0.194200
vn -0.431200 -0.868400 -0.244800
vn -0.079700 -0.991000 -0.107100
vn -0.458000 -0.871000 -0.177600
vn -0.115800 -0.993100 -0.019300
vn -0.478900 -0.869700 -0.119100
vn -0.145800 -0.987700 0.055500
vn -0.493800 -0.866400 -0.074000
vn -0.168000 -0.979400 0.111900
vn 0.687900 0.564300 0.456400
vn 0.660000 0.592300 0.462100
vn 0.660100 0.595200 0.458100
vn 0.668800 0.600400 0.438300
vn 0.682400 0.605600 0.409400
vn 0.697100 0.610200 0.376400
vn 0.712500 0.613800 0.339700
vn 0.727600 0.615500 0.303000
vn 0.740100 0.615200 0.271600
vn 0.749400 0.614100 0.247500
vn -0.624100 -0.626000 -0.467500
vn -0.652700 -0.597100 -0.466300
vn -0.657700 -0.596200 -0.460300
vn -0.669700 -0.598300 -0.439800
vn -0.684200 -0.602200 -0.411400
vn -0.699400 -0.605600 -0.379400
vn -0.715000 -0.608400 -0.344300
vn -0.729100 -0.610800 -0.308800
vn -0.740200 -0.612500 -0.277400
vn -0.748300 -0.613300 -0.252600
vn 0.900200 0.223900 0.373400
vn 0.884500 0.263000 0.385400
vn 0.882800 0.265700 0.387200
vn 0.881800 0.267800 0.388100
vn 0.881800 0.268600 0.387600
vn 0.882000 0.269300 0.386800
vn 0.882300 0.269900 0.385600
vn 0.882900 0.269500 0.384500
vn 0.883400 0.268200 0.384100
vn 0.883800 0.267000 0.384200
vn -0.864000 -0.304100 -0.401100
vn -0.881600 -0.265500 -0.390100
vn -0.883300 -0.262800 -0.388200
vn -0.884300 -0.260700 -0.387300
vn -0.884400 -0.259900 -0.387600
vn -0.884300 -0.259200 -0.388400
vn -0.884000 -0.258600 -0.389400
vn -0.883400 -0.259100 -0.390400
vn -0.882900 -0.260300 -0.390800
vn -0.882600 -0.261500 -0.390600
vn 0.961800 -0.147900 0.230400
vn 0.963300 -0.110400 0.244600
vn 0.961600 -0.108600 0.251900
vn 0.955300 -0.109000 0.274700
vn 0.945800 -0.111300 0.304900
vn 0.934200 -0.113700 0.338100
vn 0.920300 -0.116000 0.373500
vn 0.905100 -0.118700 0.408200
vn 0.890800 -0.121300 0.437800
vn 0.879000 -0.123300 0.460600
vn -0.960800 0.068300 -0.268600
vn -0.962300 0.103800 -0.251400
vn -0.961000 0.107000 -0.255000
vn -0.954800 0.111400 -0.275600
vn -0.945100 0.115300 -0.305800
vn -0.933000 0.119100 -0.339600
vn -0.918400 0.122500 -0.376100
vn -0.902600 0.124400 -0.412100
vn -0.888100 0.124800 -0.442300
vn -0.876500 0.124500 -0.465000
vn 0.874600 -0.481300 0.058100
vn 0.887100 -0.456500 0.068500
vn 0.885900 -0.457000 0.079200
vn 0.878000 -0.463400 0.119300
vn 0.863900 -0.472100 0.175200
vn 0.844500 -0.479900 0.237600
vn 0.819300 -0.485800 0.304500
vn 0.789800 -0.489300 0.369600
vn 0.761300 -0.490600 0.424000
vn 0.737500 -0.490100 0.464600
vn -0.901000 0.423200 -0.095400
vn -0.891700 0.445800 -0.078400
vn -0.888900 0.449700 -0.087100
vn -0.879700 0.458500 -0.125500
vn -0.864900 0.468400 -0.180500
vn -0.844800 0.477100 -0.242100
vn -0.819000 0.483700 -0.308500
vn -0.789700 0.486600 -0.373400
vn -0.762000 0.486300 -0.427700
vn -0.739000 0.484500 -0.468100
vn 0.672300 -0.731600 -0.113400
vn 0.684000 -0.721000 -0.110500
vn 0.682400 -0.724300 -0.098700
vn 0.672000 -0.738800 -0.049700
vn 0.653500 -0.756600 0.020900
vn 0.627900 -0.771600 0.101500
vn 0.594500 -0.781400 0.189300
vn 0.556000 -0.784300 0.275100
vn 0.519200 -0.781300 0.346300
vn 0.489200 -0.775600 0.398800
vn -0.700900 0.707500 0.090300
vn -0.691500 0.715100 0.102200
vn -0.688000 0.720000 0.090100
vn -0.676200 0.735500 0.041300
vn -0.656800 0.753400 -0.028500
vn -0.630600 0.768500 -0.108000
vn -0.596900 0.778300 -0.194600
vn -0.558800 0.780800 -0.279300
vn -0.522900 0.777200 -0.350100
vn -0.493600 0.770900 -0.402500
vn 0.391700 -0.881000 -0.265100
vn 0.393500 -0.879000 -0.269400
vn 0.390100 -0.883900 -0.258000
vn 0.374300 -0.903600 -0.208300
vn 0.349400 -0.927200 -0.134900
vn 0.318000 -0.946800 -0.049400
vn 0.280100 -0.958900 0.045300
vn 0.239400 -0.960800 0.139200
vn 0.202900 -0.954600 0.217900
vn 0.174300 -0.945200 0.276100
vn -0.391600 0.882100 0.261800
vn -0.392700 0.880100 0.266900
vn -0.388600 0.885800 0.253700
vn -0.372400 0.905600 0.202900
vn -0.347400 0.928700 0.129600
vn -0.316000 0.947700 0.044900
vn -0.278500 0.959200 -0.048600
vn -0.238300 0.960800 -0.141300
vn -0.202000 0.954500 -0.219300
vn -0.173500 0.944900 -0.277400
vn 0.277200 -0.956500 0.090800
vn 0.129400 -0.892600 0.431700
vn -0.150500 -0.927800 0.341300
vn 0.003700 -0.999900 -0.011000
vn -0.387800 0.882200 0.266900
vn -0.278400 0.956100 -0.091300
vn -0.478900 0.861800 -0.167200
vn -0.581400 0.797700 0.160000
vn -0.127500 0.889300 -0.439100
vn -0.343800 0.803300 -0.486300
vn 0.384600 -0.885600 -0.260400
vn 0.115800 -0.920200 -0.373900
vn -0.441000 0.679600 0.586100
vn -0.639400 0.618800 0.456400
vn 0.438200 -0.685400 -0.581400
vn 0.169300 -0.701600 -0.692200
vn -0.429500 0.373100 0.822400
vn -0.644300 0.340600 0.684700
vn 0.426300 -0.374500 -0.823400
vn 0.156300 -0.378400 -0.912300
vn -0.350800 0.000800 0.936400
vn -0.590000 -0.009600 0.807300
vn 0.346100 0.001800 -0.938200
vn 0.080300 -0.008000 -0.996700
vn -0.213700 -0.378300 0.900700
vn -0.477700 -0.382900 0.790700
vn 0.210600 0.377000 -0.901900
vn -0.043300 0.344100 -0.937900
vn -0.042800 -0.693700 0.719000
vn -0.321800 -0.710300 0.626000
vn 0.043800 0.687800 -0.724500
vn -0.192100 0.625300 -0.756300
vn -0.593700 0.198800 -0.779700
vn -0.663000 0.364200 -0.654000
vn -0.854800 -0.488500 0.175000
vn -0.761000 -0.648600 -0.015000
vn -0.739200 0.466400 -0.485800
vn -0.662600 -0.704000 -0.255600
vn -0.813900 0.500000 -0.295900
vn -0.879500 0.464200 -0.104700
vn -0.579900 -0.644200 -0.498600
vn -0.929800 0.361600 0.068600
vn -0.528600 -0.483900 -0.697500
vn -0.958600 0.197700 0.205000
vn -0.516200 -0.259100 -0.816300
vn -0.959000 -0.017700 0.282700
vn -0.541000 -0.017600 -0.840800
vn -0.924600 -0.260900 0.277700
vn -0.937100 -0.013700 -0.348700
vn 0.422000 0.872200 -0.247400
vn 0.467800 0.661000 -0.586600
vn 0.470400 0.679500 -0.563000
vn 0.423200 0.875900 -0.231400
vn 0.461500 0.682900 -0.566200
vn 0.411200 0.880400 -0.236200
vn 0.425600 0.690900 -0.584300
vn 0.365000 0.894600 -0.257900
vn 0.373600 0.699100 -0.609700
vn 0.298000 0.910000 -0.288200
vn 0.313200 0.705000 -0.636200
vn 0.219600 0.921200 -0.321100
vn 0.245800 0.707400 -0.662600
vn 0.131800 0.925500 -0.355000
vn 0.177700 0.705200 -0.686300
vn 0.043500 0.921300 -0.386300
vn 0.119100 0.699600 -0.704500
vn -0.031900 0.911100 -0.410900
vn 0.074100 0.693300 -0.716800
vn -0.089100 0.899300 -0.428100
vn -0.415800 -0.885600 0.206900
vn -0.468000 -0.708100 0.528600
vn -0.472800 -0.688100 0.550400
vn -0.423300 -0.879100 0.219000
vn -0.464200 -0.688800 0.556800
vn -0.413000 -0.882400 0.225100
vn -0.428300 -0.694800 0.577700
vn -0.367900 -0.896100 0.248100
vn -0.376300 -0.702200 0.604400
vn -0.300800 -0.911800 0.279500
vn -0.316000 -0.707400 0.632200
vn -0.221900 -0.923200 0.313700
vn -0.248600 -0.709300 0.659500
vn -0.133400 -0.927700 0.348600
vn -0.180200 -0.707700 0.683100
vn -0.044000 -0.923800 0.380300
vn -0.120600 -0.703400 0.700400
vn 0.032500 -0.913900 0.404500
vn -0.074700 -0.698200 0.712000
vn 0.090200 -0.902400 0.421200
vn 0.436900 0.338600 -0.833300
vn 0.445000 0.372700 -0.814300
vn 0.441000 0.375700 -0.815100
vn 0.421000 0.379300 -0.823900
vn 0.391600 0.381800 -0.837200
vn 0.357900 0.383800 -0.851200
vn 0.320700 0.384800 -0.865500
vn 0.283300 0.383900 -0.878800
vn 0.251200 0.381700 -0.889500
vn 0.226800 0.379200 -0.897100
vn -0.453200 -0.414500 0.789100
vn -0.449600 -0.379100 0.808800
vn -0.443400 -0.377200 0.813100
vn -0.422300 -0.376900 0.824300
vn -0.393400 -0.378000 0.838100
vn -0.360700 -0.378600 0.852300
vn -0.325000 -0.378700 0.866600
vn -0.288800 -0.378800 0.879200
vn -0.256900 -0.378800 0.889100
vn -0.231800 -0.378500 0.896100
vn 0.332400 -0.042300 -0.942200
vn 0.346300 -0.000900 -0.938100
vn 0.348400 0.002000 -0.937300
vn 0.349300 0.004200 -0.937000
vn 0.348900 0.005100 -0.937100
vn 0.348000 0.005700 -0.937400
vn 0.346900 0.006300 -0.937900
vn 0.345800 0.005700 -0.938300
vn 0.345300 0.004400 -0.938500
vn 0.345300 0.003100 -0.938500
vn -0.364400 -0.043400 0.930200
vn -0.351200 -0.002000 0.936300
vn -0.349200 0.000900 0.937000
vn -0.348200 0.003200 0.937400
vn -0.348500 0.004000 0.937300
vn -0.349300 0.004700 0.937000
vn -0.350300 0.005200 0.936600
vn -0.351300 0.004700 0.936200
vn -0.351700 0.003300 0.936100
vn -0.351700 0.002100 0.936100
vn 0.174800 -0.410300 -0.895000
vn 0.190100 -0.375300 -0.907200
vn 0.197500 -0.373400 -0.906400
vn 0.220600 -0.373100 -0.901200
vn 0.251200 -0.374100 -0.892700
vn 0.284900 -0.374700 -0.882300
vn 0.320800 -0.374800 -0.869800
vn 0.356200 -0.374800 -0.856000
vn 0.386400 -0.374900 -0.842700
vn 0.409700 -0.374600 -0.831700
vn -0.215500 0.335200 0.917200
vn -0.197200 0.368900 0.908300
vn -0.200700 0.371800 0.906300
vn -0.221400 0.375300 0.900100
vn -0.252000 0.377800 0.890900
vn -0.286300 0.379700 0.879700
vn -0.323400 0.380700 0.866300
vn -0.360000 0.379800 0.852100
vn -0.390900 0.377600 0.839400
vn -0.414200 0.375300 0.829200
vn -0.002900 -0.700200 -0.713900
vn 0.007600 -0.680200 -0.733000
vn 0.018300 -0.680800 -0.732200
vn 0.058600 -0.686600 -0.724600
vn 0.114800 -0.693700 -0.711100
vn 0.177900 -0.698700 -0.692900
vn 0.245900 -0.700500 -0.669900
vn 0.312200 -0.698900 -0.643400
vn 0.368000 -0.694800 -0.617800
vn 0.409700 -0.689800 -0.596800
vn -0.034800 0.653000 0.756500
vn -0.017500 0.671600 0.740700
vn -0.026300 0.674900 0.737400
vn -0.064900 0.682700 0.727800
vn -0.120200 0.690500 0.713200
vn -0.182500 0.696300 0.694100
vn -0.249900 0.698700 0.670300
vn -0.316100 0.696500 0.644100
vn -0.371700 0.691100 0.619800
vn -0.413300 0.685000 0.599900
vn -0.171200 -0.879300 -0.444400
vn -0.168600 -0.872400 -0.458700
vn -0.156800 -0.875600 -0.456700
vn -0.107800 -0.889000 -0.445000
vn -0.036900 -0.904300 -0.425300
vn 0.044400 -0.915400 -0.400000
vn 0.133500 -0.919800 -0.369000
vn 0.221100 -0.916000 -0.334700
vn 0.294200 -0.906400 -0.303200
vn 0.348300 -0.895100 -0.278100
vn 0.148900 0.864800 0.479500
vn 0.160500 0.869100 0.467800
vn 0.148400 0.873400 0.463700
vn 0.099500 0.887300 0.450200
vn 0.029400 0.902500 0.429700
vn -0.050900 0.913400 0.403800
vn -0.138700 0.917600 0.372400
vn -0.225300 0.913500 0.338600
vn -0.297900 0.903500 0.308100
vn -0.351900 0.892000 0.283700
vn -0.312500 -0.941300 -0.127800
vn -0.316800 -0.939500 -0.129900
vn -0.305400 -0.943800 -0.125700
vn -0.255600 -0.960800 -0.107400
vn -0.181700 -0.980100 -0.080200
vn -0.095400 -0.994300 -0.048300
vn 0.000800 -0.999900 -0.012600
vn 0.096600 -0.995000 0.023100
vn 0.177200 -0.982700 0.053300
vn 0.237100 -0.968500 0.075700
vn 0.309300 0.942400 0.127600
vn 0.314300 0.940500 0.128900
vn 0.301100 0.945500 0.124000
vn 0.250200 0.962400 0.105300
vn 0.176500 0.981200 0.078100
vn 0.090800 0.994800 0.046400
vn -0.004200 0.999900 0.011000
vn -0.098800 0.994800 -0.024100
vn -0.178700 0.982400 -0.054000
vn -0.238500 0.968100 -0.076400
vn -0.367100 -0.899200 0.237900
vn -0.298000 -0.948000 -0.112000
vn 0.008900 -0.996100 -0.088000
vn -0.077600 -0.953400 0.291500
vn 0.383200 0.735500 -0.558800
vn 0.361300 0.901000 -0.240100
vn 0.613000 0.771400 -0.170500
vn 0.633600 0.632000 -0.446200
vn 0.293500 0.949000 0.115200
vn 0.556100 0.819900 0.135500
vn -0.387600 -0.737600 0.552800
vn -0.097200 -0.769700 0.630900
vn 0.355900 0.467800 -0.809000
vn 0.615800 0.407600 -0.674200
vn -0.355600 -0.469200 0.808300
vn -0.049400 -0.469200 0.881700
vn 0.275500 0.117200 -0.954100
vn 0.554300 0.102100 -0.826000
vn -0.265100 -0.107700 0.958200
vn 0.053600 -0.095000 0.994000
vn 0.142900 -0.274800 -0.950800
vn 0.446300 -0.260400 -0.856100
vn -0.124200 0.291200 0.948500
vn 0.191000 0.281400 0.940400
vn -0.021900 -0.629700 -0.776500
vn 0.301800 -0.615900 -0.727700
vn 0.036600 0.637900 0.769200
vn 0.336200 0.582600 0.739900
vn -0.179800 -0.864100 -0.470000
vn 0.145500 -0.880200 -0.451700
vn 0.182700 0.863900 0.469300
vn 0.462800 0.762800 0.451500
vn 0.812600 0.350400 0.465700
vn 0.847400 0.438800 0.298800
vn 0.819400 -0.536600 -0.201700
vn 0.763800 -0.644600 0.032100
vn 0.875700 0.465400 0.128500
vn 0.719900 -0.630900 0.289100
vn 0.897700 0.439400 -0.032800
vn 0.913200 0.367000 -0.177200
vn 0.698600 -0.500500 0.511300
vn 0.921400 0.250500 -0.296900
vn 0.703700 -0.283900 0.651300
vn 0.920100 0.089500 -0.381200
vn 0.732200 -0.033100 0.680300
vn 0.904800 -0.113300 -0.410500
vn 0.772300 0.191100 0.605800
vn 0.870600 -0.338800 -0.356600
vn 0.993300 0.057900 0.100400
vn -0.443500 0.892400 0.083300
vn -0.382200 0.796200 0.469000
vn -0.392500 0.806300 0.442500
vn -0.449000 0.890900 0.067800
vn -0.383500 0.810800 0.442200
vn -0.436700 0.897000 0.067800
vn -0.345400 0.825100 0.446900
vn -0.388500 0.918600 0.071300
vn -0.290000 0.842400 0.454100
vn -0.318200 0.944900 0.077000
vn -0.226100 0.858100 0.460900
vn -0.235900 0.968200 0.083200
vn -0.154800 0.870800 0.466500
vn -0.143300 0.985600 0.089800
vn -0.078500 0.878900 0.470500
vn -0.043600 0.994400 0.096400
vn 0.001500 0.881500 0.472200
vn 0.061100 0.992800 0.102600
vn 0.088500 0.877500 0.471400
vn 0.173900 0.978800 0.108500
vn 0.448900 -0.892700 -0.040600
vn 0.401700 -0.822800 -0.402000
vn 0.398800 -0.810400 -0.429100
vn 0.452400 -0.890100 -0.055500
vn 0.389000 -0.813400 -0.432500
vn 0.441400 -0.895500 -0.057400
vn 0.350100 -0.826700 -0.440400
vn 0.393800 -0.917000 -0.062600
vn 0.294300 -0.843600 -0.449100
vn 0.323200 -0.943800 -0.069200
vn 0.230000 -0.859100 -0.457200
vn 0.240300 -0.967700 -0.076400
vn 0.158500 -0.871500 -0.464000
vn 0.146700 -0.985600 -0.083800
vn 0.082000 -0.879500 -0.468800
vn 0.045700 -0.994800 -0.091200
vn 0.002100 -0.881900 -0.471400
vn -0.060400 -0.993300 -0.098200
vn -0.084500 -0.877600 -0.471800
vn -0.175100 -0.978900 -0.105000
vn -0.257000 0.567800 0.782000
vn -0.273200 0.594000 0.756600
vn -0.269500 0.597200 0.755400
vn -0.248500 0.604000 0.757200
vn -0.217200 0.611400 0.760900
vn -0.181600 0.618700 0.764300
vn -0.142300 0.625300 0.767200
vn -0.100800 0.630700 0.769400
vn -0.058400 0.634900 0.770400
vn -0.012700 0.637800 0.770000
vn 0.291900 -0.625600 -0.723400
vn 0.279800 -0.598200 -0.750900
vn 0.272500 -0.597900 -0.753800
vn 0.249400 -0.601900 -0.758600
vn 0.218300 -0.608000 -0.763300
vn 0.183500 -0.614100 -0.767600
vn 0.145500 -0.619600 -0.771200
vn 0.105900 -0.624400 -0.773900
vn 0.065900 -0.627800 -0.775600
vn 0.024000 -0.629600 -0.776500
vn -0.087800 0.243200 0.966000
vn -0.106800 0.280700 0.953800
vn -0.109300 0.283300 0.952800
vn -0.110500 0.285300 0.952000
vn -0.110200 0.286100 0.951800
vn -0.109400 0.286900 0.951700
vn -0.108300 0.287600 0.951600
vn -0.107900 0.288000 0.951500
vn -0.110000 0.288500 0.951100
vn -0.115200 0.289700 0.950200
vn 0.131100 -0.319800 -0.938300
vn 0.112300 -0.282900 -0.952500
vn 0.109800 -0.280300 -0.953600
vn 0.108500 -0.278400 -0.954300
vn 0.108800 -0.277500 -0.954500
vn 0.109500 -0.276800 -0.954600
vn 0.110600 -0.276100 -0.954700
vn 0.113000 -0.275600 -0.954600
vn 0.118500 -0.274800 -0.954200
vn 0.128800 -0.273900 -0.953100
vn 0.093400 -0.116100 0.988800
vn 0.077700 -0.079500 0.993800
vn 0.070100 -0.078200 0.994400
vn 0.046600 -0.080300 0.995700
vn 0.015100 -0.084800 0.996300
vn -0.019700 -0.089700 0.995800
vn -0.057600 -0.094700 0.993800
vn -0.098800 -0.099900 0.990100
vn -0.145100 -0.104500 0.983900
vn -0.200000 -0.107600 0.973800
vn -0.051200 0.039100 -0.997900
vn -0.070400 0.073300 -0.994800
vn -0.066900 0.076800 -0.994800
vn -0.045800 0.082700 -0.995500
vn -0.014400 0.088900 -0.995900
vn 0.021100 0.095300 -0.995200
vn 0.060200 0.101600 -0.993000
vn 0.103100 0.107500 -0.988800
vn 0.151300 0.112900 -0.982000
vn 0.208800 0.117300 -0.970900
vn 0.253000 -0.442400 0.860300
vn 0.245300 -0.417700 0.874800
vn 0.234800 -0.418900 0.877100
vn 0.194800 -0.428100 0.882500
vn 0.138100 -0.440700 0.886900
vn 0.073500 -0.453100 0.888400
vn 0.002300 -0.464100 0.885800
vn -0.074400 -0.473000 0.877900
vn -0.157500 -0.478500 0.863800
vn -0.251200 -0.478400 0.841400
vn -0.221700 0.385400 -0.895700
vn -0.236500 0.407500 -0.882000
vn -0.227700 0.411900 -0.882300
vn -0.189100 0.423500 -0.885900
vn -0.133100 0.437200 -0.889400
vn -0.069000 0.450500 -0.890000
vn 0.001700 0.462400 -0.886700
vn 0.078100 0.471500 -0.878400
vn 0.160800 0.477100 -0.864000
vn 0.253700 0.477200 -0.841300
vn 0.369900 -0.691200 0.620800
vn 0.370100 -0.680300 0.632600
vn 0.358600 -0.684400 0.634800
vn 0.310000 -0.702300 0.640800
vn 0.238600 -0.725100 0.646000
vn 0.155300 -0.746100 0.647500
vn 0.062000 -0.762700 0.643800
vn -0.038600 -0.772700 0.633600
vn -0.145600 -0.774100 0.616000
vn -0.262500 -0.763800 0.589600
vn -0.355200 0.667300 -0.654600
vn -0.364100 0.674600 -0.642100
vn -0.351900 0.680400 -0.642800
vn -0.303100 0.699300 -0.647400
vn -0.232200 0.722200 -0.651500
vn -0.149700 0.743200 -0.652100
vn -0.057600 0.759800 -0.647600
vn 0.041700 0.769600 -0.637200
vn 0.147000 0.770800 -0.619900
vn 0.261500 0.760800 -0.594000
vn 0.436400 -0.844400 0.310600
vn 0.440800 -0.842000 0.310900
vn 0.429300 -0.847700 0.311400
vn 0.378700 -0.871100 0.312700
vn 0.303000 -0.900100 0.312800
vn 0.213700 -0.926200 0.310400
vn 0.112600 -0.945800 0.304700
vn 0.003400 -0.955500 0.294900
vn -0.111800 -0.953100 0.281100
vn -0.235900 -0.935700 0.262300
vn -0.433300 0.845600 -0.311600
vn -0.438200 0.843300 -0.311000
vn -0.424900 0.850000 -0.311400
vn -0.373100 0.873500 -0.312600
vn -0.297600 0.902000 -0.312600
vn -0.208900 0.927500 -0.310000
vn -0.109000 0.946300 -0.304200
vn -0.001300 0.955600 -0.294700
vn 0.112000 0.953000 -0.281400
vn 0.233600 0.935900 -0.263400
vn -0.071100 -0.995600 -0.060600
vn 0.160600 -0.958700 0.234500
vn -0.057500 -0.902400 0.427000
vn -0.298000 -0.946800 0.121600
vn 0.294400 0.888800 0.351200
vn 0.070000 0.995600 0.061300
vn -0.115500 0.972500 0.202300
vn 0.089100 0.878700 0.468800
vn -0.166800 0.956500 -0.239500
vn -0.333600 0.940000 -0.071300
vn -0.291500 -0.892300 -0.344600
vn -0.523300 -0.834200 -0.173800
vn 0.475500 0.652400 0.590100
vn 0.255800 0.670200 0.696600
vn -0.474600 -0.658000 -0.584600
vn -0.698900 -0.582800 -0.414500
vn 0.588200 0.315600 0.744600
vn 0.362500 0.366100 0.857100
vn -0.590900 -0.316000 -0.742300
vn -0.794000 -0.232900 -0.561500
vn 0.612000 -0.078600 0.786900
vn 0.388200 -0.002300 0.921600
vn -0.614900 0.082600 -0.784200
vn -0.792500 0.153400 -0.590300
vn 0.537100 -0.467200 0.702300
vn 0.319200 -0.382500 0.867100
vn -0.540000 0.467000 -0.700200
vn -0.699900 0.508700 -0.501400
vn 0.375500 -0.777600 0.504300
vn 0.161000 -0.703500 0.692100
vn -0.381300 0.772800 -0.507300
vn -0.537800 0.781000 -0.317500
vn -0.871700 0.485800 0.063400
vn -0.752100 0.637700 0.166200
vn -0.402100 -0.271700 0.874300
vn -0.561900 -0.413300 0.716500
vn -0.618700 0.723800 0.305300
vn -0.731300 -0.447600 0.514500
vn -0.486500 0.740500 0.463500
vn -0.369200 0.688800 0.623900
vn -0.876700 -0.368100 0.309500
vn -0.278800 0.573100 0.770600
vn -0.970900 -0.193300 0.141000
vn -0.226800 0.400300 0.887800
vn -0.998500 0.038200 0.038800
vn -0.225100 0.182100 0.957200
vn -0.960400 0.278100 0.015300
vn -0.283600 -0.056500 0.957200
vn -0.738200 0.295400 0.606400
vn 0.248100 0.761600 -0.598600
vn -0.073400 0.611500 -0.787800
vn -0.047200 0.624000 -0.780000
vn 0.263100 0.762000 -0.591700
vn -0.053100 0.630100 -0.774700
vn 0.254700 0.770200 -0.584700
vn -0.082800 0.650400 -0.755000
vn 0.218900 0.799600 -0.559100
vn -0.126200 0.676400 -0.725700
vn 0.166400 0.837400 -0.520700
vn -0.175200 0.702600 -0.689700
vn 0.105100 0.874500 -0.473500
vn -0.228300 0.727300 -0.647200
vn 0.036600 0.907700 -0.418100
vn -0.281000 0.747300 -0.602100
vn -0.032500 0.932500 -0.359800
vn -0.325500 0.760700 -0.561600
vn -0.091700 0.947000 -0.307900
vn -0.358900 0.768600 -0.529400
vn -0.136600 0.953900 -0.267300
vn -0.282800 -0.768500 0.573900
vn 0.011400 -0.645500 0.763700
vn 0.033000 -0.629200 0.776500
vn -0.274400 -0.762700 0.585600
vn 0.042300 -0.633300 0.772700
vn -0.265400 -0.769700 0.580600
vn 0.074800 -0.652200 0.754300
vn -0.228800 -0.798600 0.556600
vn 0.119600 -0.677600 0.725600
vn -0.175400 -0.836700 0.518700
vn 0.169800 -0.703400 0.690100
vn -0.113000 -0.874400 0.471800
vn 0.223900 -0.727800 0.648200
vn -0.043300 -0.908100 0.416400
vn 0.276400 -0.748400 0.602800
vn 0.026500 -0.933600 0.357300
vn 0.320300 -0.763100 0.561300
vn 0.085800 -0.948600 0.304500
vn 0.353200 -0.772200 0.528100
vn 0.130400 -0.955900 0.263200
vn -0.386800 0.359000 -0.849400
vn -0.357200 0.385800 -0.850600
vn -0.358900 0.389800 -0.848100
vn -0.374700 0.399900 -0.836400
vn -0.398900 0.412500 -0.818900
vn -0.426000 0.425700 -0.798300
vn -0.455200 0.439000 -0.774600
vn -0.484300 0.450300 -0.750100
vn -0.509000 0.458500 -0.728400
vn -0.527600 0.464000 -0.711500
vn 0.320200 -0.418600 0.849800
vn 0.348600 -0.389500 0.852500
vn 0.355700 -0.390100 0.849300
vn 0.375100 -0.397500 0.837400
vn 0.399900 -0.408600 0.820400
vn 0.427100 -0.420300 0.800600
vn 0.455900 -0.432300 0.778000
vn 0.483500 -0.444100 0.754300
vn 0.506800 -0.454200 0.732600
vn 0.524600 -0.461800 0.715200
vn -0.637600 0.045100 -0.769000
vn -0.615600 0.079900 -0.784000
vn -0.613100 0.082000 -0.785700
vn -0.611700 0.083800 -0.786600
vn -0.611800 0.084800 -0.786400
vn -0.612200 0.085700 -0.786000
vn -0.613000 0.086600 -0.785300
vn -0.614000 0.086400 -0.784500
vn -0.614800 0.085300 -0.784000
vn -0.615200 0.084100 -0.783900
vn 0.587500 -0.115700 0.800900
vn 0.610800 -0.081100 0.787600
vn 0.613300 -0.079000 0.785900
vn 0.614700 -0.077200 0.784900
vn 0.614700 -0.076300 0.785000
vn 0.614300 -0.075400 0.785400
vn 0.613700 -0.074600 0.786000
vn 0.612700 -0.074700 0.786700
vn 0.612000 -0.075800 0.787200
vn 0.611700 -0.077100 0.787300
vn -0.780100 -0.271200 -0.563800
vn -0.772800 -0.239700 -0.587600
vn -0.768000 -0.240000 -0.593700
vn -0.752600 -0.246800 -0.610400
vn -0.731400 -0.257200 -0.631500
vn -0.707000 -0.268500 -0.654300
vn -0.679600 -0.280200 -0.677900
vn -0.651300 -0.292000 -0.700300
vn -0.626000 -0.302400 -0.718800
vn -0.605700 -0.310300 -0.732700
vn 0.757400 0.206500 0.619400
vn 0.768500 0.235400 0.595000
vn 0.766000 0.239400 0.596500
vn 0.752000 0.249200 0.610200
vn 0.730600 0.261300 0.630800
vn 0.705600 0.274100 0.653400
vn 0.677100 0.287100 0.677400
vn 0.647700 0.298500 0.700900
vn 0.621800 0.306800 0.720500
vn 0.601700 0.312500 0.735000
vn -0.798200 -0.532700 -0.281400
vn -0.803200 -0.512900 -0.302800
vn -0.797700 -0.516400 -0.311300
vn -0.774000 -0.533800 -0.340500
vn -0.738100 -0.557700 -0.379700
vn -0.694500 -0.582300 -0.422500
vn -0.643700 -0.605900 -0.467400
vn -0.589700 -0.626600 -0.509400
vn -0.540900 -0.641900 -0.543400
vn -0.502200 -0.651900 -0.568100
vn 0.802000 0.489900 0.341600
vn 0.802400 0.505900 0.316400
vn 0.796500 0.511900 0.321600
vn 0.772500 0.531200 0.347900
vn 0.736400 0.555700 0.385800
vn 0.692700 0.581000 0.427400
vn 0.641600 0.605100 0.471300
vn 0.587800 0.625200 0.513400
vn 0.539600 0.639000 0.548100
vn 0.501600 0.647700 0.573400
vn -0.706200 -0.707600 0.025000
vn -0.714800 -0.699100 0.014500
vn -0.708500 -0.705600 0.006000
vn -0.679400 -0.733300 -0.027200
vn -0.633800 -0.769800 -0.074500
vn -0.577500 -0.806300 -0.128100
vn -0.510700 -0.839300 -0.186200
vn -0.439600 -0.864900 -0.242300
vn -0.375900 -0.880600 -0.288400
vn -0.326200 -0.888700 -0.322200
vn 0.720500 0.693300 0.014000
vn 0.717600 0.696500 -0.002400
vn 0.709600 0.704500 0.005000
vn 0.679300 0.732900 0.037100
vn 0.633400 0.769300 0.083400
vn 0.577000 0.805400 0.135800
vn 0.510400 0.838000 0.192600
vn 0.440100 0.862900 0.248100
vn 0.377400 0.878000 0.294400
vn 0.328200 0.885600 0.328600
vn -0.528100 -0.787200 0.318300
vn -0.531400 -0.784100 0.320600
vn -0.523800 -0.791900 0.313800
vn -0.489800 -0.824300 0.283700
vn -0.437800 -0.866900 0.238400
vn -0.374400 -0.908700 0.184500
vn -0.300800 -0.945700 0.123100
vn -0.224200 -0.972600 0.060700
vn -0.157400 -0.987500 0.007200
vn -0.106200 -0.993800 -0.033200
vn 0.526700 0.789200 -0.315900
vn 0.529600 0.785900 -0.319200
vn 0.520700 0.794900 -0.311300
vn 0.485900 0.827700 -0.280500
vn 0.433800 0.869700 -0.235300
vn 0.370800 0.910700 -0.181700
vn 0.297900 0.946900 -0.121100
vn 0.222300 0.973100 -0.059400
vn 0.155900 0.987700 -0.006300
vn 0.104800 0.993900 0.034100
vn -0.241200 -0.850700 -0.466900
vn 0.093100 -0.801300 -0.590900
vn 0.246700 -0.907000 -0.341200
vn -0.120400 -0.968100 -0.219400
vn 0.542500 0.792900 0.277500
vn 0.239600 0.854100 0.461600
vn 0.339600 0.667800 0.662300
vn 0.602000 0.618100 0.505500
vn -0.098300 0.802100 0.589000
vn 0.048200 0.629500 0.775500
vn -0.539700 -0.792300 -0.284600
vn -0.442400 -0.896600 -0.017900
vn 0.779900 0.623600 0.053800
vn 0.818800 0.480800 0.313500
vn -0.778900 -0.624700 -0.054300
vn -0.674600 -0.700400 0.233000
vn 0.916000 0.353800 -0.189300
vn 0.962900 0.252000 0.096700
vn -0.915300 -0.347900 0.202700
vn -0.775500 -0.402400 0.486400
vn 0.908500 0.008800 -0.417800
vn 0.991200 -0.059300 -0.118300
vn -0.899300 0.004000 0.437200
vn -0.721200 -0.057400 0.690400
vn 0.736100 -0.348100 -0.580400
vn 0.867800 -0.406300 -0.286000
vn -0.723600 0.355400 0.591600
vn -0.528700 0.260600 0.807800
vn 0.438000 -0.633900 -0.637400
vn 0.600700 -0.711000 -0.365400
vn -0.435700 0.633400 0.639400
vn -0.253100 0.495600 0.830800
vn -0.006400 0.044400 0.999000
vn 0.135000 0.172200 0.975800
vn 0.698800 -0.582900 0.414700
vn 0.494200 -0.745900 0.446600
vn 0.286100 0.244200 0.926500
vn 0.256100 -0.804100 0.536500
vn 0.435600 0.265500 0.860100
vn 0.575500 0.239100 0.782100
vn 0.039100 -0.746200 0.664500
vn 0.698600 0.165300 0.696200
vn -0.110600 -0.587200 0.801800
vn 0.794800 0.040700 0.605500
vn -0.161800 -0.366200 0.916300
vn 0.845200 -0.137500 0.516400
vn -0.116800 -0.140500 0.983200
vn 0.820600 -0.359200 0.444400
vn 0.441900 -0.149000 0.884500
vn -0.459200 0.886800 -0.051300
vn -0.728200 0.668200 0.152500
vn -0.713600 0.687500 0.134600
vn -0.449000 0.891200 -0.063600
vn -0.709200 0.690300 0.143200
vn -0.443500 0.894800 -0.051600
vn -0.695100 0.695600 0.181300
vn -0.424100 0.905600 -0.003600
vn -0.674100 0.699900 0.235700
vn -0.395400 0.916200 0.065100
vn -0.647900 0.701600 0.296500
vn -0.360200 0.921800 0.143100
vn -0.616400 0.699300 0.361900
vn -0.318800 0.920000 0.228000
vn -0.580000 0.692300 0.429200
vn -0.272100 0.908900 0.316100
vn -0.538700 0.680400 0.496800
vn -0.220500 0.887400 0.404900
vn -0.490600 0.661800 0.566900
vn -0.162300 0.852800 0.496400
vn 0.426800 -0.901200 0.075900
vn 0.687800 -0.717000 -0.112900
vn 0.706600 -0.696600 -0.124300
vn 0.440600 -0.894800 0.072500
vn 0.704600 -0.696600 -0.135000
vn 0.437200 -0.897300 0.060900
vn 0.692500 -0.699900 -0.174900
vn 0.419500 -0.907700 0.012500
vn 0.672400 -0.703400 -0.230300
vn 0.391500 -0.918400 -0.057000
vn 0.647100 -0.704300 -0.291800
vn 0.356800 -0.924200 -0.136200
vn 0.616400 -0.701400 -0.357900
vn 0.315700 -0.922400 -0.222400
vn 0.580600 -0.694100 -0.425700
vn 0.268900 -0.911200 -0.312000
vn 0.540100 -0.681700 -0.493500
vn 0.217300 -0.889300 -0.402400
vn 0.493100 -0.662500 -0.563900
vn 0.158700 -0.853800 -0.495800
vn -0.880300 0.336900 0.333900
vn -0.872500 0.372000 0.316600
vn -0.870100 0.374800 0.320000
vn -0.861400 0.376800 0.340300
vn -0.848900 0.377300 0.370200
vn -0.833800 0.376900 0.403400
vn -0.816200 0.375300 0.439300
vn -0.796500 0.372500 0.476100
vn -0.775200 0.368800 0.512900
vn -0.750800 0.363700 0.551300
vn 0.860600 -0.415000 -0.295200
vn 0.872100 -0.378800 -0.309800
vn 0.870500 -0.376400 -0.317100
vn 0.862700 -0.374600 -0.339600
vn 0.850900 -0.373500 -0.369400
vn 0.836700 -0.371900 -0.402000
vn 0.820200 -0.369400 -0.436800
vn 0.801900 -0.366100 -0.472200
vn 0.782300 -0.361800 -0.507000
vn 0.760900 -0.356000 -0.542500
vn -0.886000 -0.052600 0.460700
vn -0.892500 -0.010400 0.450800
vn -0.893400 -0.007300 0.449100
vn -0.893800 -0.005000 0.448300
vn -0.893600 -0.004200 0.448800
vn -0.893200 -0.003600 0.449600
vn -0.892600 -0.003100 0.450700
vn -0.892500 -0.002700 0.451100
vn -0.893300 -0.001800 0.449400
vn -0.895500 0.000500 0.445000
vn 0.899400 -0.035100 -0.435600
vn 0.894800 0.007100 -0.446400
vn 0.893900 0.010200 -0.448200
vn 0.893400 0.012500 -0.449000
vn 0.893600 0.013300 -0.448600
vn 0.894000 0.013900 -0.447800
vn 0.894500 0.014400 -0.446800
vn 0.895600 0.014500 -0.444500
vn 0.898100 0.014100 -0.439500
vn 0.902600 0.012800 -0.430300
vn -0.746200 -0.427400 0.510300
vn -0.764900 -0.392000 0.511000
vn -0.769800 -0.389600 0.505500
vn -0.783100 -0.387900 0.486000
vn -0.799800 -0.386800 0.459000
vn -0.817300 -0.385200 0.428500
vn -0.835300 -0.382700 0.394800
vn -0.853500 -0.379200 0.357500
vn -0.872500 -0.373700 0.314800
vn -0.893200 -0.364000 0.263800
vn 0.789500 0.350800 -0.503600
vn 0.770800 0.385200 -0.507400
vn 0.772000 0.387900 -0.503400
vn 0.783000 0.390000 -0.484500
vn 0.799200 0.390400 -0.456900
vn 0.816700 0.390000 -0.425300
vn 0.834800 0.388400 -0.390100
vn 0.853500 0.385200 -0.351000
vn 0.872900 0.379900 -0.306200
vn 0.893900 0.370600 -0.252200
vn -0.498800 -0.721300 0.480500
vn -0.519100 -0.701300 0.488600
vn -0.526400 -0.701300 0.480700
vn -0.550800 -0.704500 0.447400
vn -0.582900 -0.707900 0.398800
vn -0.616800 -0.708700 0.342400
vn -0.651100 -0.705800 0.279100
vn -0.684300 -0.698400 0.209400
vn -0.716500 -0.684800 0.132500
vn -0.748500 -0.661600 0.044600
vn 0.554400 0.673300 -0.489000
vn 0.531400 0.692400 -0.488000
vn 0.535700 0.695100 -0.479500
vn 0.557500 0.700300 -0.445800
vn 0.588200 0.704500 -0.397000
vn 0.621000 0.706000 -0.340400
vn 0.654300 0.703800 -0.276800
vn 0.687000 0.696500 -0.207000
vn 0.718700 0.683000 -0.130300
vn 0.750000 0.660100 -0.042800
vn -0.195800 -0.901200 0.386500
vn -0.207300 -0.894700 0.395700
vn -0.214700 -0.897100 0.386000
vn -0.242700 -0.907300 0.343300
vn -0.281600 -0.917800 0.279800
vn -0.324100 -0.923400 0.205400
vn -0.368400 -0.921600 0.121600
vn -0.412500 -0.910400 0.030700
vn -0.455400 -0.887800 -0.066200
vn -0.498200 -0.849800 -0.172000
vn 0.235700 0.886600 -0.397900
vn 0.219400 0.891200 -0.397000
vn 0.225600 0.894700 -0.385500
vn 0.252400 0.905300 -0.341600
vn 0.290100 0.915700 -0.278100
vn 0.331400 0.921200 -0.203900
vn 0.374500 0.919300 -0.120700
vn 0.417600 0.908100 -0.030900
vn 0.459800 0.885600 0.064500
vn 0.501800 0.848400 0.168200
vn 0.122000 -0.961300 0.247100
vn 0.123700 -0.959900 0.251600
vn 0.118100 -0.963400 0.240600
vn 0.093800 -0.976800 0.192300
vn 0.057900 -0.990900 0.121000
vn 0.016100 -0.999100 0.038100
vn -0.030200 -0.998100 -0.053900
vn -0.079300 -0.985200 -0.151600
vn -0.130200 -0.958800 -0.252400
vn -0.184500 -0.915100 -0.358300
vn -0.119800 0.962200 -0.244600
vn -0.122500 0.960700 -0.249200
vn -0.116100 0.964700 -0.236300
vn -0.091300 0.978100 -0.187000
vn -0.055500 0.991700 -0.115800
vn -0.014100 0.999300 -0.033600
vn 0.031600 0.997800 0.057300
vn 0.080200 0.984900 0.153500
vn 0.130700 0.958700 0.252400
vn 0.184200 0.916100 0.356000
vn -0.020700 -0.994400 -0.103200
vn -0.342100 -0.938400 0.049100
vn -0.494000 -0.844600 -0.206300
vn -0.144100 -0.919600 -0.365500
vn -0.301300 0.920800 0.247700
vn 0.022600 0.993700 0.109300
vn -0.102000 0.982800 -0.153900
vn -0.381600 0.923700 -0.034500
vn 0.347100 0.936600 -0.047500
vn 0.179700 0.940500 -0.288300
vn 0.298100 -0.923500 -0.241300
vn 0.202300 -0.833700 -0.513700
vn -0.592400 0.723500 0.354300
vn -0.642100 0.764100 0.062400
vn 0.591200 -0.724400 -0.354500
vn 0.497600 -0.598700 -0.627600
vn -0.812600 0.409900 0.414400
vn -0.857300 0.499600 0.124000
vn 0.814600 -0.397700 -0.422200
vn 0.691800 -0.248000 -0.678200
vn -0.911600 0.008100 0.411000
vn -0.981400 0.141000 0.130500
vn 0.907700 0.015200 -0.419300
vn 0.743400 0.152100 -0.651300
vn -0.848700 -0.408900 0.335400
vn -0.963600 -0.258400 0.067900
vn 0.839400 0.424100 -0.339800
vn 0.647400 0.518400 -0.558600
vn -0.637300 -0.743200 0.203700
vn -0.788900 -0.612100 -0.053700
vn 0.635200 0.744500 -0.205500
vn 0.442000 0.787900 -0.428600
vn 0.107200 0.586500 -0.802800
vn 0.000400 0.711100 -0.703000
vn -0.781400 -0.053700 -0.621700
vn -0.621700 -0.217500 -0.752400
vn -0.131900 0.779600 -0.612100
vn -0.398400 -0.274800 -0.875100
vn -0.276800 0.797900 -0.535400
vn -0.425200 0.769600 -0.476200
vn -0.163300 -0.213600 -0.963200
vn -0.570000 0.695000 -0.438100
vn 0.032900 -0.049700 -0.998200
vn -0.701900 0.570700 -0.426000
vn 0.147500 0.175600 -0.973300
vn -0.802800 0.393000 -0.448300
vn 0.166200 0.403000 -0.900000
vn -0.840700 0.171100 -0.513700
vn -0.383600 0.484600 -0.786100
vn 0.658500 0.557000 0.506000
vn 0.882000 0.427700 0.197600
vn 0.871100 0.436900 0.224200
vn 0.648800 0.556200 0.519300
vn 0.868400 0.445000 0.218900
vn 0.645300 0.567100 0.511700
vn 0.859500 0.473900 0.191300
vn 0.633700 0.607300 0.479200
vn 0.845200 0.512800 0.150000
vn 0.614800 0.661100 0.430100
vn 0.825900 0.554400 0.102300
vn 0.589300 0.717700 0.371000
vn 0.800800 0.596900 0.049000
vn 0.556500 0.773800 0.302400
vn 0.770000 0.638000 -0.008200
vn 0.516600 0.825700 0.226400
vn 0.733300 0.676500 -0.068000
vn 0.469500 0.871000 0.144400
vn 0.688500 0.712800 -0.133300
vn 0.413000 0.909100 0.053200
vn -0.628600 -0.563000 -0.536500
vn -0.851700 -0.454800 -0.260300
vn -0.865700 -0.440200 -0.238300
vn -0.640600 -0.556300 -0.529200
vn -0.864800 -0.446600 -0.229600
vn -0.639100 -0.565600 -0.521200
vn -0.857400 -0.474400 -0.199200
vn -0.629000 -0.605100 -0.488100
vn -0.844000 -0.513000 -0.156600
vn -0.610900 -0.659300 -0.438300
vn -0.825300 -0.554200 -0.107700
vn -0.586000 -0.716600 -0.378300
vn -0.800900 -0.596400 -0.053500
vn -0.553600 -0.773500 -0.308600
vn -0.770700 -0.637200 0.004300
vn -0.513800 -0.826100 -0.231300
vn -0.734700 -0.675300 0.064700
vn -0.466700 -0.872000 -0.147600
vn -0.690900 -0.711100 0.130600
vn -0.409800 -0.910500 -0.054400
vn 0.962800 0.226700 -0.147100
vn 0.962400 0.246900 -0.112700
vn 0.961100 0.251600 -0.113800
vn 0.955100 0.266700 -0.128900
vn 0.945700 0.286800 -0.152500
vn 0.934100 0.308700 -0.179300
vn 0.919900 0.331900 -0.208600
vn 0.903600 0.355100 -0.239400
vn 0.885400 0.377900 -0.270600
vn 0.864100 0.401300 -0.303600
vn -0.959700 -0.272200 0.070200
vn -0.963000 -0.248700 0.103200
vn -0.961600 -0.251200 0.110500
vn -0.955700 -0.264200 0.129600
vn -0.946700 -0.282900 0.154100
vn -0.935500 -0.303300 0.181100
vn -0.922100 -0.324700 0.210200
vn -0.906800 -0.346400 0.240100
vn -0.890000 -0.367300 0.270000
vn -0.871100 -0.387800 0.301300
vn 0.882900 -0.013300 -0.469400
vn 0.898800 0.013000 -0.438200
vn 0.900300 0.014300 -0.435000
vn 0.901200 0.015600 -0.433100
vn 0.901200 0.016500 -0.433100
vn 0.901000 0.017500 -0.433400
vn 0.900700 0.018700 -0.434000
vn 0.900700 0.019200 -0.434100
vn 0.901600 0.018800 -0.432200
vn 0.903800 0.017600 -0.427400
vn -0.915400 -0.038900 0.400600
vn -0.901400 -0.012600 0.432800
vn -0.899900 -0.011300 0.435900
vn -0.899000 -0.010100 0.437800
vn -0.898900 -0.009200 0.437900
vn -0.899000 -0.008200 0.437700
vn -0.899300 -0.007000 0.437100
vn -0.900200 -0.005500 0.435400
vn -0.902200 -0.002400 0.431200
vn -0.906000 0.002700 0.423100
vn 0.659400 -0.247100 -0.709900
vn 0.686400 -0.223400 -0.692000
vn 0.691200 -0.225900 -0.686500
vn 0.702700 -0.238700 -0.670200
vn 0.716600 -0.257100 -0.648400
vn 0.731100 -0.277100 -0.623300
vn 0.746000 -0.298400 -0.595300
vn 0.761100 -0.321000 -0.563600
vn 0.777000 -0.345000 -0.526500
vn 0.794800 -0.370900 -0.480200
vn -0.719600 0.201200 0.664500
vn -0.693400 0.221600 0.685700
vn -0.693500 0.226200 0.684000
vn -0.701900 0.241100 0.670200
vn -0.715000 0.260900 0.648600
vn -0.729100 0.282500 0.623400
vn -0.743800 0.305500 0.594500
vn -0.759000 0.329300 0.561600
vn -0.775000 0.354800 0.522900
vn -0.792800 0.382700 0.474300
vn 0.345200 -0.433300 -0.832500
vn 0.370400 -0.418100 -0.829400
vn 0.376800 -0.424400 -0.823400
vn 0.396500 -0.451600 -0.799200
vn 0.422200 -0.489300 -0.763000
vn 0.449700 -0.529900 -0.719000
vn 0.477700 -0.571400 -0.667300
vn 0.505400 -0.612700 -0.607600
vn 0.532900 -0.652700 -0.538500
vn 0.561600 -0.691100 -0.455000
vn -0.411500 0.404800 0.816600
vn -0.384500 0.414500 0.824800
vn -0.387100 0.422500 0.819500
vn -0.403800 0.450900 0.796000
vn -0.428000 0.489100 0.760000
vn -0.454100 0.530000 0.716100
vn -0.481100 0.571900 0.664400
vn -0.508200 0.613100 0.604800
vn -0.535200 0.653000 0.535800
vn -0.563200 0.691200 0.452700
vn -0.000200 -0.550400 -0.834900
vn 0.013300 -0.543100 -0.839600
vn 0.018900 -0.552200 -0.833400
vn 0.039600 -0.591100 -0.805600
vn 0.068800 -0.644500 -0.761500
vn 0.101700 -0.701100 -0.705800
vn 0.137400 -0.757400 -0.638300
vn 0.174400 -0.810100 -0.559700
vn 0.212700 -0.856800 -0.469700
vn 0.253900 -0.896200 -0.363800
vn -0.042900 0.542700 0.838800
vn -0.025900 0.542600 0.839600
vn -0.030000 0.553400 0.832400
vn -0.049300 0.592900 0.803700
vn -0.077300 0.646000 0.759400
vn -0.109100 0.702000 0.703700
vn -0.143700 0.757600 0.636700
vn -0.180000 0.809400 0.558900
vn -0.217700 0.855300 0.470200
vn -0.258100 0.893900 0.366400
vn -0.334200 -0.593900 -0.731800
vn -0.335100 -0.589800 -0.734700
vn -0.331600 -0.600100 -0.727900
vn -0.315800 -0.643800 -0.697000
vn -0.291100 -0.703600 -0.648200
vn -0.260300 -0.766600 -0.586900
vn -0.223600 -0.828600 -0.513200
vn -0.181900 -0.885100 -0.428400
vn -0.135300 -0.933000 -0.333500
vn -0.081600 -0.970900 -0.225100
vn 0.332500 0.596500 0.730500
vn 0.334400 0.592100 0.733100
vn 0.330300 0.604100 0.725200
vn 0.314200 0.648400 0.693400
vn 0.289400 0.707700 0.644500
vn 0.258800 0.769800 0.583400
vn 0.222500 0.830700 0.510300
vn 0.181100 0.886000 0.426700
vn 0.134800 0.933000 0.333500
vn 0.081900 0.970300 0.227600
vn -0.050000 -0.990100 -0.130700
vn -0.194300 -0.876500 -0.440400
vn 0.071400 -0.806100 -0.587400
vn 0.219800 -0.942500 -0.251600
vn -0.106400 0.975200 -0.193800
vn 0.043800 0.990200 0.132700
vn 0.301400 0.953500 0.001300
vn 0.172300 0.944400 -0.280000
vn 0.192400 0.874500 0.445200
vn 0.429800 0.860500 0.273500
vn 0.099600 -0.976600 0.190400
vn 0.381900 -0.918900 0.098400
vn -0.244000 0.829800 -0.501800
vn 0.050300 0.831100 -0.553800
vn 0.244000 -0.830600 0.500500
vn 0.532400 -0.738000 0.414600
vn -0.352900 0.555200 -0.753200
vn -0.052500 0.604400 -0.794900
vn 0.362400 -0.544500 0.756400
vn 0.637400 -0.422500 0.644300
vn -0.411500 0.170900 -0.895200
vn -0.114600 0.266800 -0.956900
vn 0.423300 -0.148800 0.893700
vn 0.672300 -0.031100 0.739600
vn -0.400000 -0.257100 -0.879700
vn -0.113500 -0.136800 -0.984000
vn 0.406700 0.272300 0.872000
vn 0.635900 0.353300 0.686100
vn -0.319400 -0.628700 -0.708900
vn -0.046100 -0.522100 -0.851600
vn 0.321400 0.630000 0.707000
vn 0.547100 0.660400 0.514400
vn 0.883700 0.443100 0.150700
vn 0.803300 0.592400 0.060500
vn 0.600500 -0.060000 -0.797300
vn 0.705900 -0.258400 -0.659500
vn 0.723000 0.688100 -0.061400
vn 0.819900 -0.357800 -0.446800
vn 0.648900 0.733700 -0.201500
vn 0.585000 0.731200 -0.350700
vn 0.918100 -0.337100 -0.208600
vn 0.534900 0.679700 -0.501700
vn 0.979100 -0.203200 0.003300
vn 0.503200 0.574000 -0.646000
vn 0.989800 0.009300 0.142200
vn 0.497100 0.407300 -0.766100
vn 0.952100 0.241600 0.187200
vn 0.527700 0.183700 -0.829300
vn 0.848000 0.399900 -0.347700
vn -0.410200 0.550600 0.727000
vn -0.123600 0.352300 0.927600
vn -0.148500 0.366600 0.918400
vn -0.423500 0.553000 0.717500
vn -0.142100 0.374000 0.916500
vn -0.414400 0.562900 0.715100
vn -0.110400 0.399200 0.910200
vn -0.376300 0.598700 0.707100
vn -0.063800 0.432800 0.899200
vn -0.319700 0.646200 0.692900
vn -0.010400 0.468600 0.883300
vn -0.252800 0.695800 0.672300
vn 0.048500 0.505100 0.861700
vn -0.176700 0.744200 0.644200
vn 0.111100 0.540200 0.834100
vn -0.094000 0.788100 0.608300
vn 0.175800 0.573100 0.800400
vn -0.006300 0.825400 0.564400
vn 0.245500 0.603900 0.758300
vn 0.089200 0.855400 0.510200
vn 0.439600 -0.564400 -0.698600
vn 0.181600 -0.391800 -0.901900
vn 0.162000 -0.372500 -0.913800
vn 0.433400 -0.555400 -0.709700
vn 0.152400 -0.377600 -0.913300
vn 0.424100 -0.563600 -0.708900
vn 0.118200 -0.401100 -0.908300
vn 0.385400 -0.598400 -0.702300
vn 0.070300 -0.434100 -0.898100
vn 0.328100 -0.646200 -0.689000
vn 0.015800 -0.469300 -0.882900
vn 0.260200 -0.696100 -0.669100
vn -0.044000 -0.505200 -0.861800
vn 0.182900 -0.745100 -0.641300
vn -0.107100 -0.540000 -0.834800
vn 0.098800 -0.789500 -0.605700
vn -0.172400 -0.572300 -0.801700
vn 0.009400 -0.827200 -0.561800
vn -0.242600 -0.602300 -0.760500
vn -0.088100 -0.857300 -0.507200
vn 0.187000 0.093800 0.977800
vn 0.156000 0.119000 0.980500
vn 0.157900 0.123600 0.979700
vn 0.175100 0.136800 0.975000
vn 0.201400 0.154000 0.967300
vn 0.231100 0.172800 0.957500
vn 0.263500 0.192600 0.945200
vn 0.297400 0.212600 0.930800
vn 0.331500 0.232400 0.914400
vn 0.367500 0.252800 0.895000
vn -0.117900 -0.150500 -0.981500
vn -0.147000 -0.122000 -0.981600
vn -0.154500 -0.123600 -0.980200
vn -0.175400 -0.134200 -0.975300
vn -0.202300 -0.149800 -0.967800
vn -0.232100 -0.167000 -0.958300
vn -0.264000 -0.185200 -0.946600
vn -0.296800 -0.203600 -0.933000
vn -0.329400 -0.221500 -0.917800
vn -0.363300 -0.239100 -0.900500
vn 0.468300 -0.181600 0.864700
vn 0.441500 -0.152900 0.884100
vn 0.438600 -0.151300 0.885800
vn 0.437000 -0.149800 0.886900
vn 0.437100 -0.148900 0.887000
vn 0.437500 -0.147900 0.886900
vn 0.438200 -0.146800 0.886700
vn 0.438500 -0.146300 0.886700
vn 0.436500 -0.146600 0.887700
vn 0.431700 -0.147300 0.889900
vn -0.408500 0.123600 -0.904400
vn -0.436100 0.152700 -0.886800
vn -0.439000 0.154300 -0.885100
vn -0.440700 0.155700 -0.884000
vn -0.440700 0.156600 -0.883800
vn -0.440400 0.157600 -0.883900
vn -0.439600 0.158600 -0.884100
vn -0.437600 0.159900 -0.884800
vn -0.433000 0.162600 -0.886600
vn -0.424300 0.166900 -0.890000
vn 0.668700 -0.422900 0.611600
vn 0.654800 -0.399900 0.641300
vn 0.648900 -0.402000 0.645900
vn 0.631000 -0.413400 0.656400
vn 0.606700 -0.429700 0.668700
vn 0.579000 -0.447300 0.681600
vn 0.548100 -0.465600 0.694800
vn 0.513500 -0.484600 0.708100
vn 0.473300 -0.504400 0.722100
vn 0.423700 -0.524800 0.738200
vn -0.631200 0.377600 -0.677400
vn -0.648800 0.397900 -0.648600
vn -0.646400 0.402200 -0.648300
vn -0.630600 0.415700 -0.655400
vn -0.606400 0.433400 -0.666700
vn -0.578200 0.452300 -0.679000
vn -0.546300 0.472100 -0.691800
vn -0.510300 0.492300 -0.705100
vn -0.468200 0.513300 -0.719200
vn -0.416100 0.535300 -0.735000
vn 0.759100 -0.589500 0.276100
vn 0.758500 -0.576900 0.302900
vn 0.751700 -0.582800 0.308700
vn 0.723800 -0.608100 0.326000
vn 0.682400 -0.642600 0.348300
vn 0.633000 -0.678800 0.372200
vn 0.575600 -0.714900 0.396800
vn 0.510600 -0.749500 0.421300
vn 0.436400 -0.781500 0.445900
vn 0.348200 -0.809700 0.472300
vn -0.748200 0.566400 -0.345500
vn -0.754600 0.574300 -0.317400
vn -0.748200 0.581600 -0.319300
vn -0.720700 0.607800 -0.333400
vn -0.679500 0.642500 -0.354100
vn -0.630100 0.679000 -0.376700
vn -0.572800 0.715400 -0.400200
vn -0.507700 0.749900 -0.424100
vn -0.433700 0.781600 -0.448300
vn -0.346000 0.809700 -0.474000
vn 0.741100 -0.666600 -0.079800
vn 0.746900 -0.661700 -0.065800
vn 0.739500 -0.670400 -0.061000
vn 0.706200 -0.706600 -0.044000
vn 0.654600 -0.755700 -0.019700
vn 0.591200 -0.806500 0.008100
vn 0.516200 -0.855600 0.039100
vn 0.430800 -0.899600 0.072100
vn 0.334900 -0.936100 0.107300
vn 0.224600 -0.963300 0.146500
vn -0.746400 0.664400 0.036300
vn -0.747100 0.662600 0.053200
vn -0.738300 0.672500 0.050100
vn -0.704100 0.709200 0.034600
vn -0.652400 0.757800 0.011400
vn -0.589100 0.807900 -0.015500
vn -0.514600 0.856200 -0.045400
vn -0.430100 0.899400 -0.077800
vn -0.335700 0.935200 -0.112400
vn -0.227500 0.962000 -0.150800
vn 0.630200 -0.656800 -0.414000
vn 0.633600 -0.653200 -0.414600
vn 0.625300 -0.662700 -0.412000
vn 0.588200 -0.702600 -0.400300
vn 0.531100 -0.756700 -0.381100
vn 0.461100 -0.812800 -0.355900
vn 0.379000 -0.866700 -0.324400
vn 0.286900 -0.913900 -0.286900
vn 0.186200 -0.951800 -0.243500
vn 0.073700 -0.978700 -0.191700
vn -0.628400 0.659400 0.412600
vn -0.631700 0.655300 0.414100
vn -0.622100 0.666300 0.411200
vn -0.584000 0.706800 0.399100
vn -0.526800 0.760400 0.379800
vn -0.457200 0.815600 0.354600
vn -0.375900 0.868400 0.323400
vn -0.285100 0.914800 0.286200
vn -0.186200 0.951900 0.243100
vn -0.076200 0.978400 0.192000
vn 0.406300 -0.890900 -0.202800
vn 0.566500 -0.688100 -0.453400
vn 0.783600 -0.559100 -0.270800
vn 0.610600 -0.791900 -0.007600
vn -0.197600 0.977100 -0.078300
vn -0.410700 0.890000 0.198100
vn -0.175800 0.912600 0.369100
vn 0.006700 0.991200 0.131700
vn -0.570700 0.684500 0.453600
vn -0.318100 0.740900 0.591500
vn 0.197900 -0.977700 0.070700
vn 0.380200 -0.878100 0.290400
vn 0.047500 0.935900 -0.348900
vn 0.219600 0.969700 -0.107000
vn -0.046100 -0.936200 0.348200
vn 0.122500 -0.805500 0.579800
vn 0.299100 0.755600 -0.582700
vn 0.449900 0.831400 -0.326000
vn -0.301000 -0.746300 0.593700
vn -0.125800 -0.579900 0.804900
vn 0.516200 0.438300 -0.735700
vn 0.667200 0.564600 -0.485800
vn -0.516900 -0.416500 0.747900
vn -0.316400 -0.241400 0.917400
vn 0.645900 0.030800 -0.762800
vn 0.820300 0.193700 -0.538100
vn -0.641500 -0.013600 0.767000
vn -0.411000 0.136400 0.901400
vn 0.657400 -0.371700 -0.655400
vn 0.862600 -0.209600 -0.460400
vn -0.655300 0.373700 0.656400
vn -0.404500 0.478200 0.779500
vn 0.118000 0.412400 0.903300
vn 0.110500 0.578900 0.807900
vn 0.951700 0.240500 0.190800
vn 0.946000 0.013200 0.324000
vn 0.147000 0.705500 0.693300
vn 0.849300 -0.145400 0.507400
vn 0.217500 0.791300 0.571400
vn 0.315400 0.835500 0.449800
vn 0.685700 -0.200300 0.699800
vn 0.436900 0.834900 0.334800
vn 0.491400 -0.141900 0.859200
vn 0.578100 0.781900 0.233400
vn 0.311200 0.012300 0.950300
vn 0.729900 0.664700 0.159500
vn 0.182200 0.214100 0.959700
vn 0.868200 0.476900 0.136800
vn 0.534700 0.536200 0.653100
vn -0.967000 0.254500 0.000300
vn -0.946200 0.015700 0.323200
vn -0.953900 0.030900 0.298300
vn -0.965700 0.259200 -0.015500
vn -0.951800 0.038900 0.304000
vn -0.962900 0.269800 -0.007300
vn -0.940800 0.066400 0.332300
vn -0.950900 0.308100 0.027100
vn -0.922000 0.104000 0.372900
vn -0.929600 0.360500 0.076800
vn -0.896800 0.145800 0.417700
vn -0.898900 0.417500 0.133000
vn -0.864500 0.190400 0.465100
vn -0.857500 0.476400 0.194200
vn -0.825300 0.235900 0.513000
vn -0.805300 0.534000 0.257600
vn -0.779200 0.281400 0.560000
vn -0.742100 0.588300 0.321300
vn -0.723200 0.328000 0.607700
vn -0.664300 0.639500 0.386800
vn 0.960600 -0.275400 0.036800
vn 0.962700 -0.058400 -0.264100
vn 0.957800 -0.037300 -0.284900
vn 0.964200 -0.263600 0.027400
vn 0.954900 -0.042800 -0.293800
vn 0.962100 -0.272000 0.018500
vn 0.943300 -0.068400 -0.324800
vn 0.950900 -0.309000 -0.016900
vn 0.924300 -0.105200 -0.366800
vn 0.930000 -0.361300 -0.067500
vn 0.899000 -0.146300 -0.412700
vn 0.899500 -0.418500 -0.125000
vn 0.866700 -0.190200 -0.461100
vn 0.858100 -0.477900 -0.187600
vn 0.827500 -0.235200 -0.509800
vn 0.805600 -0.535900 -0.252300
vn 0.781500 -0.280000 -0.557500
vn 0.741800 -0.590600 -0.317600
vn 0.725800 -0.325700 -0.605900
vn 0.662900 -0.642200 -0.384800
vn -0.769100 -0.228300 0.596900
vn -0.793000 -0.207100 0.572900
vn -0.793000 -0.202400 0.574600
vn -0.785800 -0.187500 0.589400
vn -0.773300 -0.167400 0.611500
vn -0.758100 -0.144900 0.635800
vn -0.740000 -0.120500 0.661800
vn -0.719400 -0.095100 0.688000
vn -0.697000 -0.069300 0.713600
vn -0.671600 -0.041700 0.739700
vn 0.820700 0.179700 -0.542300
vn 0.798800 0.205100 -0.565500
vn 0.794900 0.202800 -0.571800
vn 0.785000 0.190100 -0.589500
vn 0.771900 0.171500 -0.612100
vn 0.756400 0.150600 -0.636400
vn 0.738500 0.127900 -0.662000
vn 0.718700 0.104300 -0.687500
vn 0.697400 0.080800 -0.712100
vn 0.673600 0.056700 -0.736800
vn -0.462300 -0.435300 0.772500
vn -0.499600 -0.416100 0.759800
vn -0.502800 -0.415400 0.758000
vn -0.504800 -0.414400 0.757200
vn -0.505200 -0.413600 0.757400
vn -0.505300 -0.412600 0.757900
vn -0.505100 -0.411500 0.758600
vn -0.505200 -0.411000 0.758800
vn -0.506800 -0.411600 0.757400
vn -0.510500 -0.413300 0.754000
vn 0.540500 0.397000 -0.741800
vn 0.504200 0.417200 -0.756100
vn 0.501000 0.417900 -0.757800
vn 0.498900 0.418800 -0.758700
vn 0.498500 0.419600 -0.758600
vn 0.498400 0.420500 -0.758100
vn 0.498500 0.421600 -0.757400
vn 0.499600 0.423200 -0.755800
vn 0.502200 0.426500 -0.752200
vn 0.507500 0.432200 -0.745400
vn -0.084400 -0.567600 0.818900
vn -0.122900 -0.556600 0.821600
vn -0.128600 -0.560400 0.818100
vn -0.141600 -0.575600 0.805400
vn -0.157400 -0.596300 0.787200
vn -0.174700 -0.618600 0.766000
vn -0.193400 -0.641800 0.742100
vn -0.213500 -0.665900 0.714700
vn -0.236600 -0.691300 0.682600
vn -0.265200 -0.718500 0.643000
vn 0.170700 0.548900 -0.818300
vn 0.132200 0.557500 -0.819600
vn 0.131700 0.561600 -0.816900
vn 0.140200 0.577400 -0.804300
vn 0.154600 0.599100 -0.785600
vn 0.171100 0.622500 -0.763600
vn 0.189500 0.647100 -0.738500
vn 0.210100 0.672400 -0.709800
vn 0.233600 0.699000 -0.675900
vn 0.262600 0.727700 -0.633700
vn 0.290400 -0.607800 0.739000
vn 0.263600 -0.604900 0.751400
vn 0.257600 -0.612800 0.747000
vn 0.239000 -0.643800 0.726900
vn 0.213200 -0.685800 0.695800
vn 0.183100 -0.730500 0.657900
vn 0.149000 -0.775600 0.613300
vn 0.111100 -0.819700 0.561900
vn 0.068100 -0.861800 0.502600
vn 0.016400 -0.901800 0.431800
vn -0.219900 0.609800 -0.761400
vn -0.248800 0.607500 -0.754300
vn -0.246800 0.615300 -0.748600
vn -0.231300 0.646100 -0.727300
vn -0.207000 0.687900 -0.695600
vn -0.178200 0.732300 -0.657200
vn -0.145000 0.777300 -0.612100
vn -0.107500 0.821100 -0.560500
vn -0.065000 0.862900 -0.501100
vn -0.014100 0.902500 -0.430500
vn 0.606100 -0.562500 0.562300
vn 0.595200 -0.562300 0.574100
vn 0.590800 -0.572400 0.568500
vn 0.573500 -0.614000 0.542200
vn 0.546400 -0.670900 0.501300
vn 0.511500 -0.731300 0.451200
vn 0.468400 -0.791700 0.392100
vn 0.417500 -0.848500 0.325000
vn 0.357700 -0.899600 0.250300
vn 0.285200 -0.944100 0.165300
vn -0.571100 0.574800 -0.586000
vn -0.585000 0.567400 -0.579500
vn -0.581800 0.578200 -0.572000
vn -0.565600 0.619700 -0.544100
vn -0.539000 0.675800 -0.502700
vn -0.504900 0.735200 -0.452300
vn -0.462700 0.794500 -0.393300
vn -0.412400 0.850300 -0.326900
vn -0.353500 0.900500 -0.253300
vn -0.282500 0.944100 -0.170000
vn 0.834900 -0.447500 0.320400
vn 0.835700 -0.443700 0.323600
vn 0.832900 -0.454000 0.316300
vn 0.819700 -0.497400 0.284000
vn 0.795900 -0.557700 0.235400
vn 0.762200 -0.622500 0.177600
vn 0.717100 -0.687900 0.111900
vn 0.660500 -0.749700 0.040400
vn 0.592100 -0.805000 -0.035200
vn 0.508000 -0.853400 -0.116700
vn -0.833700 0.450500 -0.319200
vn -0.835100 0.446000 -0.321900
vn -0.832000 0.457800 -0.313400
vn -0.818200 0.501900 -0.280300
vn -0.794200 0.561800 -0.231700
vn -0.760300 0.625700 -0.174300
vn -0.715400 0.690100 -0.109300
vn -0.659400 0.750800 -0.039000
vn -0.591800 0.805300 0.035000
vn -0.509300 0.852900 0.114600
vn 0.148500 -0.846300 -0.511600
vn 0.434500 -0.851600 -0.293000
vn 0.290200 -0.956200 -0.037400
vn -0.012700 -0.958300 -0.285500
vn 0.160400 0.734000 0.659900
vn -0.144400 0.849400 0.507600
vn -0.286700 0.668300 0.686400
vn -0.024500 0.571900 0.820000
vn -0.435600 0.852900 0.287700
vn -0.539600 0.678100 0.499000
vn -0.152800 -0.734400 -0.661300
vn -0.340600 -0.828800 -0.443900
vn 0.449100 0.517300 0.728400
vn 0.231400 0.392100 0.890300
vn -0.448400 -0.518600 -0.727900
vn -0.646000 -0.584000 -0.491500
vn 0.687400 0.213200 0.694200
vn 0.457400 0.129600 0.879800
vn -0.697500 -0.206400 -0.686100
vn -0.870600 -0.255800 -0.420300
vn 0.827800 -0.145000 0.541900
vn 0.609900 -0.199100 0.767100
vn -0.837600 0.158100 -0.522900
vn -0.965800 0.094100 -0.241700
vn 0.824900 -0.488000 0.285100
vn 0.638200 -0.539200 0.549500
vn -0.826800 0.494400 -0.268100
vn -0.919700 0.392400 0.005000
vn 0.677300 -0.735500 -0.016000
vn 0.523000 -0.811300 0.261200
vn -0.677900 0.734900 0.019000
vn -0.762400 0.590000 0.265700
vn -0.837200 0.125200 0.532200
vn -0.726000 0.231000 0.647700
vn -0.063900 -0.634700 0.770100
vn -0.220400 -0.766100 0.603700
vn -0.595500 0.278200 0.753600
vn -0.428600 -0.785000 0.447300
vn -0.458500 0.274100 0.845300
vn -0.323400 0.223300 0.919500
vn -0.641700 -0.688800 0.337100
vn -0.197000 0.127100 0.972100
vn -0.813500 -0.500800 0.295600
vn -0.087700 -0.016000 0.996000
vn -0.905900 -0.266500 0.329000
vn -0.011100 -0.205900 0.978500
vn -0.907300 -0.044100 0.418100
vn 0.005800 -0.427500 0.904000
vn -0.533200 -0.134300 0.835200
vn -0.074100 0.932700 -0.352900
vn -0.416600 0.768600 -0.485400
vn -0.391200 0.784400 -0.481300
vn -0.057900 0.934700 -0.350700
vn -0.395800 0.787200 -0.472900
vn -0.064500 0.938400 -0.339400
vn -0.419700 0.793700 -0.440200
vn -0.093400 0.950400 -0.296600
vn -0.453900 0.799600 -0.393100
vn -0.134600 0.962600 -0.234900
vn -0.491100 0.802600 -0.338500
vn -0.181000 0.969800 -0.163100
vn -0.529900 0.801500 -0.277100
vn -0.231000 0.969400 -0.082900
vn -0.568400 0.795300 -0.210900
vn -0.282100 0.959300 0.002700
vn -0.605300 0.783400 -0.140800
vn -0.332800 0.938400 0.092200
vn -0.641600 0.764300 -0.064000
vn -0.384000 0.904000 0.187800
vn 0.034500 -0.940500 0.337800
vn 0.355400 -0.808300 0.469300
vn 0.377600 -0.791600 0.480400
vn 0.045500 -0.936300 0.348100
vn 0.385600 -0.792200 0.473000
vn 0.053100 -0.939300 0.338800
vn 0.412300 -0.797100 0.441100
vn 0.083100 -0.951100 0.297300
vn 0.447900 -0.802300 0.394400
vn 0.125500 -0.963700 0.235800
vn 0.486400 -0.804800 0.340100
vn 0.173100 -0.971200 0.163900
vn 0.526200 -0.803200 0.279000
vn 0.224300 -0.970900 0.083100
vn 0.565400 -0.796700 0.213100
vn 0.276700 -0.960900 -0.003400
vn 0.603100 -0.784600 0.143600
vn 0.328800 -0.939700 -0.093700
vn 0.640300 -0.765100 0.067700
vn 0.381600 -0.904400 -0.190500
vn -0.694600 0.476100 -0.539200
vn -0.671100 0.508400 -0.539500
vn -0.672400 0.511000 -0.535400
vn -0.684600 0.513600 -0.517200
vn -0.703100 0.514800 -0.490600
vn -0.723200 0.515000 -0.460100
vn -0.744300 0.514100 -0.426200
vn -0.765500 0.511700 -0.390100
vn -0.785700 0.508100 -0.352700
vn -0.806000 0.503000 -0.312100
vn 0.640900 -0.547500 0.537900
vn 0.664200 -0.514500 0.542300
vn 0.669800 -0.512500 0.537200
vn 0.685000 -0.511500 0.518800
vn 0.704000 -0.511300 0.492900
vn 0.724200 -0.510400 0.463700
vn 0.745200 -0.508500 0.431300
vn 0.765800 -0.505700 0.397200
vn 0.785500 -0.501700 0.362400
vn 0.804900 -0.496000 0.325700
vn -0.858200 0.102200 -0.502900
vn -0.847500 0.144000 -0.510800
vn -0.846100 0.147000 -0.512300
vn -0.845300 0.149300 -0.512900
vn -0.845500 0.150100 -0.512400
vn -0.845900 0.150700 -0.511600
vn -0.846400 0.151200 -0.510500
vn -0.846600 0.151600 -0.510100
vn -0.845500 0.152400 -0.511700
vn -0.842600 0.154700 -0.515800
vn 0.832000 -0.188600 0.521700
vn 0.844500 -0.147200 0.514900
vn 0.845900 -0.144100 0.513400
vn 0.846700 -0.141900 0.512800
vn 0.846600 -0.141100 0.513200
vn 0.846200 -0.140400 0.513900
vn 0.845700 -0.139900 0.515000
vn 0.844400 -0.139800 0.517100
vn 0.841400 -0.140200 0.521900
vn 0.835800 -0.141300 0.530400
vn -0.878800 -0.282500 -0.384600
vn -0.884200 -0.244900 -0.397500
vn -0.881800 -0.242400 -0.404400
vn -0.872200 -0.240500 -0.425900
vn -0.858000 -0.239500 -0.454400
vn -0.841300 -0.238000 -0.485300
vn -0.822000 -0.235900 -0.518300
vn -0.799600 -0.233000 -0.553400
vn -0.773000 -0.228500 -0.591800
vn -0.739600 -0.220300 -0.635900
vn 0.885100 0.201600 0.419400
vn 0.883300 0.237800 0.403900
vn 0.881000 0.240600 0.407300
vn 0.871200 0.242700 0.426800
vn 0.856500 0.243300 0.455200
vn 0.839000 0.243100 0.486800
vn 0.818600 0.242000 0.520900
vn 0.795000 0.239500 0.557200
vn 0.766800 0.235200 0.597200
vn 0.731100 0.227600 0.643100
vn -0.765000 -0.608000 -0.212500
vn -0.779600 -0.584800 -0.223900
vn -0.776800 -0.584500 -0.234200
vn -0.762100 -0.587100 -0.272900
vn -0.738500 -0.590100 -0.326100
vn -0.708900 -0.591000 -0.384800
vn -0.673100 -0.588800 -0.447400
vn -0.630900 -0.582700 -0.512200
vn -0.581200 -0.571200 -0.579500
vn -0.520800 -0.551100 -0.651900
vn 0.794600 0.552500 0.251500
vn 0.784400 0.574400 0.234000
vn 0.779800 0.577300 0.242300
vn 0.763600 0.582300 0.279100
vn 0.739200 0.586300 0.331300
vn 0.708900 0.588100 0.389300
vn 0.672600 0.586500 0.451200
vn 0.630100 0.580600 0.515600
vn 0.580200 0.569300 0.582400
vn 0.519900 0.549600 0.654000
vn -0.552400 -0.833300 -0.020100
vn -0.565200 -0.824600 -0.024400
vn -0.561300 -0.826800 -0.036000
vn -0.541500 -0.836600 -0.083200
vn -0.509800 -0.846900 -0.150500
vn -0.470300 -0.852900 -0.226600
vn -0.422800 -0.852000 -0.308600
vn -0.367800 -0.842500 -0.393600
vn -0.305600 -0.822300 -0.480000
vn -0.233800 -0.787600 -0.570100
vn 0.580900 0.812600 0.046600
vn 0.572200 0.819400 0.033600
vn 0.566200 0.823000 0.045200
vn 0.544800 0.833500 0.092000
vn 0.512500 0.843900 0.158500
vn 0.472500 0.849800 0.233400
vn 0.424800 0.849000 0.314100
vn 0.370300 0.839400 0.397700
vn 0.309000 0.819400 0.482700
vn 0.238700 0.785500 0.571000
vn -0.277200 -0.945900 0.168700
vn -0.279900 -0.944300 0.172700
vn -0.274100 -0.948000 0.161800
vn -0.248000 -0.961900 0.114500
vn -0.208800 -0.976900 0.045200
vn -0.162100 -0.986100 -0.034800
vn -0.108800 -0.986400 -0.123100
vn -0.050500 -0.975100 -0.215800
vn 0.011200 -0.950400 -0.310800
vn 0.077900 -0.908600 -0.410200
vn 0.276400 0.946700 -0.165400
vn 0.278500 0.945200 -0.170300
vn 0.271700 0.949400 -0.157700
vn 0.245000 0.963300 -0.109500
vn 0.205800 0.977800 -0.040300
vn 0.159400 0.986400 0.039000
vn 0.106600 0.986200 0.126100
vn 0.049400 0.974800 0.217600
vn -0.011000 0.950300 0.311200
vn -0.076000 0.909500 0.408700
usemtl cartoon_fern_leaves
s 1
f 1896/1/1 1893/2/2 1885/3/3 1889/4/4
f 1892/5/5 1894/6/6 1891/7/7 1884/8/8
f 1894/6/6 1895/9/9 1890/10/10 1891/7/7
f 1895/9/9 1896/1/1 1889/4/4 1890/10/10
f 1887/11/11 1888/12/12 1896/1/1 1895/9/9
f 1886/13/13 1887/11/11 1895/9/9 1894/6/6
f 1882/14/14 1886/13/13 1894/6/6 1892/5/5
f 1888/12/12 1883/15/15 1893/2/2 1896/1/1
f 1911/16/16 1908/17/17 1900/18/18 1904/19/19
f 1907/20/20 1909/21/21 1906/22/22 1899/23/23
f 1909/21/21 1910/24/24 1905/25/25 1906/22/22
f 1910/24/24 1911/16/16 1904/19/19 1905/25/25
f 1902/26/26 1903/27/27 1911/16/16 1910/24/24
f 1901/28/28 1902/26/26 1910/24/24 1909/21/21
f 1897/29/29 1901/28/28 1909/21/21 1907/20/20
f 1903/27/27 1898/30/30 1908/17/17 1911/16/16
f 1926/31/31 1923/32/32 1915/33/33 1919/34/34
f 1922/35/35 1924/36/36 1921/37/37 1914/38/38
f 1924/36/36 1925/39/39 1920/40/40 1921/37/37
f 1925/39/39 1926/31/31 1919/34/34 1920/40/40
f 1917/41/41 1918/42/42 1926/31/31 1925/39/39
f 1916/43/43 1917/41/41 1925/39/39 1924/36/36
f 1912/44/44 1916/43/43 1924/36/36 1922/35/35
f 1918/42/42 1913/45/45 1923/32/32 1926/31/31
f 1941/46/46 1938/47/47 1930/48/48 1934/49/49
f 1937/50/50 1939/51/51 1936/52/52 1929/53/53
f 1939/51/51 1940/54/54 1935/55/55 1936/52/52
f 1940/54/54 1941/46/46 1934/49/49 1935/55/55
f 1932/56/56 1933/57/57 1941/46/46 1940/54/54
f 1931/58/58 1932/56/56 1940/54/54 1939/51/51
f 1927/59/59 1931/58/58 1939/51/51 1937/50/50
f 1933/57/57 1928/60/60 1938/47/47 1941/46/46
f 1956/61/61 1953/62/62 1945/63/63 1949/64/64
f 1952/65/65 1954/66/66 1951/67/67 1944/68/68
f 1954/66/66 1955/69/69 1950/70/70 1951/67/67
f 1955/69/69 1956/61/61 1949/64/64 1950/70/70
f 1947/71/71 1948/72/72 1956/61/61 1955/69/69
f 1946/73/73 1947/71/71 1955/69/69 1954/66/66
f 1942/74/74 1946/73/73 1954/66/66 1952/65/65
f 1948/72/72 1943/75/75 1953/62/62 1956/61/61
f 1971/76/76 1968/77/77 1960/78/78 1964/79/79
f 1967/80/80 1969/81/81 1966/82/82 1959/83/83
f 1969/81/81 1970/84/84 1965/85/85 1966/82/82
f 1970/84/84 1971/76/76 1964/79/79 1965/85/85
f 1962/86/86 1963/87/87 1971/76/76 1970/84/84
f 1961/88/88 1962/86/86 1970/84/84 1969/81/81
f 1957/89/89 1961/88/88 1969/81/81 1967/80/80
f 1963/87/87 1958/90/90 1968/77/77 1971/76/76
f 1986/91/91 1983/92/92 1975/93/93 1979/94/94
f 1982/95/95 1984/96/96 1981/97/97 1974/98/98
f 1984/96/96 1985/99/99 1980/100/100 1981/97/97
f 1985/99/99 1986/91/91 1979/94/94 1980/100/100
f 1977/101/101 1978/102/102 1986/91/91 1985/99/99
f 1976/103/103 1977/101/101 1985/99/99 1984/96/96
f 1972/104/104 1976/103/103 1984/96/96 1982/95/95
f 1978/102/102 1973/105/105 1983/92/92 1986/91/91
f 2001/61/106 1998/62/107 1990/63/108 1994/64/109
f 1997/65/110 1999/66/111 1996/67/112 1989/68/113
f 1999/66/111 2000/69/114 1995/70/115 1996/67/112
f 2000/69/114 2001/61/106 1994/64/109 1995/70/115
f 1992/71/116 1993/72/117 2001/61/106 2000/69/114
f 1991/73/118 1992/71/116 2000/69/114 1999/66/111
f 1987/74/119 1991/73/118 1999/66/111 1997/65/110
f 1993/72/117 1988/75/120 1998/62/107 2001/61/106
f 2016/61/121 2013/62/122 2005/63/123 2009/64/124
f 2012/65/125 2014/66/126 2011/67/127 2004/68/128
f 2014/66/126 2015/69/129 2010/70/130 2011/67/127
f 2015/69/129 2016/61/121 2009/64/124 2010/70/130
f 2007/71/131 2008/72/132 2016/61/121 2015/69/129
f 2006/73/133 2007/71/131 2015/69/129 2014/66/126
f 2002/74/134 2006/73/133 2014/66/126 2012/65/125
f 2008/72/132 2003/75/135 2013/62/122 2016/61/121
f 2031/106/136 2028/107/137 2020/108/138 2024/109/139
f 2027/110/140 2029/111/141 2026/112/142 2019/113/143
f 2029/111/141 2030/114/144 2025/115/145 2026/112/142
f 2030/114/144 2031/106/136 2024/109/139 2025/115/145
f 2022/116/146 2023/117/147 2031/106/136 2030/114/144
f 2021/118/148 2022/116/146 2030/114/144 2029/111/141
f 2017/119/149 2021/118/148 2029/111/141 2027/110/140
f 2023/117/147 2018/120/150 2028/107/137 2031/106/136
f 2046/61/151 2043/62/152 2035/63/153 2039/64/154
f 2042/65/155 2044/66/156 2041/67/157 2034/68/158
f 2044/66/156 2045/69/159 2040/70/160 2041/67/157
f 2045/69/159 2046/61/151 2039/64/154 2040/70/160
f 2037/71/161 2038/72/162 2046/61/151 2045/69/159
f 2036/73/163 2037/71/161 2045/69/159 2044/66/156
f 2032/74/164 2036/73/163 2044/66/156 2042/65/155
f 2038/72/162 2033/75/165 2043/62/152 2046/61/151
f 2061/61/166 2058/62/167 2050/63/168 2054/64/169
f 2057/65/170 2059/66/171 2056/67/172 2049/68/173
f 2059/66/171 2060/69/174 2055/70/175 2056/67/172
f 2060/69/174 2061/61/166 2054/64/169 2055/70/175
f 2052/71/176 2053/72/177 2061/61/166 2060/69/174
f 2051/73/178 2052/71/176 2060/69/174 2059/66/171
f 2047/74/179 2051/73/178 2059/66/171 2057/65/170
f 2053/72/177 2048/75/180 2058/62/167 2061/61/166
f 2076/91/181 2073/92/182 2065/93/183 2069/94/184
f 2072/95/185 2074/96/186 2071/97/187 2064/98/188
f 2074/96/186 2075/99/189 2070/100/190 2071/97/187
f 2075/99/189 2076/91/181 2069/94/184 2070/100/190
f 2067/101/191 2068/102/192 2076/91/181 2075/99/189
f 2066/103/193 2067/101/191 2075/99/189 2074/96/186
f 2062/104/194 2066/103/193 2074/96/186 2072/95/185
f 2068/102/192 2063/105/195 2073/92/182 2076/91/181
f 2091/121/196 2088/122/197 2080/123/198 2084/124/199
f 2087/125/200 2089/126/201 2086/127/202 2079/128/203
f 2089/126/201 2090/129/204 2085/130/205 2086/127/202
f 2090/129/204 2091/121/196 2084/124/199 2085/130/205
f 2082/131/206 2083/132/207 2091/121/196 2090/129/204
f 2081/133/208 2082/131/206 2090/129/204 2089/126/201
f 2077/134/209 2081/133/208 2089/126/201 2087/125/200
f 2083/132/207 2078/135/210 2088/122/197 2091/121/196
f 2106/61/211 2103/62/212 2095/63/213 2099/64/214
f 2102/65/215 2104/66/216 2101/67/217 2094/68/218
f 2104/66/216 2105/69/219 2100/70/220 2101/67/217
f 2105/69/219 2106/61/211 2099/64/214 2100/70/220
f 2097/71/221 2098/72/222 2106/61/211 2105/69/219
f 2096/73/223 2097/71/221 2105/69/219 2104/66/216
f 2092/74/224 2096/73/223 2104/66/216 2102/65/215
f 2098/72/222 2093/75/225 2103/62/212 2106/61/211
f 2121/46/226 2118/47/227 2110/48/228 2114/49/229
f 2117/50/230 2119/51/231 2116/52/232 2109/53/233
f 2119/51/231 2120/54/234 2115/55/235 2116/52/232
f 2120/54/234 2121/46/226 2114/49/229 2115/55/235
f 2112/56/236 2113/57/237 2121/46/226 2120/54/234
f 2111/58/238 2112/56/236 2120/54/234 2119/51/231
f 2107/59/239 2111/58/238 2119/51/231 2117/50/230
f 2113/57/237 2108/60/240 2118/47/227 2121/46/226
f 2136/31/241 2133/32/242 2125/33/243 2129/34/244
f 2132/35/245 2134/36/246 2131/37/247 2124/38/248
f 2134/36/246 2135/39/249 2130/40/250 2131/37/247
f 2135/39/249 2136/31/241 2129/34/244 2130/40/250
f 2127/41/251 2128/42/252 2136/31/241 2135/39/249
f 2126/43/253 2127/41/251 2135/39/249 2134/36/246
f 2122/44/254 2126/43/253 2134/36/246 2132/35/245
f 2128/42/252 2123/45/255 2133/32/242 2136/31/241
f 2151/1/256 2148/2/257 2140/3/258 2144/4/259
f 2147/5/260 2149/6/261 2146/7/262 2139/8/263
f 2149/6/261 2150/9/264 2145/10/265 2146/7/262
f 2150/9/264 2151/1/256 2144/4/259 2145/10/265
f 2142/11/266 2143/12/267 2151/1/256 2150/9/264
f 2141/13/268 2142/11/266 2150/9/264 2149/6/261
f 2137/14/269 2141/13/268 2149/6/261 2147/5/260
f 2143/12/267 2138/15/270 2148/2/257 2151/1/256
f 2166/16/271 2163/17/272 2155/18/273 2159/19/274
f 2162/20/275 2164/21/276 2161/22/277 2154/23/278
f 2164/21/276 2165/24/279 2160/25/280 2161/22/277
f 2165/24/279 2166/16/271 2159/19/274 2160/25/280
f 2157/26/281 2158/27/282 2166/16/271 2165/24/279
f 2156/28/283 2157/26/281 2165/24/279 2164/21/276
f 2152/29/284 2156/28/283 2164/21/276 2162/20/275
f 2158/27/282 2153/30/285 2163/17/272 2166/16/271
f 2181/16/286 2178/17/287 2170/18/288 2174/19/289
f 2177/20/290 2179/21/291 2176/22/292 2169/23/293
f 2179/21/291 2180/24/294 2175/25/295 2176/22/292
f 2180/24/294 2181/16/286 2174/19/289 2175/25/295
f 2172/26/296 2173/27/297 2181/16/286 2180/24/294
f 2171/28/298 2172/26/296 2180/24/294 2179/21/291
f 2167/29/299 2171/28/298 2179/21/291 2177/20/290
f 2173/27/297 2168/30/300 2178/17/287 2181/16/286
f 2196/1/301 2193/2/302 2185/3/303 2189/4/304
f 2192/5/305 2194/6/306 2191/7/307 2184/8/308
f 2194/6/306 2195/9/309 2190/10/310 2191/7/307
f 2195/9/309 2196/1/301 2189/4/304 2190/10/310
f 2187/11/311 2188/12/312 2196/1/301 2195/9/309
f 2186/13/313 2187/11/311 2195/9/309 2194/6/306
f 2182/14/314 2186/13/313 2194/6/306 2192/5/305
f 2188/12/312 2183/15/315 2193/2/302 2196/1/301
f 2211/31/316 2208/32/317 2200/33/318 2204/34/319
f 2207/35/320 2209/36/321 2206/37/322 2199/38/323
f 2209/36/321 2210/39/324 2205/40/325 2206/37/322
f 2210/39/324 2211/31/316 2204/34/319 2205/40/325
f 2202/41/326 2203/42/327 2211/31/316 2210/39/324
f 2201/43/328 2202/41/326 2210/39/324 2209/36/321
f 2197/44/329 2201/43/328 2209/36/321 2207/35/320
f 2203/42/327 2198/45/330 2208/32/317 2211/31/316
f 2226/46/331 2223/47/332 2215/48/333 2219/49/334
f 2222/50/335 2224/51/336 2221/52/337 2214/53/338
f 2224/51/336 2225/54/339 2220/55/340 2221/52/337
f 2225/54/339 2226/46/331 2219/49/334 2220/55/340
f 2217/56/341 2218/57/342 2226/46/331 2225/54/339
f 2216/58/343 2217/56/341 2225/54/339 2224/51/336
f 2212/59/344 2216/58/343 2224/51/336 2222/50/335
f 2218/57/342 2213/60/345 2223/47/332 2226/46/331
f 2241/61/346 2238/62/347 2230/63/348 2234/64/349
f 2237/65/350 2239/66/351 2236/67/352 2229/68/353
f 2239/66/351 2240/69/354 2235/70/355 2236/67/352
f 2240/69/354 2241/61/346 2234/64/349 2235/70/355
f 2232/71/356 2233/72/357 2241/61/346 2240/69/354
f 2231/73/358 2232/71/356 2240/69/354 2239/66/351
f 2227/74/359 2231/73/358 2239/66/351 2237/65/350
f 2233/72/357 2228/75/360 2238/62/347 2241/61/346
f 2256/136/361 2253/137/362 2245/138/363 2249/139/364
f 2252/140/365 2254/141/366 2251/142/367 2244/143/368
f 2254/141/366 2255/144/369 2250/145/370 2251/142/367
f 2255/144/369 2256/136/361 2249/139/364 2250/145/370
f 2247/146/371 2248/147/372 2256/136/361 2255/144/369
f 2246/148/373 2247/146/371 2255/144/369 2254/141/366
f 2242/149/374 2246/148/373 2254/141/366 2252/140/365
f 2248/147/372 2243/150/375 2253/137/362 2256/136/361
f 2271/91/376 2268/92/377 2260/93/378 2264/94/379
f 2267/95/380 2269/96/381 2266/97/382 2259/98/383
f 2269/96/381 2270/99/384 2265/100/385 2266/97/382
f 2270/99/384 2271/91/376 2264/94/379 2265/100/385
f 2262/101/386 2263/102/387 2271/91/376 2270/99/384
f 2261/103/388 2262/101/386 2270/99/384 2269/96/381
f 2257/104/389 2261/103/388 2269/96/381 2267/95/380
f 2263/102/387 2258/105/390 2268/92/377 2271/91/376
f 2286/61/391 2283/62/392 2275/63/393 2279/64/394
f 2282/65/395 2284/66/396 2281/67/397 2274/68/398
f 2284/66/396 2285/69/399 2280/70/400 2281/67/397
f 2285/69/399 2286/61/391 2279/64/394 2280/70/400
f 2277/71/401 2278/72/402 2286/61/391 2285/69/399
f 2276/73/403 2277/71/401 2285/69/399 2284/66/396
f 2272/74/404 2276/73/403 2284/66/396 2282/65/395
f 2278/72/402 2273/75/405 2283/62/392 2286/61/391
f 2301/61/406 2298/62/407 2290/63/408 2294/64/409
f 2297/65/410 2299/66/411 2296/67/412 2289/68/413
f 2299/66/411 2300/69/414 2295/70/415 2296/67/412
f 2300/69/414 2301/61/406 2294/64/409 2295/70/415
f 2292/71/416 2293/72/417 2301/61/406 2300/69/414
f 2291/73/418 2292/71/416 2300/69/414 2299/66/411
f 2287/74/419 2291/73/418 2299/66/411 2297/65/410
f 2293/72/417 2288/75/420 2298/62/407 2301/61/406
f 2316/106/421 2313/107/422 2305/108/423 2309/109/424
f 2312/110/425 2314/111/426 2311/112/427 2304/113/428
f 2314/111/426 2315/114/429 2310/115/430 2311/112/427
f 2315/114/429 2316/106/421 2309/109/424 2310/115/430
f 2307/116/431 2308/117/432 2316/106/421 2315/114/429
f 2306/118/433 2307/116/431 2315/114/429 2314/111/426
f 2302/119/434 2306/118/433 2314/111/426 2312/110/425
f 2308/117/432 2303/120/435 2313/107/422 2316/106/421
f 2331/61/436 2328/62/437 2320/63/438 2324/64/439
f 2327/65/440 2329/66/441 2326/67/442 2319/68/443
f 2329/66/441 2330/69/444 2325/70/445 2326/67/442
f 2330/69/444 2331/61/436 2324/64/439 2325/70/445
f 2322/71/446 2323/72/447 2331/61/436 2330/69/444
f 2321/73/448 2322/71/446 2330/69/444 2329/66/441
f 2317/74/449 2321/73/448 2329/66/441 2327/65/440
f 2323/72/447 2318/75/450 2328/62/437 2331/61/436
f 2346/61/451 2343/62/452 2335/63/453 2339/64/454
f 2342/65/455 2344/66/456 2341/67/457 2334/68/458
f 2344/66/456 2345/69/459 2340/70/460 2341/67/457
f 2345/69/459 2346/61/451 2339/64/454 2340/70/460
f 2337/71/461 2338/72/462 2346/61/451 2345/69/459
f 2336/73/463 2337/71/461 2345/69/459 2344/66/456
f 2332/74/464 2336/73/463 2344/66/456 2342/65/455
f 2338/72/462 2333/75/465 2343/62/452 2346/61/451
f 2361/91/466 2358/92/467 2350/93/468 2354/94/469
f 2357/95/470 2359/96/471 2356/97/472 2349/98/473
f 2359/96/471 2360/99/474 2355/100/475 2356/97/472
f 2360/99/474 2361/91/466 2354/94/469 2355/100/475
f 2352/101/476 2353/102/477 2361/91/466 2360/99/474
f 2351/103/478 2352/101/476 2360/99/474 2359/96/471
f 2347/104/479 2351/103/478 2359/96/471 2357/95/470
f 2353/102/477 2348/105/480 2358/92/467 2361/91/466
f 2376/151/481 2373/152/482 2365/153/483 2369/154/484
f 2372/155/485 2374/156/486 2371/157/487 2364/158/488
f 2374/156/486 2375/159/489 2370/160/490 2371/157/487
f 2375/159/489 2376/151/481 2369/154/484 2370/160/490
f 2367/161/491 2368/162/492 2376/151/481 2375/159/489
f 2366/163/493 2367/161/491 2375/159/489 2374/156/486
f 2362/164/494 2366/163/493 2374/156/486 2372/155/485
f 2368/162/492 2363/165/495 2373/152/482 2376/151/481
f 2391/61/496 2388/62/497 2380/63/498 2384/64/499
f 2387/65/500 2389/66/501 2386/67/502 2379/68/503
f 2389/66/501 2390/69/504 2385/70/505 2386/67/502
f 2390/69/504 2391/61/496 2384/64/499 2385/70/505
f 2382/71/506 2383/72/507 2391/61/496 2390/69/504
f 2381/73/508 2382/71/506 2390/69/504 2389/66/501
f 2377/74/509 2381/73/508 2389/66/501 2387/65/500
f 2383/72/507 2378/75/510 2388/62/497 2391/61/496
f 2406/46/511 2403/47/512 2395/48/513 2399/49/514
f 2402/50/515 2404/51/516 2401/52/517 2394/53/518
f 2404/51/516 2405/54/519 2400/55/520 2401/52/517
f 2405/54/519 2406/46/511 2399/49/514 2400/55/520
f 2397/56/521 2398/57/522 2406/46/511 2405/54/519
f 2396/58/523 2397/56/521 2405/54/519 2404/51/516
f 2392/59/524 2396/58/523 2404/51/516 2402/50/515
f 2398/57/522 2393/60/525 2403/47/512 2406/46/511
f 2421/31/526 2418/32/527 2410/33/528 2414/34/529
f 2417/35/530 2419/36/531 2416/37/532 2409/38/533
f 2419/36/531 2420/39/534 2415/40/535 2416/37/532
f 2420/39/534 2421/31/526 2414/34/529 2415/40/535
f 2412/41/536 2413/42/537 2421/31/526 2420/39/534
f 2411/43/538 2412/41/536 2420/39/534 2419/36/531
f 2407/44/539 2411/43/538 2419/36/531 2417/35/530
f 2413/42/537 2408/45/540 2418/32/527 2421/31/526
f 2436/16/541 2433/17/542 2425/18/543 2429/19/544
f 2432/20/545 2434/21/546 2431/22/547 2424/23/548
f 2434/21/546 2435/24/549 2430/25/550 2431/22/547
f 2435/24/549 2436/16/541 2429/19/544 2430/25/550
f 2427/26/551 2428/27/552 2436/16/541 2435/24/549
f 2426/28/553 2427/26/551 2435/24/549 2434/21/546
f 2422/29/554 2426/28/553 2434/21/546 2432/20/545
f 2428/27/552 2423/30/555 2433/17/542 2436/16/541
f 2451/1/556 2448/2/557 2440/3/558 2444/4/559
f 2447/5/560 2449/6/561 2446/7/562 2439/8/563
f 2449/6/561 2450/9/564 2445/10/565 2446/7/562
f 2450/9/564 2451/1/556 2444/4/559 2445/10/565
f 2442/11/566 2443/12/567 2451/1/556 2450/9/564
f 2441/13/568 2442/11/566 2450/9/564 2449/6/561
f 2437/14/569 2441/13/568 2449/6/561 2447/5/560
f 2443/12/567 2438/15/570 2448/2/557 2451/1/556
f 2466/16/571 2463/17/572 2455/18/573 2459/19/574
f 2462/20/575 2464/21/576 2461/22/577 2454/23/578
f 2464/21/576 2465/24/579 2460/25/580 2461/22/577
f 2465/24/579 2466/16/571 2459/19/574 2460/25/580
f 2457/26/581 2458/27/582 2466/16/571 2465/24/579
f 2456/28/583 2457/26/581 2465/24/579 2464/21/576
f 2452/29/584 2456/28/583 2464/21/576 2462/20/575
f 2458/27/582 2453/30/585 2463/17/572 2466/16/571
f 2481/1/586 2478/2/587 2470/3/588 2474/4/589
f 2477/5/590 2479/6/591 2476/7/592 2469/8/593
f 2479/6/591 2480/9/594 2475/10/595 2476/7/592
f 2480/9/594 2481/1/586 2474/4/589 2475/10/595
f 2472/11/596 2473/12/597 2481/1/586 2480/9/594
f 2471/13/598 2472/11/596 2480/9/594 2479/6/591
f 2467/14/599 2471/13/598 2479/6/591 2477/5/590
f 2473/12/597 2468/15/600 2478/2/587 2481/1/586
f 2496/31/601 2493/32/602 2485/33/603 2489/34/604
f 2492/35/605 2494/36/606 2491/37/607 2484/38/608
f 2494/36/606 2495/39/609 2490/40/610 2491/37/607
f 2495/39/609 2496/31/601 2489/34/604 2490/40/610
f 2487/41/611 2488/42/612 2496/31/601 2495/39/609
f 2486/43/613 2487/41/611 2495/39/609 2494/36/606
f 2482/44/614 2486/43/613 2494/36/606 2492/35/605
f 2488/42/612 2483/45/615 2493/32/602 2496/31/601
f 2511/46/616 2508/47/617 2500/48/618 2504/49/619
f 2507/50/620 2509/51/621 2506/52/622 2499/53/623
f 2509/51/621 2510/54/624 2505/55/625 2506/52/622
f 2510/54/624 2511/46/616 2504/49/619 2505/55/625
f 2502/56/626 2503/57/627 2511/46/616 2510/54/624
f 2501/58/628 2502/56/626 2510/54/624 2509/51/621
f 2497/59/629 2501/58/628 2509/51/621 2507/50/620
f 2503/57/627 2498/60/630 2508/47/617 2511/46/616
f 2526/61/631 2523/62/632 2515/63/633 2519/64/634
f 2522/65/635 2524/66/636 2521/67/637 2514/68/638
f 2524/66/636 2525/69/639 2520/70/640 2521/67/637
f 2525/69/639 2526/61/631 2519/64/634 2520/70/640
f 2517/71/641 2518/72/642 2526/61/631 2525/69/639
f 2516/73/643 2517/71/641 2525/69/639 2524/66/636
f 2512/74/644 2516/73/643 2524/66/636 2522/65/635
f 2518/72/642 2513/75/645 2523/62/632 2526/61/631
f 2541/166/646 2538/167/647 2530/168/648 2534/169/649
f 2537/170/650 2539/171/651 2536/172/652 2529/173/653
f 2539/171/651 2540/174/654 2535/175/655 2536/172/652
f 2540/174/654 2541/166/646 2534/169/649 2535/175/655
f 2532/176/656 2533/177/657 2541/166/646 2540/174/654
f 2531/178/658 2532/176/656 2540/174/654 2539/171/651
f 2527/179/659 2531/178/658 2539/171/651 2537/170/650
f 2533/177/657 2528/180/660 2538/167/647 2541/166/646
f 2556/91/661 2553/92/662 2545/93/663 2549/94/664
f 2552/95/665 2554/96/666 2551/97/667 2544/98/668
f 2554/96/666 2555/99/669 2550/100/670 2551/97/667
f 2555/99/669 2556/91/661 2549/94/664 2550/100/670
f 2547/101/671 2548/102/672 2556/91/661 2555/99/669
f 2546/103/673 2547/101/671 2555/99/669 2554/96/666
f 2542/104/674 2546/103/673 2554/96/666 2552/95/665
f 2548/102/672 2543/105/675 2553/92/662 2556/91/661
f 2571/61/676 2568/62/677 2560/63/678 2564/64/679
f 2567/65/680 2569/66/681 2566/67/682 2559/68/683
f 2569/66/681 2570/69/684 2565/70/685 2566/67/682
f 2570/69/684 2571/61/676 2564/64/679 2565/70/685
f 2562/71/686 2563/72/687 2571/61/676 2570/69/684
f 2561/73/688 2562/71/686 2570/69/684 2569/66/681
f 2557/74/689 2561/73/688 2569/66/681 2567/65/680
f 2563/72/687 2558/75/690 2568/62/677 2571/61/676
f 2586/61/691 2583/62/692 2575/63/693 2579/64/694
f 2582/65/695 2584/66/696 2581/67/697 2574/68/698
f 2584/66/696 2585/69/699 2580/70/700 2581/67/697
f 2585/69/699 2586/61/691 2579/64/694 2580/70/700
f 2577/71/701 2578/72/702 2586/61/691 2585/69/699
f 2576/73/703 2577/71/701 2585/69/699 2584/66/696
f 2572/74/704 2576/73/703 2584/66/696 2582/65/695
f 2578/72/702 2573/75/705 2583/62/692 2586/61/691
f 2601/106/706 2598/107/707 2590/108/708 2594/109/709
f 2597/110/710 2599/111/711 2596/112/712 2589/113/713
f 2599/111/711 2600/114/714 2595/115/715 2596/112/712
f 2600/114/714 2601/106/706 2594/109/709 2595/115/715
f 2592/116/716 2593/117/717 2601/106/706 2600/114/714
f 2591/118/718 2592/116/716 2600/114/714 2599/111/711
f 2587/119/719 2591/118/718 2599/111/711 2597/110/710
f 2593/117/717 2588/120/720 2598/107/707 2601/106/706
f 2616/61/721 2613/62/722 2605/63/723 2609/64/724
f 2612/65/725 2614/66/726 2611/67/727 2604/68/728
f 2614/66/726 2615/69/729 2610/70/730 2611/67/727
f 2615/69/729 2616/61/721 2609/64/724 2610/70/730
f 2607/71/731 2608/72/732 2616/61/721 2615/69/729
f 2606/73/733 2607/71/731 2615/69/729 2614/66/726
f 2602/74/734 2606/73/733 2614/66/726 2612/65/725
f 2608/72/732 2603/75/735 2613/62/722 2616/61/721
f 2631/61/736 2628/62/737 2620/63/738 2624/64/739
f 2627/65/740 2629/66/741 2626/67/742 2619/68/743
f 2629/66/741 2630/69/744 2625/70/745 2626/67/742
f 2630/69/744 2631/61/736 2624/64/739 2625/70/745
f 2622/71/746 2623/72/747 2631/61/736 2630/69/744
f 2621/73/748 2622/71/746 2630/69/744 2629/66/741
f 2617/74/749 2621/73/748 2629/66/741 2627/65/740
f 2623/72/747 2618/75/750 2628/62/737 2631/61/736
f 2646/91/751 2643/92/752 2635/93/753 2639/94/754
f 2642/95/755 2644/96/756 2641/97/757 2634/98/758
f 2644/96/756 2645/99/759 2640/100/760 2641/97/757
f 2645/99/759 2646/91/751 2639/94/754 2640/100/760
f 2637/101/761 2638/102/762 2646/91/751 2645/99/759
f 2636/103/763 2637/101/761 2645/99/759 2644/96/756
f 2632/104/764 2636/103/763 2644/96/756 2642/95/755
f 2638/102/762 2633/105/765 2643/92/752 2646/91/751
f 2661/181/766 2658/182/767 2650/183/768 2654/184/769
f 2657/185/770 2659/186/771 2656/187/772 2649/188/773
f 2659/186/771 2660/189/774 2655/190/775 2656/187/772
f 2660/189/774 2661/181/766 2654/184/769 2655/190/775
f 2652/191/776 2653/192/777 2661/181/766 2660/189/774
f 2651/193/778 2652/191/776 2660/189/774 2659/186/771
f 2647/194/779 2651/193/778 2659/186/771 2657/185/770
f 2653/192/777 2648/195/780 2658/182/767 2661/181/766
f 2676/61/781 2673/62/782 2665/63/783 2669/64/784
f 2672/65/785 2674/66/786 2671/67/787 2664/68/788
f 2674/66/786 2675/69/789 2670/70/790 2671/67/787
f 2675/69/789 2676/61/781 2669/64/784 2670/70/790
f 2667/71/791 2668/72/792 2676/61/781 2675/69/789
f 2666/73/793 2667/71/791 2675/69/789 2674/66/786
f 2662/74/794 2666/73/793 2674/66/786 2672/65/785
f 2668/72/792 2663/75/795 2673/62/782 2676/61/781
f 2691/46/796 2688/47/797 2680/48/798 2684/49/799
f 2687/50/800 2689/51/801 2686/52/802 2679/53/803
f 2689/51/801 2690/54/804 2685/55/805 2686/52/802
f 2690/54/804 2691/46/796 2684/49/799 2685/55/805
f 2682/56/806 2683/57/807 2691/46/796 2690/54/804
f 2681/58/808 2682/56/806 2690/54/804 2689/51/801
f 2677/59/809 2681/58/808 2689/51/801 2687/50/800
f 2683/57/807 2678/60/810 2688/47/797 2691/46/796
f 2706/31/811 2703/32/812 2695/33/813 2699/34/814
f 2702/35/815 2704/36/816 2701/37/817 2694/38/818
f 2704/36/816 2705/39/819 2700/40/820 2701/37/817
f 2705/39/819 2706/31/811 2699/34/814 2700/40/820
f 2697/41/821 2698/42/822 2706/31/811 2705/39/819
f 2696/43/823 2697/41/821 2705/39/819 2704/36/816
f 2692/44/824 2696/43/823 2704/36/816 2702/35/815
f 2698/42/822 2693/45/825 2703/32/812 2706/31/811
f 2721/16/826 2718/17/827 2710/18/828 2714/19/829
f 2717/20/830 2719/21/831 2716/22/832 2709/23/833
f 2719/21/831 2720/24/834 2715/25/835 2716/22/832
f 2720/24/834 2721/16/826 2714/19/829 2715/25/835
f 2712/26/836 2713/27/837 2721/16/826 2720/24/834
f 2711/28/838 2712/26/836 2720/24/834 2719/21/831
f 2707/29/839 2711/28/838 2719/21/831 2717/20/830
f 2713/27/837 2708/30/840 2718/17/827 2721/16/826
f 2736/1/841 2733/2/842 2725/3/843 2729/4/844
f 2732/5/845 2734/6/846 2731/7/847 2724/8/848
f 2734/6/846 2735/9/849 2730/10/850 2731/7/847
f 2735/9/849 2736/1/841 2729/4/844 2730/10/850
f 2727/11/851 2728/12/852 2736/1/841 2735/9/849
f 2726/13/853 2727/11/851 2735/9/849 2734/6/846
f 2722/14/854 2726/13/853 2734/6/846 2732/5/845
f 2728/12/852 2723/15/855 2733/2/842 2736/1/841
f 2751/1/856 2748/2/857 2740/3/858 2744/4/859
f 2747/5/860 2749/6/861 2746/7/862 2739/8/863
f 2749/6/861 2750/9/864 2745/10/865 2746/7/862
f 2750/9/864 2751/1/856 2744/4/859 2745/10/865
f 2742/11/866 2743/12/867 2751/1/856 2750/9/864
f 2741/13/868 2742/11/866 2750/9/864 2749/6/861
f 2737/14/869 2741/13/868 2749/6/861 2747/5/860
f 2743/12/867 2738/15/870 2748/2/857 2751/1/856
f 2766/16/871 2763/17/872 2755/18/873 2759/19/874
f 2762/20/875 2764/21/876 2761/22/877 2754/23/878
f 2764/21/876 2765/24/879 2760/25/880 2761/22/877
f 2765/24/879 2766/16/871 2759/19/874 2760/25/880
f 2757/26/881 2758/27/882 2766/16/871 2765/24/879
f 2756/28/883 2757/26/881 2765/24/879 2764/21/876
f 2752/29/884 2756/28/883 2764/21/876 2762/20/875
f 2758/27/882 2753/30/885 2763/17/872 2766/16/871
f 2781/31/886 2778/32/887 2770/33/888 2774/34/889
f 2777/35/890 2779/36/891 2776/37/892 2769/38/893
f 2779/36/891 2780/39/894 2775/40/895 2776/37/892
f 2780/39/894 2781/31/886 2774/34/889 2775/40/895
f 2772/41/896 2773/42/897 2781/31/886 2780/39/894
f 2771/43/898 2772/41/896 2780/39/894 2779/36/891
f 2767/44/899 2771/43/898 2779/36/891 2777/35/890
f 2773/42/897 2768/45/900 2778/32/887 2781/31/886
f 2796/46/901 2793/47/902 2785/48/903 2789/49/904
f 2792/50/905 2794/51/906 2791/52/907 2784/53/908
f 2794/51/906 2795/54/909 2790/55/910 2791/52/907
f 2795/54/909 2796/46/901 2789/49/904 2790/55/910
f 2787/56/911 2788/57/912 2796/46/901 2795/54/909
f 2786/58/913 2787/56/911 2795/54/909 2794/51/906
f 2782/59/914 2786/58/913 2794/51/906 2792/50/905
f 2788/57/912 2783/60/915 2793/47/902 2796/46/901
f 2811/61/916 2808/62/917 2800/63/918 2804/64/919
f 2807/65/920 2809/66/921 2806/67/922 2799/68/923
f 2809/66/921 2810/69/924 2805/70/925 2806/67/922
f 2810/69/924 2811/61/916 2804/64/919 2805/70/925
f 2802/71/926 2803/72/927 2811/61/916 2810/69/924
f 2801/73/928 2802/71/926 2810/69/924 2809/66/921
f 2797/74/929 2801/73/928 2809/66/921 2807/65/920
f 2803/72/927 2798/75/930 2808/62/917 2811/61/916
f 2826/196/931 2823/197/932 2815/198/933 2819/199/934
f 2822/200/935 2824/201/936 2821/202/937 2814/203/938
f 2824/201/936 2825/204/939 2820/205/940 2821/202/937
f 2825/204/939 2826/196/931 2819/199/934 2820/205/940
f 2817/206/941 2818/207/942 2826/196/931 2825/204/939
f 2816/208/943 2817/206/941 2825/204/939 2824/201/936
f 2812/209/944 2816/208/943 2824/201/936 2822/200/935
f 2818/207/942 2813/210/945 2823/197/932 2826/196/931
f 2841/91/946 2838/92/947 2830/93/948 2834/94/949
f 2837/95/950 2839/96/951 2836/97/952 2829/98/953
f 2839/96/951 2840/99/954 2835/100/955 2836/97/952
f 2840/99/954 2841/91/946 2834/94/949 2835/100/955
f 2832/101/956 2833/102/957 2841/91/946 2840/99/954
f 2831/103/958 2832/101/956 2840/99/954 2839/96/951
f 2827/104/959 2831/103/958 2839/96/951 2837/95/950
f 2833/102/957 2828/105/960 2838/92/947 2841/91/946
f 2856/61/961 2853/62/962 2845/63/963 2849/64/964
f 2852/65/965 2854/66/966 2851/67/967 2844/68/968
f 2854/66/966 2855/69/969 2850/70/970 2851/67/967
f 2855/69/969 2856/61/961 2849/64/964 2850/70/970
f 2847/71/971 2848/72/972 2856/61/961 2855/69/969
f 2846/73/973 2847/71/971 2855/69/969 2854/66/966
f 2842/74/974 2846/73/973 2854/66/966 2852/65/965
f 2848/72/972 2843/75/975 2853/62/962 2856/61/961
f 2871/61/976 2868/62/977 2860/63/978 2864/64/979
f 2867/65/980 2869/66/981 2866/67/982 2859/68/983
f 2869/66/981 2870/69/984 2865/70/985 2866/67/982
f 2870/69/984 2871/61/976 2864/64/979 2865/70/985
f 2862/71/986 2863/72/987 2871/61/976 2870/69/984
f 2861/73/988 2862/71/986 2870/69/984 2869/66/981
f 2857/74/989 2861/73/988 2869/66/981 2867/65/980
f 2863/72/987 2858/75/990 2868/62/977 2871/61/976
f 2886/106/991 2883/107/992 2875/108/993 2879/109/994
f 2882/110/995 2884/111/996 2881/112/997 2874/113/998
f 2884/111/996 2885/114/999 2880/115/1000 2881/112/997
f 2885/114/999 2886/106/991 2879/109/994 2880/115/1000
f 2877/116/1001 2878/117/1002 2886/106/991 2885/114/999
f 2876/118/1003 2877/116/1001 2885/114/999 2884/111/996
f 2872/119/1004 2876/118/1003 2884/111/996 2882/110/995
f 2878/117/1002 2873/120/1005 2883/107/992 2886/106/991
f 2901/61/1006 2898/62/1007 2890/63/1008 2894/64/1009
f 2897/65/1010 2899/66/1011 2896/67/1012 2889/68/1013
f 2899/66/1011 2900/69/1014 2895/70/1015 2896/67/1012
f 2900/69/1014 2901/61/1006 2894/64/1009 2895/70/1015
f 2892/71/1016 2893/72/1017 2901/61/1006 2900/69/1014
f 2891/73/1018 2892/71/1016 2900/69/1014 2899/66/1011
f 2887/74/1019 2891/73/1018 2899/66/1011 2897/65/1010
f 2893/72/1017 2888/75/1020 2898/62/1007 2901/61/1006
f 2916/61/1021 2913/62/1022 2905/63/1023 2909/64/1024
f 2912/65/1025 2914/66/1026 2911/67/1027 2904/68/1028
f 2914/66/1026 2915/69/1029 2910/70/1030 2911/67/1027
f 2915/69/1029 2916/61/1021 2909/64/1024 2910/70/1030
f 2907/71/1031 2908/72/1032 2916/61/1021 2915/69/1029
f 2906/73/1033 2907/71/1031 2915/69/1029 2914/66/1026
f 2902/74/1034 2906/73/1033 2914/66/1026 2912/65/1025
f 2908/72/1032 2903/75/1035 2913/62/1022 2916/61/1021
f 2931/91/1036 2928/92/1037 2920/93/1038 2924/94/1039
f 2927/95/1040 2929/96/1041 2926/97/1042 2919/98/1043
f 2929/96/1041 2930/99/1044 2925/100/1045 2926/97/1042
f 2930/99/1044 2931/91/1036 2924/94/1039 2925/100/1045
f 2922/101/1046 2923/102/1047 2931/91/1036 2930/99/1044
f 2921/103/1048 2922/101/1046 2930/99/1044 2929/96/1041
f 2917/104/1049 2921/103/1048 2929/96/1041 2927/95/1040
f 2923/102/1047 2918/105/1050 2928/92/1037 2931/91/1036
f 2946/211/1051 2943/212/1052 2935/213/1053 2939/214/1054
f 2942/215/1055 2944/216/1056 2941/217/1057 2934/218/1058
f 2944/216/1056 2945/219/1059 2940/220/1060 2941/217/1057
f 2945/219/1059 2946/211/1051 2939/214/1054 2940/220/1060
f 2937/221/1061 2938/222/1062 2946/211/1051 2945/219/1059
f 2936/223/1063 2937/221/1061 2945/219/1059 2944/216/1056
f 2932/224/1064 2936/223/1063 2944/216/1056 2942/215/1055
f 2938/222/1062 2933/225/1065 2943/212/1052 2946/211/1051
f 2961/61/1066 2958/62/1067 2950/63/1068 2954/64/1069
f 2957/65/1070 2959/66/1071 2956/67/1072 2949/68/1073
f 2959/66/1071 2960/69/1074 2955/70/1075 2956/67/1072
f 2960/69/1074 2961/61/1066 2954/64/1069 2955/70/1075
f 2952/71/1076 2953/72/1077 2961/61/1066 2960/69/1074
f 2951/73/1078 2952/71/1076 2960/69/1074 2959/66/1071
f 2947/74/1079 2951/73/1078 2959/66/1071 2957/65/1070
f 2953/72/1077 2948/75/1080 2958/62/1067 2961/61/1066
f 2976/46/1081 2973/47/1082 2965/48/1083 2969/49/1084
f 2972/50/1085 2974/51/1086 2971/52/1087 2964/53/1088
f 2974/51/1086 2975/54/1089 2970/55/1090 2971/52/1087
f 2975/54/1089 2976/46/1081 2969/49/1084 2970/55/1090
f 2967/56/1091 2968/57/1092 2976/46/1081 2975/54/1089
f 2966/58/1093 2967/56/1091 2975/54/1089 2974/51/1086
f 2962/59/1094 2966/58/1093 2974/51/1086 2972/50/1085
f 2968/57/1092 2963/60/1095 2973/47/1082 2976/46/1081
f 2991/31/1096 2988/32/1097 2980/33/1098 2984/34/1099
f 2987/35/1100 2989/36/1101 2986/37/1102 2979/38/1103
f 2989/36/1101 2990/39/1104 2985/40/1105 2986/37/1102
f 2990/39/1104 2991/31/1096 2984/34/1099 2985/40/1105
f 2982/41/1106 2983/42/1107 2991/31/1096 2990/39/1104
f 2981/43/1108 2982/41/1106 2990/39/1104 2989/36/1101
f 2977/44/1109 2981/43/1108 2989/36/1101 2987/35/1100
f 2983/42/1107 2978/45/1110 2988/32/1097 2991/31/1096
f 3006/1/1111 3003/2/1112 2995/3/1113 2999/4/1114
f 3002/5/1115 3004/6/1116 3001/7/1117 2994/8/1118
f 3004/6/1116 3005/9/1119 3000/10/1120 3001/7/1117
f 3005/9/1119 3006/1/1111 2999/4/1114 3000/10/1120
f 2997/11/1121 2998/12/1122 3006/1/1111 3005/9/1119
f 2996/13/1123 2997/11/1121 3005/9/1119 3004/6/1116
f 2992/14/1124 2996/13/1123 3004/6/1116 3002/5/1115
f 2998/12/1122 2993/15/1125 3003/2/1112 3006/1/1111
f 3021/16/1126 3018/17/1127 3010/18/1128 3014/19/1129
f 3017/20/1130 3019/21/1131 3016/22/1132 3009/23/1133
f 3019/21/1131 3020/24/1134 3015/25/1135 3016/22/1132
f 3020/24/1134 3021/16/1126 3014/19/1129 3015/25/1135
f 3012/26/1136 3013/27/1137 3021/16/1126 3020/24/1134
f 3011/28/1138 3012/26/1136 3020/24/1134 3019/21/1131
f 3007/29/1139 3011/28/1138 3019/21/1131 3017/20/1130
f 3013/27/1137 3008/30/1140 3018/17/1127 3021/16/1126
f 3036/1/1141 3033/2/1142 3025/3/1143 3029/4/1144
f 3032/5/1145 3034/6/1146 3031/7/1147 3024/8/1148
f 3034/6/1146 3035/9/1149 3030/10/1150 3031/7/1147
f 3035/9/1149 3036/1/1141 3029/4/1144 3030/10/1150
f 3027/11/1151 3028/12/1152 3036/1/1141 3035/9/1149
f 3026/13/1153 3027/11/1151 3035/9/1149 3034/6/1146
f 3022/14/1154 3026/13/1153 3034/6/1146 3032/5/1145
f 3028/12/1152 3023/15/1155 3033/2/1142 3036/1/1141
f 3051/16/1156 3048/17/1157 3040/18/1158 3044/19/1159
f 3047/20/1160 3049/21/1161 3046/22/1162 3039/23/1163
f 3049/21/1161 3050/24/1164 3045/25/1165 3046/22/1162
f 3050/24/1164 3051/16/1156 3044/19/1159 3045/25/1165
f 3042/26/1166 3043/27/1167 3051/16/1156 3050/24/1164
f 3041/28/1168 3042/26/1166 3050/24/1164 3049/21/1161
f 3037/29/1169 3041/28/1168 3049/21/1161 3047/20/1160
f 3043/27/1167 3038/30/1170 3048/17/1157 3051/16/1156
f 3066/31/1171 3063/32/1172 3055/33/1173 3059/34/1174
f 3062/35/1175 3064/36/1176 3061/37/1177 3054/38/1178
f 3064/36/1176 3065/39/1179 3060/40/1180 3061/37/1177
f 3065/39/1179 3066/31/1171 3059/34/1174 3060/40/1180
f 3057/41/1181 3058/42/1182 3066/31/1171 3065/39/1179
f 3056/43/1183 3057/41/1181 3065/39/1179 3064/36/1176
f 3052/44/1184 3056/43/1183 3064/36/1176 3062/35/1175
f 3058/42/1182 3053/45/1185 3063/32/1172 3066/31/1171
f 3081/46/1186 3078/47/1187 3070/48/1188 3074/49/1189
f 3077/50/1190 3079/51/1191 3076/52/1192 3069/53/1193
f 3079/51/1191 3080/54/1194 3075/55/1195 3076/52/1192
f 3080/54/1194 3081/46/1186 3074/49/1189 3075/55/1195
f 3072/56/1196 3073/57/1197 3081/46/1186 3080/54/1194
f 3071/58/1198 3072/56/1196 3080/54/1194 3079/51/1191
f 3067/59/1199 3071/58/1198 3079/51/1191 3077/50/1190
f 3073/57/1197 3068/60/1200 3078/47/1187 3081/46/1186
f 3096/61/1201 3093/62/1202 3085/63/1203 3089/64/1204
f 3092/65/1205 3094/66/1206 3091/67/1207 3084/68/1208
f 3094/66/1206 3095/69/1209 3090/70/1210 3091/67/1207
f 3095/69/1209 3096/61/1201 3089/64/1204 3090/70/1210
f 3087/71/1211 3088/72/1212 3096/61/1201 3095/69/1209
f 3086/73/1213 3087/71/1211 3095/69/1209 3094/66/1206
f 3082/74/1214 3086/73/1213 3094/66/1206 3092/65/1205
f 3088/72/1212 3083/75/1215 3093/62/1202 3096/61/1201
f 3111/226/1216 3108/227/1217 3100/228/1218 3104/229/1219
f 3107/230/1220 3109/231/1221 3106/232/1222 3099/233/1223
f 3109/231/1221 3110/234/1224 3105/235/1225 3106/232/1222
f 3110/234/1224 3111/226/1216 3104/229/1219 3105/235/1225
f 3102/236/1226 3103/237/1227 3111/226/1216 3110/234/1224
f 3101/238/1228 3102/236/1226 3110/234/1224 3109/231/1221
f 3097/239/1229 3101/238/1228 3109/231/1221 3107/230/1220
f 3103/237/1227 3098/240/1230 3108/227/1217 3111/226/1216
f 3126/91/1231 3123/92/1232 3115/93/1233 3119/94/1234
f 3122/95/1235 3124/96/1236 3121/97/1237 3114/98/1238
f 3124/96/1236 3125/99/1239 3120/100/1240 3121/97/1237
f 3125/99/1239 3126/91/1231 3119/94/1234 3120/100/1240
f 3117/101/1241 3118/102/1242 3126/91/1231 3125/99/1239
f 3116/103/1243 3117/101/1241 3125/99/1239 3124/96/1236
f 3112/104/1244 3116/103/1243 3124/96/1236 3122/95/1235
f 3118/102/1242 3113/105/1245 3123/92/1232 3126/91/1231
f 3141/61/1246 3138/62/1247 3130/63/1248 3134/64/1249
f 3137/65/1250 3139/66/1251 3136/67/1252 3129/68/1253
f 3139/66/1251 3140/69/1254 3135/70/1255 3136/67/1252
f 3140/69/1254 3141/61/1246 3134/64/1249 3135/70/1255
f 3132/71/1256 3133/72/1257 3141/61/1246 3140/69/1254
f 3131/73/1258 3132/71/1256 3140/69/1254 3139/66/1251
f 3127/74/1259 3131/73/1258 3139/66/1251 3137/65/1250
f 3133/72/1257 3128/75/1260 3138/62/1247 3141/61/1246
f 3156/61/1261 3153/62/1262 3145/63/1263 3149/64/1264
f 3152/65/1265 3154/66/1266 3151/67/1267 3144/68/1268
f 3154/66/1266 3155/69/1269 3150/70/1270 3151/67/1267
f 3155/69/1269 3156/61/1261 3149/64/1264 3150/70/1270
f 3147/71/1271 3148/72/1272 3156/61/1261 3155/69/1269
f 3146/73/1273 3147/71/1271 3155/69/1269 3154/66/1266
f 3142/74/1274 3146/73/1273 3154/66/1266 3152/65/1265
f 3148/72/1272 3143/75/1275 3153/62/1262 3156/61/1261
f 3171/106/1276 3168/107/1277 3160/108/1278 3164/109/1279
f 3167/110/1280 3169/111/1281 3166/112/1282 3159/113/1283
f 3169/111/1281 3170/114/1284 3165/115/1285 3166/112/1282
f 3170/114/1284 3171/106/1276 3164/109/1279 3165/115/1285
f 3162/116/1286 3163/117/1287 3171/106/1276 3170/114/1284
f 3161/118/1288 3162/116/1286 3170/114/1284 3169/111/1281
f 3157/119/1289 3161/118/1288 3169/111/1281 3167/110/1280
f 3163/117/1287 3158/120/1290 3168/107/1277 3171/106/1276
f 3186/61/1291 3183/62/1292 3175/63/1293 3179/64/1294
f 3182/65/1295 3184/66/1296 3181/67/1297 3174/68/1298
f 3184/66/1296 3185/69/1299 3180/70/1300 3181/67/1297
f 3185/69/1299 3186/61/1291 3179/64/1294 3180/70/1300
f 3177/71/1301 3178/72/1302 3186/61/1291 3185/69/1299
f 3176/73/1303 3177/71/1301 3185/69/1299 3184/66/1296
f 3172/74/1304 3176/73/1303 3184/66/1296 3182/65/1295
f 3178/72/1302 3173/75/1305 3183/62/1292 3186/61/1291
f 3201/61/1306 3198/62/1307 3190/63/1308 3194/64/1309
f 3197/65/1310 3199/66/1311 3196/67/1312 3189/68/1313
f 3199/66/1311 3200/69/1314 3195/70/1315 3196/67/1312
f 3200/69/1314 3201/61/1306 3194/64/1309 3195/70/1315
f 3192/71/1316 3193/72/1317 3201/61/1306 3200/69/1314
f 3191/73/1318 3192/71/1316 3200/69/1314 3199/66/1311
f 3187/74/1319 3191/73/1318 3199/66/1311 3197/65/1310
f 3193/72/1317 3188/75/1320 3198/62/1307 3201/61/1306
f 3216/91/1321 3213/92/1322 3205/93/1323 3209/94/1324
f 3212/95/1325 3214/96/1326 3211/97/1327 3204/98/1328
f 3214/96/1326 3215/99/1329 3210/100/1330 3211/97/1327
f 3215/99/1329 3216/91/1321 3209/94/1324 3210/100/1330
f 3207/101/1331 3208/102/1332 3216/91/1321 3215/99/1329
f 3206/103/1333 3207/101/1331 3215/99/1329 3214/96/1326
f 3202/104/1334 3206/103/1333 3214/96/1326 3212/95/1325
f 3208/102/1332 3203/105/1335 3213/92/1322 3216/91/1321
f 3231/241/1336 3228/242/1337 3220/243/1338 3224/244/1339
f 3227/245/1340 3229/246/1341 3226/247/1342 3219/248/1343
f 3229/246/1341 3230/249/1344 3225/250/1345 3226/247/1342
f 3230/249/1344 3231/241/1336 3224/244/1339 3225/250/1345
f 3222/251/1346 3223/252/1347 3231/241/1336 3230/249/1344
f 3221/253/1348 3222/251/1346 3230/249/1344 3229/246/1341
f 3217/254/1349 3221/253/1348 3229/246/1341 3227/245/1340
f 3223/252/1347 3218/255/1350 3228/242/1337 3231/241/1336
f 3246/61/1351 3243/62/1352 3235/63/1353 3239/64/1354
f 3242/65/1355 3244/66/1356 3241/67/1357 3234/68/1358
f 3244/66/1356 3245/69/1359 3240/70/1360 3241/67/1357
f 3245/69/1359 3246/61/1351 3239/64/1354 3240/70/1360
f 3237/71/1361 3238/72/1362 3246/61/1351 3245/69/1359
f 3236/73/1363 3237/71/1361 3245/69/1359 3244/66/1356
f 3232/74/1364 3236/73/1363 3244/66/1356 3242/65/1355
f 3238/72/1362 3233/75/1365 3243/62/1352 3246/61/1351
f 3261/46/1366 3258/47/1367 3250/48/1368 3254/49/1369
f 3257/50/1370 3259/51/1371 3256/52/1372 3249/53/1373
f 3259/51/1371 3260/54/1374 3255/55/1375 3256/52/1372
f 3260/54/1374 3261/46/1366 3254/49/1369 3255/55/1375
f 3252/56/1376 3253/57/1377 3261/46/1366 3260/54/1374
f 3251/58/1378 3252/56/1376 3260/54/1374 3259/51/1371
f 3247/59/1379 3251/58/1378 3259/51/1371 3257/50/1370
f 3253/57/1377 3248/60/1380 3258/47/1367 3261/46/1366
f 3276/31/1381 3273/32/1382 3265/33/1383 3269/34/1384
f 3272/35/1385 3274/36/1386 3271/37/1387 3264/38/1388
f 3274/36/1386 3275/39/1389 3270/40/1390 3271/37/1387
f 3275/39/1389 3276/31/1381 3269/34/1384 3270/40/1390
f 3267/41/1391 3268/42/1392 3276/31/1381 3275/39/1389
f 3266/43/1393 3267/41/1391 3275/39/1389 3274/36/1386
f 3262/44/1394 3266/43/1393 3274/36/1386 3272/35/1385
f 3268/42/1392 3263/45/1395 3273/32/1382 3276/31/1381
f 3291/1/1396 3288/2/1397 3280/3/1398 3284/4/1399
f 3287/5/1400 3289/6/1401 3286/7/1402 3279/8/1403
f 3289/6/1401 3290/9/1404 3285/10/1405 3286/7/1402
f 3290/9/1404 3291/1/1396 3284/4/1399 3285/10/1405
f 3282/11/1406 3283/12/1407 3291/1/1396 3290/9/1404
f 3281/13/1408 3282/11/1406 3290/9/1404 3289/6/1401
f 3277/14/1409 3281/13/1408 3289/6/1401 3287/5/1400
f 3283/12/1407 3278/15/1410 3288/2/1397 3291/1/1396
f 3306/16/1411 3303/17/1412 3295/18/1413 3299/19/1414
f 3302/20/1415 3304/21/1416 3301/22/1417 3294/23/1418
f 3304/21/1416 3305/24/1419 3300/25/1420 3301/22/1417
f 3305/24/1419 3306/16/1411 3299/19/1414 3300/25/1420
f 3297/26/1421 3298/27/1422 3306/16/1411 3305/24/1419
f 3296/28/1423 3297/26/1421 3305/24/1419 3304/21/1416
f 3292/29/1424 3296/28/1423 3304/21/1416 3302/20/1415
f 3298/27/1422 3293/30/1425 3303/17/1412 3306/16/1411
f 3321/256/1426 3318/257/1427 3310/258/1428 3314/259/1429
f 3317/260/1430 3319/261/1431 3316/262/1432 3309/263/1433
f 3319/261/1431 3320/264/1434 3315/265/1435 3316/262/1432
f 3320/264/1434 3321/256/1426 3314/259/1429 3315/265/1435
f 3312/266/1436 3313/267/1437 3321/256/1426 3320/264/1434
f 3311/268/1438 3312/266/1436 3320/264/1434 3319/261/1431
f 3307/269/1439 3311/268/1438 3319/261/1431 3317/260/1430
f 3313/267/1437 3308/270/1440 3318/257/1427 3321/256/1426
f 3336/1/1441 3333/2/1442 3325/3/1443 3329/4/1444
f 3332/5/1445 3334/6/1446 3331/7/1447 3324/8/1448
f 3334/6/1446 3335/9/1449 3330/10/1450 3331/7/1447
f 3335/9/1449 3336/1/1441 3329/4/1444 3330/10/1450
f 3327/11/1451 3328/12/1452 3336/1/1441 3335/9/1449
f 3326/13/1453 3327/11/1451 3335/9/1449 3334/6/1446
f 3322/14/1454 3326/13/1453 3334/6/1446 3332/5/1445
f 3328/12/1452 3323/15/1455 3333/2/1442 3336/1/1441
f 3351/31/1456 3348/32/1457 3340/33/1458 3344/34/1459
f 3347/35/1460 3349/36/1461 3346/37/1462 3339/38/1463
f 3349/36/1461 3350/39/1464 3345/40/1465 3346/37/1462
f 3350/39/1464 3351/31/1456 3344/34/1459 3345/40/1465
f 3342/41/1466 3343/42/1467 3351/31/1456 3350/39/1464
f 3341/43/1468 3342/41/1466 3350/39/1464 3349/36/1461
f 3337/44/1469 3341/43/1468 3349/36/1461 3347/35/1460
f 3343/42/1467 3338/45/1470 3348/32/1457 3351/31/1456
f 3366/46/1471 3363/47/1472 3355/48/1473 3359/49/1474
f 3362/50/1475 3364/51/1476 3361/52/1477 3354/53/1478
f 3364/51/1476 3365/54/1479 3360/55/1480 3361/52/1477
f 3365/54/1479 3366/46/1471 3359/49/1474 3360/55/1480
f 3357/56/1481 3358/57/1482 3366/46/1471 3365/54/1479
f 3356/58/1483 3357/56/1481 3365/54/1479 3364/51/1476
f 3352/59/1484 3356/58/1483 3364/51/1476 3362/50/1475
f 3358/57/1482 3353/60/1485 3363/47/1472 3366/46/1471
f 3381/61/1486 3378/62/1487 3370/63/1488 3374/64/1489
f 3377/65/1490 3379/66/1491 3376/67/1492 3369/68/1493
f 3379/66/1491 3380/69/1494 3375/70/1495 3376/67/1492
f 3380/69/1494 3381/61/1486 3374/64/1489 3375/70/1495
f 3372/71/1496 3373/72/1497 3381/61/1486 3380/69/1494
f 3371/73/1498 3372/71/1496 3380/69/1494 3379/66/1491
f 3367/74/1499 3371/73/1498 3379/66/1491 3377/65/1490
f 3373/72/1497 3368/75/1500 3378/62/1487 3381/61/1486
f 3396/271/1501 3393/272/1502 3385/273/1503 3389/274/1504
f 3392/275/1505 3394/276/1506 3391/277/1507 3384/278/1508
f 3394/276/1506 3395/279/1509 3390/280/1510 3391/277/1507
f 3395/279/1509 3396/271/1501 3389/274/1504 3390/280/1510
f 3387/281/1511 3388/282/1512 3396/271/1501 3395/279/1509
f 3386/283/1513 3387/281/1511 3395/279/1509 3394/276/1506
f 3382/284/1514 3386/283/1513 3394/276/1506 3392/275/1505
f 3388/282/1512 3383/285/1515 3393/272/1502 3396/271/1501
f 3411/91/1516 3408/92/1517 3400/93/1518 3404/94/1519
f 3407/95/1520 3409/96/1521 3406/97/1522 3399/98/1523
f 3409/96/1521 3410/99/1524 3405/100/1525 3406/97/1522
f 3410/99/1524 3411/91/1516 3404/94/1519 3405/100/1525
f 3402/101/1526 3403/102/1527 3411/91/1516 3410/99/1524
f 3401/103/1528 3402/101/1526 3410/99/1524 3409/96/1521
f 3397/104/1529 3401/103/1528 3409/96/1521 3407/95/1520
f 3403/102/1527 3398/105/1530 3408/92/1517 3411/91/1516
f 3426/61/1531 3423/62/1532 3415/63/1533 3419/64/1534
f 3422/65/1535 3424/66/1536 3421/67/1537 3414/68/1538
f 3424/66/1536 3425/69/1539 3420/70/1540 3421/67/1537
f 3425/69/1539 3426/61/1531 3419/64/1534 3420/70/1540
f 3417/71/1541 3418/72/1542 3426/61/1531 3425/69/1539
f 3416/73/1543 3417/71/1541 3425/69/1539 3424/66/1536
f 3412/74/1544 3416/73/1543 3424/66/1536 3422/65/1535
f 3418/72/1542 3413/75/1545 3423/62/1532 3426/61/1531
f 3441/61/1546 3438/62/1547 3430/63/1548 3434/64/1549
f 3437/65/1550 3439/66/1551 3436/67/1552 3429/68/1553
f 3439/66/1551 3440/69/1554 3435/70/1555 3436/67/1552
f 3440/69/1554 3441/61/1546 3434/64/1549 3435/70/1555
f 3432/71/1556 3433/72/1557 3441/61/1546 3440/69/1554
f 3431/73/1558 3432/71/1556 3440/69/1554 3439/66/1551
f 3427/74/1559 3431/73/1558 3439/66/1551 3437/65/1550
f 3433/72/1557 3428/75/1560 3438/62/1547 3441/61/1546
f 3456/106/1561 3453/107/1562 3445/108/1563 3449/109/1564
f 3452/110/1565 3454/111/1566 3451/112/1567 3444/113/1568
f 3454/111/1566 3455/114/1569 3450/115/1570 3451/112/1567
f 3455/114/1569 3456/106/1561 3449/109/1564 3450/115/1570
f 3447/116/1571 3448/117/1572 3456/106/1561 3455/114/1569
f 3446/118/1573 3447/116/1571 3455/114/1569 3454/111/1566
f 3442/119/1574 3446/118/1573 3454/111/1566 3452/110/1565
f 3448/117/1572 3443/120/1575 3453/107/1562 3456/106/1561
f 3471/61/1576 3468/62/1577 3460/63/1578 3464/64/1579
f 3467/65/1580 3469/66/1581 3466/67/1582 3459/68/1583
f 3469/66/1581 3470/69/1584 3465/70/1585 3466/67/1582
f 3470/69/1584 3471/61/1576 3464/64/1579 3465/70/1585
f 3462/71/1586 3463/72/1587 3471/61/1576 3470/69/1584
f 3461/73/1588 3462/71/1586 3470/69/1584 3469/66/1581
f 3457/74/1589 3461/73/1588 3469/66/1581 3467/65/1580
f 3463/72/1587 3458/75/1590 3468/62/1577 3471/61/1576
f 3486/61/1591 3483/62/1592 3475/63/1593 3479/64/1594
f 3482/65/1595 3484/66/1596 3481/67/1597 3474/68/1598
f 3484/66/1596 3485/69/1599 3480/70/1600 3481/67/1597
f 3485/69/1599 3486/61/1591 3479/64/1594 3480/70/1600
f 3477/71/1601 3478/72/1602 3486/61/1591 3485/69/1599
f 3476/73/1603 3477/71/1601 3485/69/1599 3484/66/1596
f 3472/74/1604 3476/73/1603 3484/66/1596 3482/65/1595
f 3478/72/1602 3473/75/1605 3483/62/1592 3486/61/1591
f 3501/91/1606 3498/92/1607 3490/93/1608 3494/94/1609
f 3497/95/1610 3499/96/1611 3496/97/1612 3489/98/1613
f 3499/96/1611 3500/99/1614 3495/100/1615 3496/97/1612
f 3500/99/1614 3501/91/1606 3494/94/1609 3495/100/1615
f 3492/101/1616 3493/102/1617 3501/91/1606 3500/99/1614
f 3491/103/1618 3492/101/1616 3500/99/1614 3499/96/1611
f 3487/104/1619 3491/103/1618 3499/96/1611 3497/95/1610
f 3493/102/1617 3488/105/1620 3498/92/1607 3501/91/1606
f 3516/286/1621 3513/287/1622 3505/288/1623 3509/289/1624
f 3512/290/1625 3514/291/1626 3511/292/1627 3504/293/1628
f 3514/291/1626 3515/294/1629 3510/295/1630 3511/292/1627
f 3515/294/1629 3516/286/1621 3509/289/1624 3510/295/1630
f 3507/296/1631 3508/297/1632 3516/286/1621 3515/294/1629
f 3506/298/1633 3507/296/1631 3515/294/1629 3514/291/1626
f 3502/299/1634 3506/298/1633 3514/291/1626 3512/290/1625
f 3508/297/1632 3503/300/1635 3513/287/1622 3516/286/1621
f 3531/61/1636 3528/62/1637 3520/63/1638 3524/64/1639
f 3527/65/1640 3529/66/1641 3526/67/1642 3519/68/1643
f 3529/66/1641 3530/69/1644 3525/70/1645 3526/67/1642
f 3530/69/1644 3531/61/1636 3524/64/1639 3525/70/1645
f 3522/71/1646 3523/72/1647 3531/61/1636 3530/69/1644
f 3521/73/1648 3522/71/1646 3530/69/1644 3529/66/1641
f 3517/74/1649 3521/73/1648 3529/66/1641 3527/65/1640
f 3523/72/1647 3518/75/1650 3528/62/1637 3531/61/1636
f 3546/46/1651 3543/47/1652 3535/48/1653 3539/49/1654
f 3542/50/1655 3544/51/1656 3541/52/1657 3534/53/1658
f 3544/51/1656 3545/54/1659 3540/55/1660 3541/52/1657
f 3545/54/1659 3546/46/1651 3539/49/1654 3540/55/1660
f 3537/56/1661 3538/57/1662 3546/46/1651 3545/54/1659
f 3536/58/1663 3537/56/1661 3545/54/1659 3544/51/1656
f 3532/59/1664 3536/58/1663 3544/51/1656 3542/50/1655
f 3538/57/1662 3533/60/1665 3543/47/1652 3546/46/1651
f 3561/31/1666 3558/32/1667 3550/33/1668 3554/34/1669
f 3557/35/1670 3559/36/1671 3556/37/1672 3549/38/1673
f 3559/36/1671 3560/39/1674 3555/40/1675 3556/37/1672
f 3560/39/1674 3561/31/1666 3554/34/1669 3555/40/1675
f 3552/41/1676 3553/42/1677 3561/31/1666 3560/39/1674
f 3551/43/1678 3552/41/1676 3560/39/1674 3559/36/1671
f 3547/44/1679 3551/43/1678 3559/36/1671 3557/35/1670
f 3553/42/1677 3548/45/1680 3558/32/1667 3561/31/1666
f 3576/301/1681 3573/302/1682 3565/303/1683 3569/304/1684
f 3572/305/1685 3574/306/1686 3571/307/1687 3564/308/1688
f 3574/306/1686 3575/309/1689 3570/310/1690 3571/307/1687
f 3575/309/1689 3576/301/1681 3569/304/1684 3570/310/1690
f 3567/311/1691 3568/312/1692 3576/301/1681 3575/309/1689
f 3566/313/1693 3567/311/1691 3575/309/1689 3574/306/1686
f 3562/314/1694 3566/313/1693 3574/306/1686 3572/305/1685
f 3568/312/1692 3563/315/1695 3573/302/1682 3576/301/1681
f 3591/1/1696 3588/2/1697 3580/3/1698 3584/4/1699
f 3587/5/1700 3589/6/1701 3586/7/1702 3579/8/1703
f 3589/6/1701 3590/9/1704 3585/10/1705 3586/7/1702
f 3590/9/1704 3591/1/1696 3584/4/1699 3585/10/1705
f 3582/11/1706 3583/12/1707 3591/1/1696 3590/9/1704
f 3581/13/1708 3582/11/1706 3590/9/1704 3589/6/1701
f 3577/14/1709 3581/13/1708 3589/6/1701 3587/5/1700
f 3583/12/1707 3578/15/1710 3588/2/1697 3591/1/1696
f 3606/1/1711 3603/2/1712 3595/3/1713 3599/4/1714
f 3602/5/1715 3604/6/1716 3601/7/1717 3594/8/1718
f 3604/6/1716 3605/9/1719 3600/10/1720 3601/7/1717
f 3605/9/1719 3606/1/1711 3599/4/1714 3600/10/1720
f 3597/11/1721 3598/12/1722 3606/1/1711 3605/9/1719
f 3596/13/1723 3597/11/1721 3605/9/1719 3604/6/1716
f 3592/14/1724 3596/13/1723 3604/6/1716 3602/5/1715
f 3598/12/1722 3593/15/1725 3603/2/1712 3606/1/1711
f 3621/16/1726 3618/17/1727 3610/18/1728 3614/19/1729
f 3617/20/1730 3619/21/1731 3616/22/1732 3609/23/1733
f 3619/21/1731 3620/24/1734 3615/25/1735 3616/22/1732
f 3620/24/1734 3621/16/1726 3614/19/1729 3615/25/1735
f 3612/26/1736 3613/27/1737 3621/16/1726 3620/24/1734
f 3611/28/1738 3612/26/1736 3620/24/1734 3619/21/1731
f 3607/29/1739 3611/28/1738 3619/21/1731 3617/20/1730
f 3613/27/1737 3608/30/1740 3618/17/1727 3621/16/1726
f 3636/31/1741 3633/32/1742 3625/33/1743 3629/34/1744
f 3632/35/1745 3634/36/1746 3631/37/1747 3624/38/1748
f 3634/36/1746 3635/39/1749 3630/40/1750 3631/37/1747
f 3635/39/1749 3636/31/1741 3629/34/1744 3630/40/1750
f 3627/41/1751 3628/42/1752 3636/31/1741 3635/39/1749
f 3626/43/1753 3627/41/1751 3635/39/1749 3634/36/1746
f 3622/44/1754 3626/43/1753 3634/36/1746 3632/35/1745
f 3628/42/1752 3623/45/1755 3633/32/1742 3636/31/1741
f 3651/46/1756 3648/47/1757 3640/48/1758 3644/49/1759
f 3647/50/1760 3649/51/1761 3646/52/1762 3639/53/1763
f 3649/51/1761 3650/54/1764 3645/55/1765 3646/52/1762
f 3650/54/1764 3651/46/1756 3644/49/1759 3645/55/1765
f 3642/56/1766 3643/57/1767 3651/46/1756 3650/54/1764
f 3641/58/1768 3642/56/1766 3650/54/1764 3649/51/1761
f 3637/59/1769 3641/58/1768 3649/51/1761 3647/50/1760
f 3643/57/1767 3638/60/1770 3648/47/1757 3651/46/1756
f 3666/61/1771 3663/62/1772 3655/63/1773 3659/64/1774
f 3662/65/1775 3664/66/1776 3661/67/1777 3654/68/1778
f 3664/66/1776 3665/69/1779 3660/70/1780 3661/67/1777
f 3665/69/1779 3666/61/1771 3659/64/1774 3660/70/1780
f 3657/71/1781 3658/72/1782 3666/61/1771 3665/69/1779
f 3656/73/1783 3657/71/1781 3665/69/1779 3664/66/1776
f 3652/74/1784 3656/73/1783 3664/66/1776 3662/65/1775
f 3658/72/1782 3653/75/1785 3663/62/1772 3666/61/1771
f 3681/316/1786 3678/317/1787 3670/318/1788 3674/319/1789
f 3677/320/1790 3679/321/1791 3676/322/1792 3669/323/1793
f 3679/321/1791 3680/324/1794 3675/325/1795 3676/322/1792
f 3680/324/1794 3681/316/1786 3674/319/1789 3675/325/1795
f 3672/326/1796 3673/327/1797 3681/316/1786 3680/324/1794
f 3671/328/1798 3672/326/1796 3680/324/1794 3679/321/1791
f 3667/329/1799 3671/328/1798 3679/321/1791 3677/320/1790
f 3673/327/1797 3668/330/1800 3678/317/1787 3681/316/1786
f 3696/91/1801 3693/92/1802 3685/93/1803 3689/94/1804
f 3692/95/1805 3694/96/1806 3691/97/1807 3684/98/1808
f 3694/96/1806 3695/99/1809 3690/100/1810 3691/97/1807
f 3695/99/1809 3696/91/1801 3689/94/1804 3690/100/1810
f 3687/101/1811 3688/102/1812 3696/91/1801 3695/99/1809
f 3686/103/1813 3687/101/1811 3695/99/1809 3694/96/1806
f 3682/104/1814 3686/103/1813 3694/96/1806 3692/95/1805
f 3688/102/1812 3683/105/1815 3693/92/1802 3696/91/1801
f 3711/61/1816 3708/62/1817 3700/63/1818 3704/64/1819
f 3707/65/1820 3709/66/1821 3706/67/1822 3699/68/1823
f 3709/66/1821 3710/69/1824 3705/70/1825 3706/67/1822
f 3710/69/1824 3711/61/1816 3704/64/1819 3705/70/1825
f 3702/71/1826 3703/72/1827 3711/61/1816 3710/69/1824
f 3701/73/1828 3702/71/1826 3710/69/1824 3709/66/1821
f 3697/74/1829 3701/73/1828 3709/66/1821 3707/65/1820
f 3703/72/1827 3698/75/1830 3708/62/1817 3711/61/1816
f 3726/61/1831 3723/62/1832 3715/63/1833 3719/64/1834
f 3722/65/1835 3724/66/1836 3721/67/1837 3714/68/1838
f 3724/66/1836 3725/69/1839 3720/70/1840 3721/67/1837
f 3725/69/1839 3726/61/1831 3719/64/1834 3720/70/1840
f 3717/71/1841 3718/72/1842 3726/61/1831 3725/69/1839
f 3716/73/1843 3717/71/1841 3725/69/1839 3724/66/1836
f 3712/74/1844 3716/73/1843 3724/66/1836 3722/65/1835
f 3718/72/1842 3713/75/1845 3723/62/1832 3726/61/1831
f 3741/106/1846 3738/107/1847 3730/108/1848 3734/109/1849
f 3737/110/1850 3739/111/1851 3736/112/1852 3729/113/1853
f 3739/111/1851 3740/114/1854 3735/115/1855 3736/112/1852
f 3740/114/1854 3741/106/1846 3734/109/1849 3735/115/1855
f 3732/116/1856 3733/117/1857 3741/106/1846 3740/114/1854
f 3731/118/1858 3732/116/1856 3740/114/1854 3739/111/1851
f 3727/119/1859 3731/118/1858 3739/111/1851 3737/110/1850
f 3733/117/1857 3728/120/1860 3738/107/1847 3741/106/1846
f 3756/61/1861 3753/62/1862 3745/63/1863 3749/64/1864
f 3752/65/1865 3754/66/1866 3751/67/1867 3744/68/1868
f 3754/66/1866 3755/69/1869 3750/70/1870 3751/67/1867
f 3755/69/1869 3756/61/1861 3749/64/1864 3750/70/1870
f 3747/71/1871 3748/72/1872 3756/61/1861 3755/69/1869
f 3746/73/1873 3747/71/1871 3755/69/1869 3754/66/1866
f 3742/74/1874 3746/73/1873 3754/66/1866 3752/65/1865
f 3748/72/1872 3743/75/1875 3753/62/1862 3756/61/1861
f 3771/61/1876 3768/62/1877 3760/63/1878 3764/64/1879
f 3767/65/1880 3769/66/1881 3766/67/1882 3759/68/1883
f 3769/66/1881 3770/69/1884 3765/70/1885 3766/67/1882
f 3770/69/1884 3771/61/1876 3764/64/1879 3765/70/1885
f 3762/71/1886 3763/72/1887 3771/61/1876 3770/69/1884
f 3761/73/1888 3762/71/1886 3770/69/1884 3769/66/1881
f 3757/74/1889 3761/73/1888 3769/66/1881 3767/65/1880
f 3763/72/1887 3758/75/1890 3768/62/1877 3771/61/1876
f 3786/91/1891 3783/92/1892 3775/93/1893 3779/94/1894
f 3782/95/1895 3784/96/1896 3781/97/1897 3774/98/1898
f 3784/96/1896 3785/99/1899 3780/100/1900 3781/97/1897
f 3785/99/1899 3786/91/1891 3779/94/1894 3780/100/1900
f 3777/101/1901 3778/102/1902 3786/91/1891 3785/99/1899
f 3776/103/1903 3777/101/1901 3785/99/1899 3784/96/1896
f 3772/104/1904 3776/103/1903 3784/96/1896 3782/95/1895
f 3778/102/1902 3773/105/1905 3783/92/1892 3786/91/1891
f 3801/331/1906 3798/332/1907 3790/333/1908 3794/334/1909
f 3797/335/1910 3799/336/1911 3796/337/1912 3789/338/1913
f 3799/336/1911 3800/339/1914 3795/340/1915 3796/337/1912
f 3800/339/1914 3801/331/1906 3794/334/1909 3795/340/1915
f 3792/341/1916 3793/342/1917 3801/331/1906 3800/339/1914
f 3791/343/1918 3792/341/1916 3800/339/1914 3799/336/1911
f 3787/344/1919 3791/343/1918 3799/336/1911 3797/335/1910
f 3793/342/1917 3788/345/1920 3798/332/1907 3801/331/1906
f 3816/61/1921 3813/62/1922 3805/63/1923 3809/64/1924
f 3812/65/1925 3814/66/1926 3811/67/1927 3804/68/1928
f 3814/66/1926 3815/69/1929 3810/70/1930 3811/67/1927
f 3815/69/1929 3816/61/1921 3809/64/1924 3810/70/1930
f 3807/71/1931 3808/72/1932 3816/61/1921 3815/69/1929
f 3806/73/1933 3807/71/1931 3815/69/1929 3814/66/1926
f 3802/74/1934 3806/73/1933 3814/66/1926 3812/65/1925
f 3808/72/1932 3803/75/1935 3813/62/1922 3816/61/1921
f 3831/46/1936 3828/47/1937 3820/48/1938 3824/49/1939
f 3827/50/1940 3829/51/1941 3826/52/1942 3819/53/1943
f 3829/51/1941 3830/54/1944 3825/55/1945 3826/52/1942
f 3830/54/1944 3831/46/1936 3824/49/1939 3825/55/1945
f 3822/56/1946 3823/57/1947 3831/46/1936 3830/54/1944
f 3821/58/1948 3822/56/1946 3830/54/1944 3829/51/1941
f 3817/59/1949 3821/58/1948 3829/51/1941 3827/50/1940
f 3823/57/1947 3818/60/1950 3828/47/1937 3831/46/1936
f 3846/31/1951 3843/32/1952 3835/33/1953 3839/34/1954
f 3842/35/1955 3844/36/1956 3841/37/1957 3834/38/1958
f 3844/36/1956 3845/39/1959 3840/40/1960 3841/37/1957
f 3845/39/1959 3846/31/1951 3839/34/1954 3840/40/1960
f 3837/41/1961 3838/42/1962 3846/31/1951 3845/39/1959
f 3836/43/1963 3837/41/1961 3845/39/1959 3844/36/1956
f 3832/44/1964 3836/43/1963 3844/36/1956 3842/35/1955
f 3838/42/1962 3833/45/1965 3843/32/1952 3846/31/1951
f 3861/1/1966 3858/2/1967 3850/3/1968 3854/4/1969
f 3857/5/1970 3859/6/1971 3856/7/1972 3849/8/1973
f 3859/6/1971 3860/9/1974 3855/10/1975 3856/7/1972
f 3860/9/1974 3861/1/1966 3854/4/1969 3855/10/1975
f 3852/11/1976 3853/12/1977 3861/1/1966 3860/9/1974
f 3851/13/1978 3852/11/1976 3860/9/1974 3859/6/1971
f 3847/14/1979 3851/13/1978 3859/6/1971 3857/5/1970
f 3853/12/1977 3848/15/1980 3858/2/1967 3861/1/1966
f 3876/16/1981 3873/17/1982 3865/18/1983 3869/19/1984
f 3872/20/1985 3874/21/1986 3871/22/1987 3864/23/1988
f 3874/21/1986 3875/24/1989 3870/25/1990 3871/22/1987
f 3875/24/1989 3876/16/1981 3869/19/1984 3870/25/1990
f 3867/26/1991 3868/27/1992 3876/16/1981 3875/24/1989
f 3866/28/1993 3867/26/1991 3875/24/1989 3874/21/1986
f 3862/29/1994 3866/28/1993 3874/21/1986 3872/20/1985
f 3868/27/1992 3863/30/1995 3873/17/1982 3876/16/1981
f 3891/16/1996 3888/17/1997 3880/18/1998 3884/19/1999
f 3887/20/2000 3889/21/2001 3886/22/2002 3879/23/2003
f 3889/21/2001 3890/24/2004 3885/25/2005 3886/22/2002
f 3890/24/2004 3891/16/1996 3884/19/1999 3885/25/2005
f 3882/26/2006 3883/27/2007 3891/16/1996 3890/24/2004
f 3881/28/2008 3882/26/2006 3890/24/2004 3889/21/2001
f 3877/29/2009 3881/28/2008 3889/21/2001 3887/20/2000
f 3883/27/2007 3878/30/2010 3888/17/1997 3891/16/1996
f 3906/1/2011 3903/2/2012 3895/3/2013 3899/4/2014
f 3902/5/2015 3904/6/2016 3901/7/2017 3894/8/2018
f 3904/6/2016 3905/9/2019 3900/10/2020 3901/7/2017
f 3905/9/2019 3906/1/2011 3899/4/2014 3900/10/2020
f 3897/11/2021 3898/12/2022 3906/1/2011 3905/9/2019
f 3896/13/2023 3897/11/2021 3905/9/2019 3904/6/2016
f 3892/14/2024 3896/13/2023 3904/6/2016 3902/5/2015
f 3898/12/2022 3893/15/2025 3903/2/2012 3906/1/2011
f 3921/31/2026 3918/32/2027 3910/33/2028 3914/34/2029
f 3917/35/2030 3919/36/2031 3916/37/2032 3909/38/2033
f 3919/36/2031 3920/39/2034 3915/40/2035 3916/37/2032
f 3920/39/2034 3921/31/2026 3914/34/2029 3915/40/2035
f 3912/41/2036 3913/42/2037 3921/31/2026 3920/39/2034
f 3911/43/2038 3912/41/2036 3920/39/2034 3919/36/2031
f 3907/44/2039 3911/43/2038 3919/36/2031 3917/35/2030
f 3913/42/2037 3908/45/2040 3918/32/2027 3921/31/2026
f 3936/46/2041 3933/47/2042 3925/48/2043 3929/49/2044
f 3932/50/2045 3934/51/2046 3931/52/2047 3924/53/2048
f 3934/51/2046 3935/54/2049 3930/55/2050 3931/52/2047
f 3935/54/2049 3936/46/2041 3929/49/2044 3930/55/2050
f 3927/56/2051 3928/57/2052 3936/46/2041 3935/54/2049
f 3926/58/2053 3927/56/2051 3935/54/2049 3934/51/2046
f 3922/59/2054 3926/58/2053 3934/51/2046 3932/50/2045
f 3928/57/2052 3923/60/2055 3933/47/2042 3936/46/2041
f 3951/61/2056 3948/62/2057 3940/63/2058 3944/64/2059
f 3947/65/2060 3949/66/2061 3946/67/2062 3939/68/2063
f 3949/66/2061 3950/69/2064 3945/70/2065 3946/67/2062
f 3950/69/2064 3951/61/2056 3944/64/2059 3945/70/2065
f 3942/71/2066 3943/72/2067 3951/61/2056 3950/69/2064
f 3941/73/2068 3942/71/2066 3950/69/2064 3949/66/2061
f 3937/74/2069 3941/73/2068 3949/66/2061 3947/65/2060
f 3943/72/2067 3938/75/2070 3948/62/2057 3951/61/2056
f 3966/346/2071 3963/347/2072 3955/348/2073 3959/349/2074
f 3962/350/2075 3964/351/2076 3961/352/2077 3954/353/2078
f 3964/351/2076 3965/354/2079 3960/355/2080 3961/352/2077
f 3965/354/2079 3966/346/2071 3959/349/2074 3960/355/2080
f 3957/356/2081 3958/357/2082 3966/346/2071 3965/354/2079
f 3956/358/2083 3957/356/2081 3965/354/2079 3964/351/2076
f 3952/359/2084 3956/358/2083 3964/351/2076 3962/350/2075
f 3958/357/2082 3953/360/2085 3963/347/2072 3966/346/2071
f 3981/91/2086 3978/92/2087 3970/93/2088 3974/94/2089
f 3977/95/2090 3979/96/2091 3976/97/2092 3969/98/2093
f 3979/96/2091 3980/99/2094 3975/100/2095 3976/97/2092
f 3980/99/2094 3981/91/2086 3974/94/2089 3975/100/2095
f 3972/101/2096 3973/102/2097 3981/91/2086 3980/99/2094
f 3971/103/2098 3972/101/2096 3980/99/2094 3979/96/2091
f 3967/104/2099 3971/103/2098 3979/96/2091 3977/95/2090
f 3973/102/2097 3968/105/2100 3978/92/2087 3981/91/2086
f 3996/61/2101 3993/62/2102 3985/63/2103 3989/64/2104
f 3992/65/2105 3994/66/2106 3991/67/2107 3984/68/2108
f 3994/66/2106 3995/69/2109 3990/70/2110 3991/67/2107
f 3995/69/2109 3996/61/2101 3989/64/2104 3990/70/2110
f 3987/71/2111 3988/72/2112 3996/61/2101 3995/69/2109
f 3986/73/2113 3987/71/2111 3995/69/2109 3994/66/2106
f 3982/74/2114 3986/73/2113 3994/66/2106 3992/65/2105
f 3988/72/2112 3983/75/2115 3993/62/2102 3996/61/2101
f 4011/61/2116 4008/62/2117 4000/63/2118 4004/64/2119
f 4007/65/2120 4009/66/2121 4006/67/2122 3999/68/2123
f 4009/66/2121 4010/69/2124 4005/70/2125 4006/67/2122
f 4010/69/2124 4011/61/2116 4004/64/2119 4005/70/2125
f 4002/71/2126 4003/72/2127 4011/61/2116 4010/69/2124
f 4001/73/2128 4002/71/2126 4010/69/2124 4009/66/2121
f 3997/74/2129 4001/73/2128 4009/66/2121 4007/65/2120
f 4003/72/2127 3998/75/2130 4008/62/2117 4011/61/2116
f 4026/106/2131 4023/107/2132 4015/108/2133 4019/109/2134
f 4022/110/2135 4024/111/2136 4021/112/2137 4014/113/2138
f 4024/111/2136 4025/114/2139 4020/115/2140 4021/112/2137
f 4025/114/2139 4026/106/2131 4019/109/2134 4020/115/2140
f 4017/116/2141 4018/117/2142 4026/106/2131 4025/114/2139
f 4016/118/2143 4017/116/2141 4025/114/2139 4024/111/2136
f 4012/119/2144 4016/118/2143 4024/111/2136 4022/110/2135
f 4018/117/2142 4013/120/2145 4023/107/2132 4026/106/2131
f 4041/61/2146 4038/62/2147 4030/63/2148 4034/64/2149
f 4037/65/2150 4039/66/2151 4036/67/2152 4029/68/2153
f 4039/66/2151 4040/69/2154 4035/70/2155 4036/67/2152
f 4040/69/2154 4041/61/2146 4034/64/2149 4035/70/2155
f 4032/71/2156 4033/72/2157 4041/61/2146 4040/69/2154
f 4031/73/2158 4032/71/2156 4040/69/2154 4039/66/2151
f 4027/74/2159 4031/73/2158 4039/66/2151 4037/65/2150
f 4033/72/2157 4028/75/2160 4038/62/2147 4041/61/2146
f 4056/61/2161 4053/62/2162 4045/63/2163 4049/64/2164
f 4052/65/2165 4054/66/2166 4051/67/2167 4044/68/2168
f 4054/66/2166 4055/69/2169 4050/70/2170 4051/67/2167
f 4055/69/2169 4056/61/2161 4049/64/2164 4050/70/2170
f 4047/71/2171 4048/72/2172 4056/61/2161 4055/69/2169
f 4046/73/2173 4047/71/2171 4055/69/2169 4054/66/2166
f 4042/74/2174 4046/73/2173 4054/66/2166 4052/65/2165
f 4048/72/2172 4043/75/2175 4053/62/2162 4056/61/2161
f 4071/91/2176 4068/92/2177 4060/93/2178 4064/94/2179
f 4067/95/2180 4069/96/2181 4066/97/2182 4059/98/2183
f 4069/96/2181 4070/99/2184 4065/100/2185 4066/97/2182
f 4070/99/2184 4071/91/2176 4064/94/2179 4065/100/2185
f 4062/101/2186 4063/102/2187 4071/91/2176 4070/99/2184
f 4061/103/2188 4062/101/2186 4070/99/2184 4069/96/2181
f 4057/104/2189 4061/103/2188 4069/96/2181 4067/95/2180
f 4063/102/2187 4058/105/2190 4068/92/2177 4071/91/2176
f 4086/361/2191 4083/362/2192 4075/363/2193 4079/364/2194
f 4082/365/2195 4084/366/2196 4081/367/2197 4074/368/2198
f 4084/366/2196 4085/369/2199 4080/370/2200 4081/367/2197
f 4085/369/2199 4086/361/2191 4079/364/2194 4080/370/2200
f 4077/371/2201 4078/372/2202 4086/361/2191 4085/369/2199
f 4076/373/2203 4077/371/2201 4085/369/2199 4084/366/2196
f 4072/374/2204 4076/373/2203 4084/366/2196 4082/365/2195
f 4078/372/2202 4073/375/2205 4083/362/2192 4086/361/2191
f 4101/61/2206 4098/62/2207 4090/63/2208 4094/64/2209
f 4097/65/2210 4099/66/2211 4096/67/2212 4089/68/2213
f 4099/66/2211 4100/69/2214 4095/70/2215 4096/67/2212
f 4100/69/2214 4101/61/2206 4094/64/2209 4095/70/2215
f 4092/71/2216 4093/72/2217 4101/61/2206 4100/69/2214
f 4091/73/2218 4092/71/2216 4100/69/2214 4099/66/2211
f 4087/74/2219 4091/73/2218 4099/66/2211 4097/65/2210
f 4093/72/2217 4088/75/2220 4098/62/2207 4101/61/2206
f 4116/46/2221 4113/47/2222 4105/48/2223 4109/49/2224
f 4112/50/2225 4114/51/2226 4111/52/2227 4104/53/2228
f 4114/51/2226 4115/54/2229 4110/55/2230 4111/52/2227
f 4115/54/2229 4116/46/2221 4109/49/2224 4110/55/2230
f 4107/56/2231 4108/57/2232 4116/46/2221 4115/54/2229
f 4106/58/2233 4107/56/2231 4115/54/2229 4114/51/2226
f 4102/59/2234 4106/58/2233 4114/51/2226 4112/50/2225
f 4108/57/2232 4103/60/2235 4113/47/2222 4116/46/2221
f 4131/31/2236 4128/32/2237 4120/33/2238 4124/34/2239
f 4127/35/2240 4129/36/2241 4126/37/2242 4119/38/2243
f 4129/36/2241 4130/39/2244 4125/40/2245 4126/37/2242
f 4130/39/2244 4131/31/2236 4124/34/2239 4125/40/2245
f 4122/41/2246 4123/42/2247 4131/31/2236 4130/39/2244
f 4121/43/2248 4122/41/2246 4130/39/2244 4129/36/2241
f 4117/44/2249 4121/43/2248 4129/36/2241 4127/35/2240
f 4123/42/2247 4118/45/2250 4128/32/2237 4131/31/2236
f 4146/16/2251 4143/17/2252 4135/18/2253 4139/19/2254
f 4142/20/2255 4144/21/2256 4141/22/2257 4134/23/2258
f 4144/21/2256 4145/24/2259 4140/25/2260 4141/22/2257
f 4145/24/2259 4146/16/2251 4139/19/2254 4140/25/2260
f 4137/26/2261 4138/27/2262 4146/16/2251 4145/24/2259
f 4136/28/2263 4137/26/2261 4145/24/2259 4144/21/2256
f 4132/29/2264 4136/28/2263 4144/21/2256 4142/20/2255
f 4138/27/2262 4133/30/2265 4143/17/2252 4146/16/2251
f 4161/1/2266 4158/2/2267 4150/3/2268 4154/4/2269
f 4157/5/2270 4159/6/2271 4156/7/2272 4149/8/2273
f 4159/6/2271 4160/9/2274 4155/10/2275 4156/7/2272
f 4160/9/2274 4161/1/2266 4154/4/2269 4155/10/2275
f 4152/11/2276 4153/12/2277 4161/1/2266 4160/9/2274
f 4151/13/2278 4152/11/2276 4160/9/2274 4159/6/2271
f 4147/14/2279 4151/13/2278 4159/6/2271 4157/5/2270
f 4153/12/2277 4148/15/2280 4158/2/2267 4161/1/2266
f 4176/1/2281 4173/2/2282 4165/3/2283 4169/4/2284
f 4172/5/2285 4174/6/2286 4171/7/2287 4164/8/2288
f 4174/6/2286 4175/9/2289 4170/10/2290 4171/7/2287
f 4175/9/2289 4176/1/2281 4169/4/2284 4170/10/2290
f 4167/11/2291 4168/12/2292 4176/1/2281 4175/9/2289
f 4166/13/2293 4167/11/2291 4175/9/2289 4174/6/2286
f 4162/14/2294 4166/13/2293 4174/6/2286 4172/5/2285
f 4168/12/2292 4163/15/2295 4173/2/2282 4176/1/2281
f 4191/16/2296 4188/17/2297 4180/18/2298 4184/19/2299
f 4187/20/2300 4189/21/2301 4186/22/2302 4179/23/2303
f 4189/21/2301 4190/24/2304 4185/25/2305 4186/22/2302
f 4190/24/2304 4191/16/2296 4184/19/2299 4185/25/2305
f 4182/26/2306 4183/27/2307 4191/16/2296 4190/24/2304
f 4181/28/2308 4182/26/2306 4190/24/2304 4189/21/2301
f 4177/29/2309 4181/28/2308 4189/21/2301 4187/20/2300
f 4183/27/2307 4178/30/2310 4188/17/2297 4191/16/2296
f 4206/31/2311 4203/32/2312 4195/33/2313 4199/34/2314
f 4202/35/2315 4204/36/2316 4201/37/2317 4194/38/2318
f 4204/36/2316 4205/39/2319 4200/40/2320 4201/37/2317
f 4205/39/2319 4206/31/2311 4199/34/2314 4200/40/2320
f 4197/41/2321 4198/42/2322 4206/31/2311 4205/39/2319
f 4196/43/2323 4197/41/2321 4205/39/2319 4204/36/2316
f 4192/44/2324 4196/43/2323 4204/36/2316 4202/35/2315
f 4198/42/2322 4193/45/2325 4203/32/2312 4206/31/2311
f 4221/46/2326 4218/47/2327 4210/48/2328 4214/49/2329
f 4217/50/2330 4219/51/2331 4216/52/2332 4209/53/2333
f 4219/51/2331 4220/54/2334 4215/55/2335 4216/52/2332
f 4220/54/2334 4221/46/2326 4214/49/2329 4215/55/2335
f 4212/56/2336 4213/57/2337 4221/46/2326 4220/54/2334
f 4211/58/2338 4212/56/2336 4220/54/2334 4219/51/2331
f 4207/59/2339 4211/58/2338 4219/51/2331 4217/50/2330
f 4213/57/2337 4208/60/2340 4218/47/2327 4221/46/2326
f 4236/61/2341 4233/62/2342 4225/63/2343 4229/64/2344
f 4232/65/2345 4234/66/2346 4231/67/2347 4224/68/2348
f 4234/66/2346 4235/69/2349 4230/70/2350 4231/67/2347
f 4235/69/2349 4236/61/2341 4229/64/2344 4230/70/2350
f 4227/71/2351 4228/72/2352 4236/61/2341 4235/69/2349
f 4226/73/2353 4227/71/2351 4235/69/2349 4234/66/2346
f 4222/74/2354 4226/73/2353 4234/66/2346 4232/65/2345
f 4228/72/2352 4223/75/2355 4233/62/2342 4236/61/2341
f 4251/376/2356 4248/377/2357 4240/378/2358 4244/379/2359
f 4247/380/2360 4249/381/2361 4246/382/2362 4239/383/2363
f 4249/381/2361 4250/384/2364 4245/385/2365 4246/382/2362
f 4250/384/2364 4251/376/2356 4244/379/2359 4245/385/2365
f 4242/386/2366 4243/387/2367 4251/376/2356 4250/384/2364
f 4241/388/2368 4242/386/2366 4250/384/2364 4249/381/2361
f 4237/389/2369 4241/388/2368 4249/381/2361 4247/380/2360
f 4243/387/2367 4238/390/2370 4248/377/2357 4251/376/2356
f 4266/91/2371 4263/92/2372 4255/93/2373 4259/94/2374
f 4262/95/2375 4264/96/2376 4261/97/2377 4254/98/2378
f 4264/96/2376 4265/99/2379 4260/100/2380 4261/97/2377
f 4265/99/2379 4266/91/2371 4259/94/2374 4260/100/2380
f 4257/101/2381 4258/102/2382 4266/91/2371 4265/99/2379
f 4256/103/2383 4257/101/2381 4265/99/2379 4264/96/2376
f 4252/104/2384 4256/103/2383 4264/96/2376 4262/95/2375
f 4258/102/2382 4253/105/2385 4263/92/2372 4266/91/2371
f 4281/61/2386 4278/62/2387 4270/63/2388 4274/64/2389
f 4277/65/2390 4279/66/2391 4276/67/2392 4269/68/2393
f 4279/66/2391 4280/69/2394 4275/70/2395 4276/67/2392
f 4280/69/2394 4281/61/2386 4274/64/2389 4275/70/2395
f 4272/71/2396 4273/72/2397 4281/61/2386 4280/69/2394
f 4271/73/2398 4272/71/2396 4280/69/2394 4279/66/2391
f 4267/74/2399 4271/73/2398 4279/66/2391 4277/65/2390
f 4273/72/2397 4268/75/2400 4278/62/2387 4281/61/2386
f 4296/61/2401 4293/62/2402 4285/63/2403 4289/64/2404
f 4292/65/2405 4294/66/2406 4291/67/2407 4284/68/2408
f 4294/66/2406 4295/69/2409 4290/70/2410 4291/67/2407
f 4295/69/2409 4296/61/2401 4289/64/2404 4290/70/2410
f 4287/71/2411 4288/72/2412 4296/61/2401 4295/69/2409
f 4286/73/2413 4287/71/2411 4295/69/2409 4294/66/2406
f 4282/74/2414 4286/73/2413 4294/66/2406 4292/65/2405
f 4288/72/2412 4283/75/2415 4293/62/2402 4296/61/2401
f 4311/106/2416 4308/107/2417 4300/108/2418 4304/109/2419
f 4307/110/2420 4309/111/2421 4306/112/2422 4299/113/2423
f 4309/111/2421 4310/114/2424 4305/115/2425 4306/112/2422
f 4310/114/2424 4311/106/2416 4304/109/2419 4305/115/2425
f 4302/116/2426 4303/117/2427 4311/106/2416 4310/114/2424
f 4301/118/2428 4302/116/2426 4310/114/2424 4309/111/2421
f 4297/119/2429 4301/118/2428 4309/111/2421 4307/110/2420
f 4303/117/2427 4298/120/2430 4308/107/2417 4311/106/2416
f 4326/61/2431 4323/62/2432 4315/63/2433 4319/64/2434
f 4322/65/2435 4324/66/2436 4321/67/2437 4314/68/2438
f 4324/66/2436 4325/69/2439 4320/70/2440 4321/67/2437
f 4325/69/2439 4326/61/2431 4319/64/2434 4320/70/2440
f 4317/71/2441 4318/72/2442 4326/61/2431 4325/69/2439
f 4316/73/2443 4317/71/2441 4325/69/2439 4324/66/2436
f 4312/74/2444 4316/73/2443 4324/66/2436 4322/65/2435
f 4318/72/2442 4313/75/2445 4323/62/2432 4326/61/2431
f 4341/61/2446 4338/62/2447 4330/63/2448 4334/64/2449
f 4337/65/2450 4339/66/2451 4336/67/2452 4329/68/2453
f 4339/66/2451 4340/69/2454 4335/70/2455 4336/67/2452
f 4340/69/2454 4341/61/2446 4334/64/2449 4335/70/2455
f 4332/71/2456 4333/72/2457 4341/61/2446 4340/69/2454
f 4331/73/2458 4332/71/2456 4340/69/2454 4339/66/2451
f 4327/74/2459 4331/73/2458 4339/66/2451 4337/65/2450
f 4333/72/2457 4328/75/2460 4338/62/2447 4341/61/2446
f 4356/91/2461 4353/92/2462 4345/93/2463 4349/94/2464
f 4352/95/2465 4354/96/2466 4351/97/2467 4344/98/2468
f 4354/96/2466 4355/99/2469 4350/100/2470 4351/97/2467
f 4355/99/2469 4356/91/2461 4349/94/2464 4350/100/2470
f 4347/101/2471 4348/102/2472 4356/91/2461 4355/99/2469
f 4346/103/2473 4347/101/2471 4355/99/2469 4354/96/2466
f 4342/104/2474 4346/103/2473 4354/96/2466 4352/95/2465
f 4348/102/2472 4343/105/2475 4353/92/2462 4356/91/2461
f 4371/391/2476 4368/392/2477 4360/393/2478 4364/394/2479
f 4367/395/2480 4369/396/2481 4366/397/2482 4359/398/2483
f 4369/396/2481 4370/399/2484 4365/400/2485 4366/397/2482
f 4370/399/2484 4371/391/2476 4364/394/2479 4365/400/2485
f 4362/401/2486 4363/402/2487 4371/391/2476 4370/399/2484
f 4361/403/2488 4362/401/2486 4370/399/2484 4369/396/2481
f 4357/404/2489 4361/403/2488 4369/396/2481 4367/395/2480
f 4363/402/2487 4358/405/2490 4368/392/2477 4371/391/2476
f 4386/61/2491 4383/62/2492 4375/63/2493 4379/64/2494
f 4382/65/2495 4384/66/2496 4381/67/2497 4374/68/2498
f 4384/66/2496 4385/69/2499 4380/70/2500 4381/67/2497
f 4385/69/2499 4386/61/2491 4379/64/2494 4380/70/2500
f 4377/71/2501 4378/72/2502 4386/61/2491 4385/69/2499
f 4376/73/2503 4377/71/2501 4385/69/2499 4384/66/2496
f 4372/74/2504 4376/73/2503 4384/66/2496 4382/65/2495
f 4378/72/2502 4373/75/2505 4383/62/2492 4386/61/2491
f 4401/46/2506 4398/47/2507 4390/48/2508 4394/49/2509
f 4397/50/2510 4399/51/2511 4396/52/2512 4389/53/2513
f 4399/51/2511 4400/54/2514 4395/55/2515 4396/52/2512
f 4400/54/2514 4401/46/2506 4394/49/2509 4395/55/2515
f 4392/56/2516 4393/57/2517 4401/46/2506 4400/54/2514
f 4391/58/2518 4392/56/2516 4400/54/2514 4399/51/2511
f 4387/59/2519 4391/58/2518 4399/51/2511 4397/50/2510
f 4393/57/2517 4388/60/2520 4398/47/2507 4401/46/2506
f 4416/31/2521 4413/32/2522 4405/33/2523 4409/34/2524
f 4412/35/2525 4414/36/2526 4411/37/2527 4404/38/2528
f 4414/36/2526 4415/39/2529 4410/40/2530 4411/37/2527
f 4415/39/2529 4416/31/2521 4409/34/2524 4410/40/2530
f 4407/41/2531 4408/42/2532 4416/31/2521 4415/39/2529
f 4406/43/2533 4407/41/2531 4415/39/2529 4414/36/2526
f 4402/44/2534 4406/43/2533 4414/36/2526 4412/35/2525
f 4408/42/2532 4403/45/2535 4413/32/2522 4416/31/2521
f 4431/1/2536 4428/2/2537 4420/3/2538 4424/4/2539
f 4427/5/2540 4429/6/2541 4426/7/2542 4419/8/2543
f 4429/6/2541 4430/9/2544 4425/10/2545 4426/7/2542
f 4430/9/2544 4431/1/2536 4424/4/2539 4425/10/2545
f 4422/11/2546 4423/12/2547 4431/1/2536 4430/9/2544
f 4421/13/2548 4422/11/2546 4430/9/2544 4429/6/2541
f 4417/14/2549 4421/13/2548 4429/6/2541 4427/5/2540
f 4423/12/2547 4418/15/2550 4428/2/2537 4431/1/2536
f 4446/16/2551 4443/17/2552 4435/18/2553 4439/19/2554
f 4442/20/2555 4444/21/2556 4441/22/2557 4434/23/2558
f 4444/21/2556 4445/24/2559 4440/25/2560 4441/22/2557
f 4445/24/2559 4446/16/2551 4439/19/2554 4440/25/2560
f 4437/26/2561 4438/27/2562 4446/16/2551 4445/24/2559
f 4436/28/2563 4437/26/2561 4445/24/2559 4444/21/2556
f 4432/29/2564 4436/28/2563 4444/21/2556 4442/20/2555
f 4438/27/2562 4433/30/2565 4443/17/2552 4446/16/2551
usemtl cartoon_fern_stem
f 54/406/2566 55/406/2567 24/406/2568 25/406/2569
f 80/406/2570 79/406/2571 17/406/2572 18/406/2573
f 79/406/2571 99/406/2574 32/406/2575 17/406/2572
f 100/406/2576 54/406/2566 25/406/2569 26/406/2577
f 110/406/2578 80/406/2570 18/406/2573 19/406/2579
f 120/406/2580 100/406/2576 26/406/2577 27/406/2581
f 130/406/2582 110/406/2578 19/406/2579 20/406/2583
f 140/406/2584 120/406/2580 27/406/2581 28/406/2585
f 150/406/2586 130/406/2582 20/406/2583 21/406/2587
f 160/406/2588 140/406/2584 28/406/2585 29/406/2589
f 170/406/2590 150/406/2586 21/406/2587 22/406/2591
f 180/406/2592 160/406/2588 29/406/2589 30/406/2593
f 190/406/2594 170/406/2590 22/406/2591 23/406/2595
f 200/406/2596 180/406/2592 30/406/2593 31/406/2597
f 55/406/2567 190/406/2594 23/406/2595 24/406/2568
f 99/406/2574 200/406/2596 31/406/2597 32/406/2575
f 31/406/2597 30/406/2593 46/406/2598 47/406/2599
f 24/406/2568 23/406/2595 39/406/2600 40/406/2601
f 32/406/2575 31/406/2597 47/406/2599 48/406/2602
f 25/406/2569 24/406/2568 40/406/2601 41/406/2603
f 18/406/2573 17/406/2572 33/406/2604 34/406/2605
f 17/406/2572 32/406/2575 48/406/2602 33/406/2604
f 26/406/2577 25/406/2569 41/406/2603 42/406/2606
f 19/406/2579 18/406/2573 34/406/2605 35/406/2607
f 27/406/2581 26/406/2577 42/406/2606 43/406/2608
f 20/406/2583 19/406/2579 35/406/2607 36/406/2609
f 28/406/2585 27/406/2581 43/406/2608 44/406/2610
f 21/406/2587 20/406/2583 36/406/2609 37/406/2611
f 29/406/2589 28/406/2585 44/406/2610 45/406/2612
f 22/406/2591 21/406/2587 37/406/2611 38/406/2613
f 30/406/2593 29/406/2589 45/406/2612 46/406/2598
f 23/406/2595 22/406/2591 38/406/2613 39/406/2600
f 45/406/2612 44/406/2610 49/406/2614
f 38/406/2613 37/406/2611 49/406/2614
f 46/406/2598 45/406/2612 49/406/2614
f 39/406/2600 38/406/2613 49/406/2614
f 47/406/2599 46/406/2598 49/406/2614
f 40/406/2601 39/406/2600 49/406/2614
f 48/406/2602 47/406/2599 49/406/2614
f 41/406/2603 40/406/2601 49/406/2614
f 34/406/2605 33/406/2604 49/406/2614
f 33/406/2604 48/406/2602 49/406/2614
f 42/406/2606 41/406/2603 49/406/2614
f 35/406/2607 34/406/2605 49/406/2614
f 43/406/2608 42/406/2606 49/406/2614
f 36/406/2609 35/406/2607 49/406/2614
f 44/406/2610 43/406/2608 49/406/2614
f 37/406/2611 36/406/2609 49/406/2614
f 16/406/2615 15/406/2616 209/406/2617 90/406/2618
f 90/406/2618 209/406/2617 208/406/2619 91/406/2620
f 91/406/2620 208/406/2619 207/406/2621 92/406/2622
f 92/406/2622 207/406/2621 206/406/2623 93/406/2624
f 93/406/2624 206/406/2623 205/406/2625 94/406/2626
f 94/406/2626 205/406/2625 204/406/2627 95/406/2628
f 95/406/2628 204/406/2627 203/406/2629 96/406/2630
f 96/406/2630 203/406/2629 202/406/2631 97/406/2632
f 97/406/2632 202/406/2631 201/406/2633 98/406/2634
f 98/406/2634 201/406/2633 200/406/2596 99/406/2574
f 8/406/2635 7/406/2636 199/406/2637 64/406/2638
f 64/406/2638 199/406/2637 198/406/2639 63/406/2640
f 63/406/2640 198/406/2639 197/406/2641 62/406/2642
f 62/406/2642 197/406/2641 196/406/2643 61/406/2644
f 61/406/2644 196/406/2643 195/406/2645 60/406/2646
f 60/406/2646 195/406/2645 194/406/2647 59/406/2648
f 59/406/2648 194/406/2647 193/406/2649 58/406/2650
f 58/406/2650 193/406/2649 192/406/2651 57/406/2652
f 57/406/2652 192/406/2651 191/406/2653 56/406/2654
f 56/406/2654 191/406/2653 190/406/2594 55/406/2567
f 15/406/2616 14/406/2655 189/406/2656 209/406/2617
f 209/406/2617 189/406/2656 188/406/2657 208/406/2619
f 208/406/2619 188/406/2657 187/406/2658 207/406/2621
f 207/406/2621 187/406/2658 186/406/2659 206/406/2623
f 206/406/2623 186/406/2659 185/406/2660 205/406/2625
f 205/406/2625 185/406/2660 184/406/2661 204/406/2627
f 204/406/2627 184/406/2661 183/406/2662 203/406/2629
f 203/406/2629 183/406/2662 182/406/2663 202/406/2631
f 202/406/2631 182/406/2663 181/406/2664 201/406/2633
f 201/406/2633 181/406/2664 180/406/2592 200/406/2596
f 7/406/2636 6/406/2665 179/406/2666 199/406/2637
f 199/406/2637 179/406/2666 178/406/2667 198/406/2639
f 198/406/2639 178/406/2667 177/406/2668 197/406/2641
f 197/406/2641 177/406/2668 176/406/2669 196/406/2643
f 196/406/2643 176/406/2669 175/406/2670 195/406/2645
f 195/406/2645 175/406/2670 174/406/2671 194/406/2647
f 194/406/2647 174/406/2671 173/406/2672 193/406/2649
f 193/406/2649 173/406/2672 172/406/2673 192/406/2651
f 192/406/2651 172/406/2673 171/406/2674 191/406/2653
f 191/406/2653 171/406/2674 170/406/2590 190/406/2594
f 14/406/2655 13/406/2675 169/406/2676 189/406/2656
f 189/406/2656 169/406/2676 168/406/2677 188/406/2657
f 188/406/2657 168/406/2677 167/406/2678 187/406/2658
f 187/406/2658 167/406/2678 166/406/2679 186/406/2659
f 186/406/2659 166/406/2679 165/406/2680 185/406/2660
f 185/406/2660 165/406/2680 164/406/2681 184/406/2661
f 184/406/2661 164/406/2681 163/406/2682 183/406/2662
f 183/406/2662 163/406/2682 162/406/2683 182/406/2663
f 182/406/2663 162/406/2683 161/406/2684 181/406/2664
f 181/406/2664 161/406/2684 160/406/2588 180/406/2592
f 6/406/2665 5/406/2685 159/406/2686 179/406/2666
f 179/406/2666 159/406/2686 158/406/2687 178/406/2667
f 178/406/2667 158/406/2687 157/406/2688 177/406/2668
f 177/406/2668 157/406/2688 156/406/2689 176/406/2669
f 176/406/2669 156/406/2689 155/406/2690 175/406/2670
f 175/406/2670 155/406/2690 154/406/2691 174/406/2671
f 174/406/2671 154/406/2691 153/406/2692 173/406/2672
f 173/406/2672 153/406/2692 152/406/2693 172/406/2673
f 172/406/2673 152/406/2693 151/406/2694 171/406/2674
f 171/406/2674 151/406/2694 150/406/2586 170/406/2590
f 13/406/2675 12/406/2695 149/406/2696 169/406/2676
f 169/406/2676 149/406/2696 148/406/2697 168/406/2677
f 168/406/2677 148/406/2697 147/406/2698 167/406/2678
f 167/406/2678 147/406/2698 146/406/2699 166/406/2679
f 166/406/2679 146/406/2699 145/406/2700 165/406/2680
f 165/406/2680 145/406/2700 144/406/2701 164/406/2681
f 164/406/2681 144/406/2701 143/406/2702 163/406/2682
f 163/406/2682 143/406/2702 142/406/2703 162/406/2683
f 162/406/2683 142/406/2703 141/406/2704 161/406/2684
f 161/406/2684 141/406/2704 140/406/2584 160/406/2588
f 5/406/2685 4/406/2705 139/406/2706 159/406/2686
f 159/406/2686 139/406/2706 138/406/2707 158/406/2687
f 158/406/2687 138/406/2707 137/406/2708 157/406/2688
f 157/406/2688 137/406/2708 136/406/2709 156/406/2689
f 156/406/2689 136/406/2709 135/406/2710 155/406/2690
f 155/406/2690 135/406/2710 134/406/2711 154/406/2691
f 154/406/2691 134/406/2711 133/406/2712 153/406/2692
f 153/406/2692 133/406/2712 132/406/2713 152/406/2693
f 152/406/2693 132/406/2713 131/406/2714 151/406/2694
f 151/406/2694 131/406/2714 130/406/2582 150/406/2586
f 12/406/2695 11/406/2715 129/406/2716 149/406/2696
f 149/406/2696 129/406/2716 128/406/2717 148/406/2697
f 148/406/2697 128/406/2717 127/406/2718 147/406/2698
f 147/406/2698 127/406/2718 126/406/2719 146/406/2699
f 146/406/2699 126/406/2719 125/406/2720 145/406/2700
f 145/406/2700 125/406/2720 124/406/2721 144/406/2701
f 144/406/2701 124/406/2721 123/406/2722 143/406/2702
f 143/406/2702 123/406/2722 122/406/2723 142/406/2703
f 142/406/2703 122/406/2723 121/406/2724 141/406/2704
f 141/406/2704 121/406/2724 120/406/2580 140/406/2584
f 4/406/2705 3/406/2725 119/406/2726 139/406/2706
f 139/406/2706 119/406/2726 118/406/2727 138/406/2707
f 138/406/2707 118/406/2727 117/406/2728 137/406/2708
f 137/406/2708 117/406/2728 116/406/2729 136/406/2709
f 136/406/2709 116/406/2729 115/406/2730 135/406/2710
f 135/406/2710 115/406/2730 114/406/2731 134/406/2711
f 134/406/2711 114/406/2731 113/406/2732 133/406/2712
f 133/406/2712 113/406/2732 112/406/2733 132/406/2713
f 132/406/2713 112/406/2733 111/406/2734 131/406/2714
f 131/406/2714 111/406/2734 110/406/2578 130/406/2582
f 11/406/2715 10/406/2735 109/406/2736 129/406/2716
f 129/406/2716 109/406/2736 108/406/2737 128/406/2717
f 128/406/2717 108/406/2737 107/406/2738 127/406/2718
f 127/406/2718 107/406/2738 106/406/2739 126/406/2719
f 126/406/2719 106/406/2739 105/406/2740 125/406/2720
f 125/406/2720 105/406/2740 104/406/2741 124/406/2721
f 124/406/2721 104/406/2741 103/406/2742 123/406/2722
f 123/406/2722 103/406/2742 102/406/2743 122/406/2723
f 122/406/2723 102/406/2743 101/406/2744 121/406/2724
f 121/406/2724 101/406/2744 100/406/2576 120/406/2580
f 3/406/2725 2/406/2745 89/406/2746 119/406/2726
f 119/406/2726 89/406/2746 88/406/2747 118/406/2727
f 118/406/2727 88/406/2747 87/406/2748 117/406/2728
f 117/406/2728 87/406/2748 86/406/2749 116/406/2729
f 116/406/2729 86/406/2749 85/406/2750 115/406/2730
f 115/406/2730 85/406/2750 84/406/2751 114/406/2731
f 114/406/2731 84/406/2751 83/406/2752 113/406/2732
f 113/406/2732 83/406/2752 82/406/2753 112/406/2733
f 112/406/2733 82/406/2753 81/406/2754 111/406/2734
f 111/406/2734 81/406/2754 80/406/2570 110/406/2578
f 10/406/2735 9/406/2755 69/406/2756 109/406/2736
f 109/406/2736 69/406/2756 68/406/2757 108/406/2737
f 108/406/2737 68/406/2757 67/406/2758 107/406/2738
f 107/406/2738 67/406/2758 66/406/2759 106/406/2739
f 106/406/2739 66/406/2759 65/406/2760 105/406/2740
f 105/406/2740 65/406/2760 50/406/2761 104/406/2741
f 104/406/2741 50/406/2761 51/406/2762 103/406/2742
f 103/406/2742 51/406/2762 52/406/2763 102/406/2743
f 102/406/2743 52/406/2763 53/406/2764 101/406/2744
f 101/406/2744 53/406/2764 54/406/2566 100/406/2576
f 1/406/2765 16/406/2615 90/406/2618 70/406/2766
f 70/406/2766 90/406/2618 91/406/2620 71/406/2767
f 71/406/2767 91/406/2620 92/406/2622 72/406/2768
f 72/406/2768 92/406/2622 93/406/2624 73/406/2769
f 73/406/2769 93/406/2624 94/406/2626 74/406/2770
f 74/406/2770 94/406/2626 95/406/2628 75/406/2771
f 75/406/2771 95/406/2628 96/406/2630 76/406/2772
f 76/406/2772 96/406/2630 97/406/2632 77/406/2773
f 77/406/2773 97/406/2632 98/406/2634 78/406/2774
f 78/406/2774 98/406/2634 99/406/2574 79/406/2571
f 2/406/2745 1/406/2765 70/406/2766 89/406/2746
f 89/406/2746 70/406/2766 71/406/2767 88/406/2747
f 88/406/2747 71/406/2767 72/406/2768 87/406/2748
f 87/406/2748 72/406/2768 73/406/2769 86/406/2749
f 86/406/2749 73/406/2769 74/406/2770 85/406/2750
f 85/406/2750 74/406/2770 75/406/2771 84/406/2751
f 84/406/2751 75/406/2771 76/406/2772 83/406/2752
f 83/406/2752 76/406/2772 77/406/2773 82/406/2753
f 82/406/2753 77/406/2773 78/406/2774 81/406/2754
f 81/406/2754 78/406/2774 79/406/2571 80/406/2570
f 9/406/2755 8/406/2635 64/406/2638 69/406/2756
f 69/406/2756 64/406/2638 63/406/2640 68/406/2757
f 68/406/2757 63/406/2640 62/406/2642 67/406/2758
f 67/406/2758 62/406/2642 61/406/2644 66/406/2759
f 66/406/2759 61/406/2644 60/406/2646 65/406/2760
f 65/406/2760 60/406/2646 59/406/2648 50/406/2761
f 50/406/2761 59/406/2648 58/406/2650 51/406/2762
f 51/406/2762 58/406/2650 57/406/2652 52/406/2763
f 52/406/2763 57/406/2652 56/406/2654 53/406/2764
f 53/406/2764 56/406/2654 55/406/2567 54/406/2566
f 263/406/2775 264/406/2776 233/406/2777 234/406/2778
f 289/406/2779 288/406/2780 226/406/2781 227/406/2782
f 288/406/2780 308/406/2783 241/406/2784 226/406/2781
f 309/406/2785 263/406/2775 234/406/2778 235/406/2786
f 319/406/2787 289/406/2779 227/406/2782 228/406/2788
f 329/406/2789 309/406/2785 235/406/2786 236/406/2790
f 339/406/2791 319/406/2787 228/406/2788 229/406/2792
f 349/406/2793 329/406/2789 236/406/2790 237/406/2794
f 359/406/2795 339/406/2791 229/406/2792 230/406/2796
f 369/406/2797 349/406/2793 237/406/2794 238/406/2798
f 379/406/2799 359/406/2795 230/406/2796 231/406/2800
f 389/406/2801 369/406/2797 238/406/2798 239/406/2802
f 399/406/2803 379/406/2799 231/406/2800 232/406/2804
f 409/406/2805 389/406/2801 239/406/2802 240/406/2806
f 264/406/2776 399/406/2803 232/406/2804 233/406/2777
f 308/406/2783 409/406/2805 240/406/2806 241/406/2784
f 240/406/2806 239/406/2802 255/406/2807 256/406/2808
f 233/406/2777 232/406/2804 248/406/2809 249/406/2810
f 241/406/2784 240/406/2806 256/406/2808 257/406/2811
f 234/406/2778 233/406/2777 249/406/2810 250/406/2812
f 227/406/2782 226/406/2781 242/406/2813 243/406/2814
f 226/406/2781 241/406/2784 257/406/2811 242/406/2813
f 235/406/2786 234/406/2778 250/406/2812 251/406/2815
f 228/406/2788 227/406/2782 243/406/2814 244/406/2816
f 236/406/2790 235/406/2786 251/406/2815 252/406/2817
f 229/406/2792 228/406/2788 244/406/2816 245/406/2818
f 237/406/2794 236/406/2790 252/406/2817 253/406/2819
f 230/406/2796 229/406/2792 245/406/2818 246/406/2820
f 238/406/2798 237/406/2794 253/406/2819 254/406/2821
f 231/406/2800 230/406/2796 246/406/2820 247/406/2822
f 239/406/2802 238/406/2798 254/406/2821 255/406/2807
f 232/406/2804 231/406/2800 247/406/2822 248/406/2809
f 254/406/2821 253/406/2819 258/406/2823
f 247/406/2822 246/406/2820 258/406/2823
f 255/406/2807 254/406/2821 258/406/2823
f 248/406/2809 247/406/2822 258/406/2823
f 256/406/2808 255/406/2807 258/406/2823
f 249/406/2810 248/406/2809 258/406/2823
f 257/406/2811 256/406/2808 258/406/2823
f 250/406/2812 249/406/2810 258/406/2823
f 243/406/2814 242/406/2813 258/406/2823
f 242/406/2813 257/406/2811 258/406/2823
f 251/406/2815 250/406/2812 258/406/2823
f 244/406/2816 243/406/2814 258/406/2823
f 252/406/2817 251/406/2815 258/406/2823
f 245/406/2818 244/406/2816 258/406/2823
f 253/406/2819 252/406/2817 258/406/2823
f 246/406/2820 245/406/2818 258/406/2823
f 225/406/2824 224/406/2825 418/406/2826 299/406/2827
f 299/406/2827 418/406/2826 417/406/2828 300/406/2829
f 300/406/2829 417/406/2828 416/406/2830 301/406/2831
f 301/406/2831 416/406/2830 415/406/2832 302/406/2833
f 302/406/2833 415/406/2832 414/406/2834 303/406/2835
f 303/406/2835 414/406/2834 413/406/2836 304/406/2837
f 304/406/2837 413/406/2836 412/406/2838 305/406/2839
f 305/406/2839 412/406/2838 411/406/2840 306/406/2841
f 306/406/2841 411/406/2840 410/406/2842 307/406/2843
f 307/406/2843 410/406/2842 409/406/2805 308/406/2783
f 217/406/2844 216/406/2845 408/406/2846 273/406/2847
f 273/406/2847 408/406/2846 407/406/2848 272/406/2849
f 272/406/2849 407/406/2848 406/406/2850 271/406/2851
f 271/406/2851 406/406/2850 405/406/2852 270/406/2853
f 270/406/2853 405/406/2852 404/406/2854 269/406/2855
f 269/406/2855 404/406/2854 403/406/2856 268/406/2857
f 268/406/2857 403/406/2856 402/406/2858 267/406/2859
f 267/406/2859 402/406/2858 401/406/2860 266/406/2861
f 266/406/2861 401/406/2860 400/406/2862 265/406/2863
f 265/406/2863 400/406/2862 399/406/2803 264/406/2776
f 224/406/2825 223/406/2864 398/406/2865 418/406/2826
f 418/406/2826 398/406/2865 397/406/2866 417/406/2828
f 417/406/2828 397/406/2866 396/406/2867 416/406/2830
f 416/406/2830 396/406/2867 395/406/2868 415/406/2832
f 415/406/2832 395/406/2868 394/406/2869 414/406/2834
f 414/406/2834 394/406/2869 393/406/2870 413/406/2836
f 413/406/2836 393/406/2870 392/406/2871 412/406/2838
f 412/406/2838 392/406/2871 391/406/2872 411/406/2840
f 411/406/2840 391/406/2872 390/406/2873 410/406/2842
f 410/406/2842 390/406/2873 389/406/2801 409/406/2805
f 216/406/2845 215/406/2874 388/406/2875 408/406/2846
f 408/406/2846 388/406/2875 387/406/2876 407/406/2848
f 407/406/2848 387/406/2876 386/406/2877 406/406/2850
f 406/406/2850 386/406/2877 385/406/2878 405/406/2852
f 405/406/2852 385/406/2878 384/406/2879 404/406/2854
f 404/406/2854 384/406/2879 383/406/2880 403/406/2856
f 403/406/2856 383/406/2880 382/406/2881 402/406/2858
f 402/406/2858 382/406/2881 381/406/2882 401/406/2860
f 401/406/2860 381/406/2882 380/406/2883 400/406/2862
f 400/406/2862 380/406/2883 379/406/2799 399/406/2803
f 223/406/2864 222/406/2884 378/406/2885 398/406/2865
f 398/406/2865 378/406/2885 377/406/2886 397/406/2866
f 397/406/2866 377/406/2886 376/406/2887 396/406/2867
f 396/406/2867 376/406/2887 375/406/2888 395/406/2868
f 395/406/2868 375/406/2888 374/406/2889 394/406/2869
f 394/406/2869 374/406/2889 373/406/2890 393/406/2870
f 393/406/2870 373/406/2890 372/406/2891 392/406/2871
f 392/406/2871 372/406/2891 371/406/2892 391/406/2872
f 391/406/2872 371/406/2892 370/406/2893 390/406/2873
f 390/406/2873 370/406/2893 369/406/2797 389/406/2801
f 215/406/2874 214/406/2894 368/406/2895 388/406/2875
f 388/406/2875 368/406/2895 367/406/2896 387/406/2876
f 387/406/2876 367/406/2896 366/406/2897 386/406/2877
f 386/406/2877 366/406/2897 365/406/2898 385/406/2878
f 385/406/2878 365/406/2898 364/406/2899 384/406/2879
f 384/406/2879 364/406/2899 363/406/2900 383/406/2880
f 383/406/2880 363/406/2900 362/406/2901 382/406/2881
f 382/406/2881 362/406/2901 361/406/2902 381/406/2882
f 381/406/2882 361/406/2902 360/406/2903 380/406/2883
f 380/406/2883 360/406/2903 359/406/2795 379/406/2799
f 222/406/2884 221/406/2904 358/406/2905 378/406/2885
f 378/406/2885 358/406/2905 357/406/2906 377/406/2886
f 377/406/2886 357/406/2906 356/406/2907 376/406/2887
f 376/406/2887 356/406/2907 355/406/2908 375/406/2888
f 375/406/2888 355/406/2908 354/406/2909 374/406/2889
f 374/406/2889 354/406/2909 353/406/2910 373/406/2890
f 373/406/2890 353/406/2910 352/406/2911 372/406/2891
f 372/406/2891 352/406/2911 351/406/2912 371/406/2892
f 371/406/2892 351/406/2912 350/406/2913 370/406/2893
f 370/406/2893 350/406/2913 349/406/2793 369/406/2797
f 214/406/2894 213/406/2914 348/406/2915 368/406/2895
f 368/406/2895 348/406/2915 347/406/2916 367/406/2896
f 367/406/2896 347/406/2916 346/406/2917 366/406/2897
f 366/406/2897 346/406/2917 345/406/2918 365/406/2898
f 365/406/2898 345/406/2918 344/406/2919 364/406/2899
f 364/406/2899 344/406/2919 343/406/2920 363/406/2900
f 363/406/2900 343/406/2920 342/406/2921 362/406/2901
f 362/406/2901 342/406/2921 341/406/2922 361/406/2902
f 361/406/2902 341/406/2922 340/406/2923 360/406/2903
f 360/406/2903 340/406/2923 339/406/2791 359/406/2795
f 221/406/2904 220/406/2924 338/406/2925 358/406/2905
f 358/406/2905 338/406/2925 337/406/2926 357/406/2906
f 357/406/2906 337/406/2926 336/406/2927 356/406/2907
f 356/406/2907 336/406/2927 335/406/2928 355/406/2908
f 355/406/2908 335/406/2928 334/406/2929 354/406/2909
f 354/406/2909 334/406/2929 333/406/2930 353/406/2910
f 353/406/2910 333/406/2930 332/406/2931 352/406/2911
f 352/406/2911 332/406/2931 331/406/2932 351/406/2912
f 351/406/2912 331/406/2932 330/406/2933 350/406/2913
f 350/406/2913 330/406/2933 329/406/2789 349/406/2793
f 213/406/2914 212/406/2934 328/406/2935 348/406/2915
f 348/406/2915 328/406/2935 327/406/2936 347/406/2916
f 347/406/2916 327/406/2936 326/406/2937 346/406/2917
f 346/406/2917 326/406/2937 325/406/2938 345/406/2918
f 345/406/2918 325/406/2938 324/406/2939 344/406/2919
f 344/406/2919 324/406/2939 323/406/2940 343/406/2920
f 343/406/2920 323/406/2940 322/406/2941 342/406/2921
f 342/406/2921 322/406/2941 321/406/2942 341/406/2922
f 341/406/2922 321/406/2942 320/406/2943 340/406/2923
f 340/406/2923 320/406/2943 319/406/2787 339/406/2791
f 220/406/2924 219/406/2944 318/406/2945 338/406/2925
f 338/406/2925 318/406/2945 317/406/2946 337/406/2926
f 337/406/2926 317/406/2946 316/406/2947 336/406/2927
f 336/406/2927 316/406/2947 315/406/2948 335/406/2928
f 335/406/2928 315/406/2948 314/406/2949 334/406/2929
f 334/406/2929 314/406/2949 313/406/2950 333/406/2930
f 333/406/2930 313/406/2950 312/406/2951 332/406/2931
f 332/406/2931 312/406/2951 311/406/2952 331/406/2932
f 331/406/2932 311/406/2952 310/406/2953 330/406/2933
f 330/406/2933 310/406/2953 309/406/2785 329/406/2789
f 212/406/2934 211/406/2954 298/406/2955 328/406/2935
f 328/406/2935 298/406/2955 297/406/2956 327/406/2936
f 327/406/2936 297/406/2956 296/406/2957 326/406/2937
f 326/406/2937 296/406/2957 295/406/2958 325/406/2938
f 325/406/2938 295/406/2958 294/406/2959 324/406/2939
f 324/406/2939 294/406/2959 293/406/2960 323/406/2940
f 323/406/2940 293/406/2960 292/406/2961 322/406/2941
f 322/406/2941 292/406/2961 291/406/2962 321/406/2942
f 321/406/2942 291/406/2962 290/406/2963 320/406/2943
f 320/406/2943 290/406/2963 289/406/2779 319/406/2787
f 219/406/2944 218/406/2964 278/406/2965 318/406/2945
f 318/406/2945 278/406/2965 277/406/2966 317/406/2946
f 317/406/2946 277/406/2966 276/406/2967 316/406/2947
f 316/406/2947 276/406/2967 275/406/2968 315/406/2948
f 315/406/2948 275/406/2968 274/406/2969 314/406/2949
f 314/406/2949 274/406/2969 259/406/2970 313/406/2950
f 313/406/2950 259/406/2970 260/406/2971 312/406/2951
f 312/406/2951 260/406/2971 261/406/2972 311/406/2952
f 311/406/2952 261/406/2972 262/406/2973 310/406/2953
f 310/406/2953 262/406/2973 263/406/2775 309/406/2785
f 210/406/2974 225/406/2824 299/406/2827 279/406/2975
f 279/406/2975 299/406/2827 300/406/2829 280/406/2976
f 280/406/2976 300/406/2829 301/406/2831 281/406/2977
f 281/406/2977 301/406/2831 302/406/2833 282/406/2978
f 282/406/2978 302/406/2833 303/406/2835 283/406/2979
f 283/406/2979 303/406/2835 304/406/2837 284/406/2980
f 284/406/2980 304/406/2837 305/406/2839 285/406/2981
f 285/406/2981 305/406/2839 306/406/2841 286/406/2982
f 286/406/2982 306/406/2841 307/406/2843 287/406/2983
f 287/406/2983 307/406/2843 308/406/2783 288/406/2780
f 211/406/2954 210/406/2974 279/406/2975 298/406/2955
f 298/406/2955 279/406/2975 280/406/2976 297/406/2956
f 297/406/2956 280/406/2976 281/406/2977 296/406/2957
f 296/406/2957 281/406/2977 282/406/2978 295/406/2958
f 295/406/2958 282/406/2978 283/406/2979 294/406/2959
f 294/406/2959 283/406/2979 284/406/2980 293/406/2960
f 293/406/2960 284/406/2980 285/406/2981 292/406/2961
f 292/406/2961 285/406/2981 286/406/2982 291/406/2962
f 291/406/2962 286/406/2982 287/406/2983 290/406/2963
f 290/406/2963 287/406/2983 288/406/2780 289/406/2779
f 218/406/2964 217/406/2844 273/406/2847 278/406/2965
f 278/406/2965 273/406/2847 272/406/2849 277/406/2966
f 277/406/2966 272/406/2849 271/406/2851 276/406/2967
f 276/406/2967 271/406/2851 270/406/2853 275/406/2968
f 275/406/2968 270/406/2853 269/406/2855 274/406/2969
f 274/406/2969 269/406/2855 268/406/2857 259/406/2970
f 259/406/2970 268/406/2857 267/406/2859 260/406/2971
f 260/406/2971 267/406/2859 266/406/2861 261/406/2972
f 261/406/2972 266/406/2861 265/406/2863 262/406/2973
f 262/406/2973 265/406/2863 264/406/2776 263/406/2775
f 472/406/2984 473/406/2985 442/406/2986 443/406/2987
f 498/406/2988 497/406/2989 435/406/2990 436/406/2991
f 497/406/2989 517/406/2992 450/406/2993 435/406/2990
f 518/406/2994 472/406/2984 443/406/2987 444/406/2995
f 528/406/2996 498/406/2988 436/406/2991 437/406/2997
f 538/406/2998 518/406/2994 444/406/2995 445/406/2999
f 548/406/3000 528/406/2996 437/406/2997 438/406/3001
f 558/406/3002 538/406/2998 445/406/2999 446/406/3003
f 568/406/3004 548/406/3000 438/406/3001 439/406/3005
f 578/406/3006 558/406/3002 446/406/3003 447/406/3007
f 588/406/3008 568/406/3004 439/406/3005 440/406/3009
f 598/406/3010 578/406/3006 447/406/3007 448/406/3011
f 608/406/3012 588/406/3008 440/406/3009 441/406/3013
f 618/406/3014 598/406/3010 448/406/3011 449/406/3015
f 473/406/2985 608/406/3012 441/406/3013 442/406/2986
f 517/406/2992 618/406/3014 449/406/3015 450/406/2993
f 449/406/3015 448/406/3011 464/406/3016 465/406/3017
f 442/406/2986 441/406/3013 457/406/3018 458/406/3019
f 450/406/2993 449/406/3015 465/406/3017 466/406/3020
f 443/406/2987 442/406/2986 458/406/3019 459/406/3021
f 436/406/2991 435/406/2990 451/406/3022 452/406/3023
f 435/406/2990 450/406/2993 466/406/3020 451/406/3022
f 444/406/2995 443/406/2987 459/406/3021 460/406/3024
f 437/406/2997 436/406/2991 452/406/3023 453/406/3025
f 445/406/2999 444/406/2995 460/406/3024 461/406/3026
f 438/406/3001 437/406/2997 453/406/3025 454/406/3027
f 446/406/3003 445/406/2999 461/406/3026 462/406/3028
f 439/406/3005 438/406/3001 454/406/3027 455/406/3029
f 447/406/3007 446/406/3003 462/406/3028 463/406/3030
f 440/406/3009 439/406/3005 455/406/3029 456/406/3031
f 448/406/3011 447/406/3007 463/406/3030 464/406/3016
f 441/406/3013 440/406/3009 456/406/3031 457/406/3018
f 463/406/3030 462/406/3028 467/406/3032
f 456/406/3031 455/406/3029 467/406/3032
f 464/406/3016 463/406/3030 467/406/3032
f 457/406/3018 456/406/3031 467/406/3032
f 465/406/3017 464/406/3016 467/406/3032
f 458/406/3019 457/406/3018 467/406/3032
f 466/406/3020 465/406/3017 467/406/3032
f 459/406/3021 458/406/3019 467/406/3032
f 452/406/3023 451/406/3022 467/406/3032
f 451/406/3022 466/406/3020 467/406/3032
f 460/406/3024 459/406/3021 467/406/3032
f 453/406/3025 452/406/3023 467/406/3032
f 461/406/3026 460/406/3024 467/406/3032
f 454/406/3027 453/406/3025 467/406/3032
f 462/406/3028 461/406/3026 467/406/3032
f 455/406/3029 454/406/3027 467/406/3032
f 434/406/3033 433/406/3034 627/406/3035 508/406/3036
f 508/406/3036 627/406/3035 626/406/3037 509/406/3038
f 509/406/3038 626/406/3037 625/406/3039 510/406/3040
f 510/406/3040 625/406/3039 624/406/3041 511/406/3042
f 511/406/3042 624/406/3041 623/406/3043 512/406/3044
f 512/406/3044 623/406/3043 622/406/3045 513/406/3046
f 513/406/3046 622/406/3045 621/406/3047 514/406/3048
f 514/406/3048 621/406/3047 620/406/3049 515/406/3050
f 515/406/3050 620/406/3049 619/406/3051 516/406/3052
f 516/406/3052 619/406/3051 618/406/3014 517/406/2992
f 426/406/3053 425/406/3054 617/406/3055 482/406/3056
f 482/406/3056 617/406/3055 616/406/3057 481/406/3058
f 481/406/3058 616/406/3057 615/406/3059 480/406/3060
f 480/406/3060 615/406/3059 614/406/3061 479/406/3062
f 479/406/3062 614/406/3061 613/406/3063 478/406/3064
f 478/406/3064 613/406/3063 612/406/3065 477/406/3066
f 477/406/3066 612/406/3065 611/406/3067 476/406/3068
f 476/406/3068 611/406/3067 610/406/3069 475/406/3070
f 475/406/3070 610/406/3069 609/406/3071 474/406/3072
f 474/406/3072 609/406/3071 608/406/3012 473/406/2985
f 433/406/3034 432/406/3073 607/406/3074 627/406/3035
f 627/406/3035 607/406/3074 606/406/3075 626/406/3037
f 626/406/3037 606/406/3075 605/406/3076 625/406/3039
f 625/406/3039 605/406/3076 604/406/3077 624/406/3041
f 624/406/3041 604/406/3077 603/406/3078 623/406/3043
f 623/406/3043 603/406/3078 602/406/3079 622/406/3045
f 622/406/3045 602/406/3079 601/406/3080 621/406/3047
f 621/406/3047 601/406/3080 600/406/3081 620/406/3049
f 620/406/3049 600/406/3081 599/406/3082 619/406/3051
f 619/406/3051 599/406/3082 598/406/3010 618/406/3014
f 425/406/3054 424/406/3083 597/406/3084 617/406/3055
f 617/406/3055 597/406/3084 596/406/3085 616/406/3057
f 616/406/3057 596/406/3085 595/406/3086 615/406/3059
f 615/406/3059 595/406/3086 594/406/3087 614/406/3061
f 614/406/3061 594/406/3087 593/406/3088 613/406/3063
f 613/406/3063 593/406/3088 592/406/3089 612/406/3065
f 612/406/3065 592/406/3089 591/406/3090 611/406/3067
f 611/406/3067 591/406/3090 590/406/3091 610/406/3069
f 610/406/3069 590/406/3091 589/406/3092 609/406/3071
f 609/406/3071 589/406/3092 588/406/3008 608/406/3012
f 432/406/3073 431/406/3093 587/406/3094 607/406/3074
f 607/406/3074 587/406/3094 586/406/3095 606/406/3075
f 606/406/3075 586/406/3095 585/406/3096 605/406/3076
f 605/406/3076 585/406/3096 584/406/3097 604/406/3077
f 604/406/3077 584/406/3097 583/406/3098 603/406/3078
f 603/406/3078 583/406/3098 582/406/3099 602/406/3079
f 602/406/3079 582/406/3099 581/406/3100 601/406/3080
f 601/406/3080 581/406/3100 580/406/3101 600/406/3081
f 600/406/3081 580/406/3101 579/406/3102 599/406/3082
f 599/406/3082 579/406/3102 578/406/3006 598/406/3010
f 424/406/3083 423/406/3103 577/406/3104 597/406/3084
f 597/406/3084 577/406/3104 576/406/3105 596/406/3085
f 596/406/3085 576/406/3105 575/406/3106 595/406/3086
f 595/406/3086 575/406/3106 574/406/3107 594/406/3087
f 594/406/3087 574/406/3107 573/406/3108 593/406/3088
f 593/406/3088 573/406/3108 572/406/3109 592/406/3089
f 592/406/3089 572/406/3109 571/406/3110 591/406/3090
f 591/406/3090 571/406/3110 570/406/3111 590/406/3091
f 590/406/3091 570/406/3111 569/406/3112 589/406/3092
f 589/406/3092 569/406/3112 568/406/3004 588/406/3008
f 431/406/3093 430/406/3113 567/406/3114 587/406/3094
f 587/406/3094 567/406/3114 566/406/3115 586/406/3095
f 586/406/3095 566/406/3115 565/406/3116 585/406/3096
f 585/406/3096 565/406/3116 564/406/3117 584/406/3097
f 584/406/3097 564/406/3117 563/406/3118 583/406/3098
f 583/406/3098 563/406/3118 562/406/3119 582/406/3099
f 582/406/3099 562/406/3119 561/406/3120 581/406/3100
f 581/406/3100 561/406/3120 560/406/3121 580/406/3101
f 580/406/3101 560/406/3121 559/406/3122 579/406/3102
f 579/406/3102 559/406/3122 558/406/3002 578/406/3006
f 423/406/3103 422/406/3123 557/406/3124 577/406/3104
f 577/406/3104 557/406/3124 556/406/3125 576/406/3105
f 576/406/3105 556/406/3125 555/406/3126 575/406/3106
f 575/406/3106 555/406/3126 554/406/3127 574/406/3107
f 574/406/3107 554/406/3127 553/406/3128 573/406/3108
f 573/406/3108 553/406/3128 552/406/3129 572/406/3109
f 572/406/3109 552/406/3129 551/406/3130 571/406/3110
f 571/406/3110 551/406/3130 550/406/3131 570/406/3111
f 570/406/3111 550/406/3131 549/406/3132 569/406/3112
f 569/406/3112 549/406/3132 548/406/3000 568/406/3004
f 430/406/3113 429/406/3133 547/406/3134 567/406/3114
f 567/406/3114 547/406/3134 546/406/3135 566/406/3115
f 566/406/3115 546/406/3135 545/406/3136 565/406/3116
f 565/406/3116 545/406/3136 544/406/3137 564/406/3117
f 564/406/3117 544/406/3137 543/406/3138 563/406/3118
f 563/406/3118 543/406/3138 542/406/3139 562/406/3119
f 562/406/3119 542/406/3139 541/406/3140 561/406/3120
f 561/406/3120 541/406/3140 540/406/3141 560/406/3121
f 560/406/3121 540/406/3141 539/406/3142 559/406/3122
f 559/406/3122 539/406/3142 538/406/2998 558/406/3002
f 422/406/3123 421/406/3143 537/406/3144 557/406/3124
f 557/406/3124 537/406/3144 536/406/3145 556/406/3125
f 556/406/3125 536/406/3145 535/406/3146 555/406/3126
f 555/406/3126 535/406/3146 534/406/3147 554/406/3127
f 554/406/3127 534/406/3147 533/406/3148 553/406/3128
f 553/406/3128 533/406/3148 532/406/3149 552/406/3129
f 552/406/3129 532/406/3149 531/406/3150 551/406/3130
f 551/406/3130 531/406/3150 530/406/3151 550/406/3131
f 550/406/3131 530/406/3151 529/406/3152 549/406/3132
f 549/406/3132 529/406/3152 528/406/2996 548/406/3000
f 429/406/3133 428/406/3153 527/406/3154 547/406/3134
f 547/406/3134 527/406/3154 526/406/3155 546/406/3135
f 546/406/3135 526/406/3155 525/406/3156 545/406/3136
f 545/406/3136 525/406/3156 524/406/3157 544/406/3137
f 544/406/3137 524/406/3157 523/406/3158 543/406/3138
f 543/406/3138 523/406/3158 522/406/3159 542/406/3139
f 542/406/3139 522/406/3159 521/406/3160 541/406/3140
f 541/406/3140 521/406/3160 520/406/3161 540/406/3141
f 540/406/3141 520/406/3161 519/406/3162 539/406/3142
f 539/406/3142 519/406/3162 518/406/2994 538/406/2998
f 421/406/3143 420/406/3163 507/406/3164 537/406/3144
f 537/406/3144 507/406/3164 506/406/3165 536/406/3145
f 536/406/3145 506/406/3165 505/406/3166 535/406/3146
f 535/406/3146 505/406/3166 504/406/3167 534/406/3147
f 534/406/3147 504/406/3167 503/406/3168 533/406/3148
f 533/406/3148 503/406/3168 502/406/3169 532/406/3149
f 532/406/3149 502/406/3169 501/406/3170 531/406/3150
f 531/406/3150 501/406/3170 500/406/3171 530/406/3151
f 530/406/3151 500/406/3171 499/406/3172 529/406/3152
f 529/406/3152 499/406/3172 498/406/2988 528/406/2996
f 428/406/3153 427/406/3173 487/406/3174 527/406/3154
f 527/406/3154 487/406/3174 486/406/3175 526/406/3155
f 526/406/3155 486/406/3175 485/406/3176 525/406/3156
f 525/406/3156 485/406/3176 484/406/3177 524/406/3157
f 524/406/3157 484/406/3177 483/406/3178 523/406/3158
f 523/406/3158 483/406/3178 468/406/3179 522/406/3159
f 522/406/3159 468/406/3179 469/406/3180 521/406/3160
f 521/406/3160 469/406/3180 470/406/3181 520/406/3161
f 520/406/3161 470/406/3181 471/406/3182 519/406/3162
f 519/406/3162 471/406/3182 472/406/2984 518/406/2994
f 419/406/3183 434/406/3033 508/406/3036 488/406/3184
f 488/406/3184 508/406/3036 509/406/3038 489/406/3185
f 489/406/3185 509/406/3038 510/406/3040 490/406/3186
f 490/406/3186 510/406/3040 511/406/3042 491/406/3187
f 491/406/3187 511/406/3042 512/406/3044 492/406/3188
f 492/406/3188 512/406/3044 513/406/3046 493/406/3189
f 493/406/3189 513/406/3046 514/406/3048 494/406/3190
f 494/406/3190 514/406/3048 515/406/3050 495/406/3191
f 495/406/3191 515/406/3050 516/406/3052 496/406/3192
f 496/406/3192 516/406/3052 517/406/2992 497/406/2989
f 420/406/3163 419/406/3183 488/406/3184 507/406/3164
f 507/406/3164 488/406/3184 489/406/3185 506/406/3165
f 506/406/3165 489/406/3185 490/406/3186 505/406/3166
f 505/406/3166 490/406/3186 491/406/3187 504/406/3167
f 504/406/3167 491/406/3187 492/406/3188 503/406/3168
f 503/406/3168 492/406/3188 493/406/3189 502/406/3169
f 502/406/3169 493/406/3189 494/406/3190 501/406/3170
f 501/406/3170 494/406/3190 495/406/3191 500/406/3171
f 500/406/3171 495/406/3191 496/406/3192 499/406/3172
f 499/406/3172 496/406/3192 497/406/2989 498/406/2988
f 427/406/3173 426/406/3053 482/406/3056 487/406/3174
f 487/406/3174 482/406/3056 481/406/3058 486/406/3175
f 486/406/3175 481/406/3058 480/406/3060 485/406/3176
f 485/406/3176 480/406/3060 479/406/3062 484/406/3177
f 484/406/3177 479/406/3062 478/406/3064 483/406/3178
f 483/406/3178 478/406/3064 477/406/3066 468/406/3179
f 468/406/3179 477/406/3066 476/406/3068 469/406/3180
f 469/406/3180 476/406/3068 475/406/3070 470/406/3181
f 470/406/3181 475/406/3070 474/406/3072 471/406/3182
f 471/406/3182 474/406/3072 473/406/2985 472/406/2984
f 681/406/3193 682/406/3194 651/406/3195 652/406/3196
f 707/406/3197 706/406/3198 644/406/3199 645/406/3200
f 706/406/3198 726/406/3201 659/406/3202 644/406/3199
f 727/406/3203 681/406/3193 652/406/3196 653/406/3204
f 737/406/3205 707/406/3197 645/406/3200 646/406/3206
f 747/406/3207 727/406/3203 653/406/3204 654/406/3208
f 757/406/3209 737/406/3205 646/406/3206 647/406/3210
f 767/406/3211 747/406/3207 654/406/3208 655/406/3212
f 777/406/3213 757/406/3209 647/406/3210 648/406/3214
f 787/406/3215 767/406/3211 655/406/3212 656/406/3216
f 797/406/3217 777/406/3213 648/406/3214 649/406/3218
f 807/406/3219 787/406/3215 656/406/3216 657/406/3220
f 817/406/3221 797/406/3217 649/406/3218 650/406/3222
f 827/406/3223 807/406/3219 657/406/3220 658/406/3224
f 682/406/3194 817/406/3221 650/406/3222 651/406/3195
f 726/406/3201 827/406/3223 658/406/3224 659/406/3202
f 658/406/3224 657/406/3220 673/406/3225 674/406/3226
f 651/406/3195 650/406/3222 666/406/3227 667/406/3228
f 659/406/3202 658/406/3224 674/406/3226 675/406/3229
f 652/406/3196 651/406/3195 667/406/3228 668/406/3230
f 645/406/3200 644/406/3199 660/406/3231 661/406/3232
f 644/406/3199 659/406/3202 675/406/3229 660/406/3231
f 653/406/3204 652/406/3196 668/406/3230 669/406/3233
f 646/406/3206 645/406/3200 661/406/3232 662/406/3234
f 654/406/3208 653/406/3204 669/406/3233 670/406/3235
f 647/406/3210 646/406/3206 662/406/3234 663/406/3236
f 655/406/3212 654/406/3208 670/406/3235 671/406/3237
f 648/406/3214 647/406/3210 663/406/3236 664/406/3238
f 656/406/3216 655/406/3212 671/406/3237 672/406/3239
f 649/406/3218 648/406/3214 664/406/3238 665/406/3240
f 657/406/3220 656/406/3216 672/406/3239 673/406/3225
f 650/406/3222 649/406/3218 665/406/3240 666/406/3227
f 672/406/3239 671/406/3237 676/406/3241
f 665/406/3240 664/406/3238 676/406/3241
f 673/406/3225 672/406/3239 676/406/3241
f 666/406/3227 665/406/3240 676/406/3241
f 674/406/3226 673/406/3225 676/406/3241
f 667/406/3228 666/406/3227 676/406/3241
f 675/406/3229 674/406/3226 676/406/3241
f 668/406/3230 667/406/3228 676/406/3241
f 661/406/3232 660/406/3231 676/406/3241
f 660/406/3231 675/406/3229 676/406/3241
f 669/406/3233 668/406/3230 676/406/3241
f 662/406/3234 661/406/3232 676/406/3241
f 670/406/3235 669/406/3233 676/406/3241
f 663/406/3236 662/406/3234 676/406/3241
f 671/406/3237 670/406/3235 676/406/3241
f 664/406/3238 663/406/3236 676/406/3241
f 643/406/3242 642/406/3243 836/406/3244 717/406/3245
f 717/406/3245 836/406/3244 835/406/3246 718/406/3247
f 718/406/3247 835/406/3246 834/406/3248 719/406/3249
f 719/406/3249 834/406/3248 833/406/3250 720/406/3251
f 720/406/3251 833/406/3250 832/406/3252 721/406/3253
f 721/406/3253 832/406/3252 831/406/3254 722/406/3255
f 722/406/3255 831/406/3254 830/406/3256 723/406/3257
f 723/406/3257 830/406/3256 829/406/3258 724/406/3259
f 724/406/3259 829/406/3258 828/406/3260 725/406/3261
f 725/406/3261 828/406/3260 827/406/3223 726/406/3201
f 635/406/3262 634/406/3263 826/406/3264 691/406/3265
f 691/406/3265 826/406/3264 825/406/3266 690/406/3267
f 690/406/3267 825/406/3266 824/406/3268 689/406/3269
f 689/406/3269 824/406/3268 823/406/3270 688/406/3271
f 688/406/3271 823/406/3270 822/406/3272 687/406/3273
f 687/406/3273 822/406/3272 821/406/3274 686/406/3275
f 686/406/3275 821/406/3274 820/406/3276 685/406/3277
f 685/406/3277 820/406/3276 819/406/3278 684/406/3279
f 684/406/3279 819/406/3278 818/406/3280 683/406/3281
f 683/406/3281 818/406/3280 817/406/3221 682/406/3194
f 642/406/3243 641/406/3282 816/406/3283 836/406/3244
f 836/406/3244 816/406/3283 815/406/3284 835/406/3246
f 835/406/3246 815/406/3284 814/406/3285 834/406/3248
f 834/406/3248 814/406/3285 813/406/3286 833/406/3250
f 833/406/3250 813/406/3286 812/406/3287 832/406/3252
f 832/406/3252 812/406/3287 811/406/3288 831/406/3254
f 831/406/3254 811/406/3288 810/406/3289 830/406/3256
f 830/406/3256 810/406/3289 809/406/3290 829/406/3258
f 829/406/3258 809/406/3290 808/406/3291 828/406/3260
f 828/406/3260 808/406/3291 807/406/3219 827/406/3223
f 634/406/3263 633/406/3292 806/406/3293 826/406/3264
f 826/406/3264 806/406/3293 805/406/3294 825/406/3266
f 825/406/3266 805/406/3294 804/406/3295 824/406/3268
f 824/406/3268 804/406/3295 803/406/3296 823/406/3270
f 823/406/3270 803/406/3296 802/406/3297 822/406/3272
f 822/406/3272 802/406/3297 801/406/3298 821/406/3274
f 821/406/3274 801/406/3298 800/406/3299 820/406/3276
f 820/406/3276 800/406/3299 799/406/3300 819/406/3278
f 819/406/3278 799/406/3300 798/406/3301 818/406/3280
f 818/406/3280 798/406/3301 797/406/3217 817/406/3221
f 641/406/3282 640/406/3302 796/406/3303 816/406/3283
f 816/406/3283 796/406/3303 795/406/3304 815/406/3284
f 815/406/3284 795/406/3304 794/406/3305 814/406/3285
f 814/406/3285 794/406/3305 793/406/3306 813/406/3286
f 813/406/3286 793/406/3306 792/406/3307 812/406/3287
f 812/406/3287 792/406/3307 791/406/3308 811/406/3288
f 811/406/3288 791/406/3308 790/406/3309 810/406/3289
f 810/406/3289 790/406/3309 789/406/3310 809/406/3290
f 809/406/3290 789/406/3310 788/406/3311 808/406/3291
f 808/406/3291 788/406/3311 787/406/3215 807/406/3219
f 633/406/3292 632/406/3312 786/406/3313 806/406/3293
f 806/406/3293 786/406/3313 785/406/3314 805/406/3294
f 805/406/3294 785/406/3314 784/406/3315 804/406/3295
f 804/406/3295 784/406/3315 783/406/3316 803/406/3296
f 803/406/3296 783/406/3316 782/406/3317 802/406/3297
f 802/406/3297 782/406/3317 781/406/3318 801/406/3298
f 801/406/3298 781/406/3318 780/406/3319 800/406/3299
f 800/406/3299 780/406/3319 779/406/3320 799/406/3300
f 799/406/3300 779/406/3320 778/406/3321 798/406/3301
f 798/406/3301 778/406/3321 777/406/3213 797/406/3217
f 640/406/3302 639/406/3322 776/406/3323 796/406/3303
f 796/406/3303 776/406/3323 775/406/3324 795/406/3304
f 795/406/3304 775/406/3324 774/406/3325 794/406/3305
f 794/406/3305 774/406/3325 773/406/3326 793/406/3306
f 793/406/3306 773/406/3326 772/406/3327 792/406/3307
f 792/406/3307 772/406/3327 771/406/3328 791/406/3308
f 791/406/3308 771/406/3328 770/406/3329 790/406/3309
f 790/406/3309 770/406/3329 769/406/3330 789/406/3310
f 789/406/3310 769/406/3330 768/406/3331 788/406/3311
f 788/406/3311 768/406/3331 767/406/3211 787/406/3215
f 632/406/3312 631/406/3332 766/406/3333 786/406/3313
f 786/406/3313 766/406/3333 765/406/3334 785/406/3314
f 785/406/3314 765/406/3334 764/406/3335 784/406/3315
f 784/406/3315 764/406/3335 763/406/3336 783/406/3316
f 783/406/3316 763/406/3336 762/406/3337 782/406/3317
f 782/406/3317 762/406/3337 761/406/3338 781/406/3318
f 781/406/3318 761/406/3338 760/406/3339 780/406/3319
f 780/406/3319 760/406/3339 759/406/3340 779/406/3320
f 779/406/3320 759/406/3340 758/406/3341 778/406/3321
f 778/406/3321 758/406/3341 757/406/3209 777/406/3213
f 639/406/3322 638/406/3342 756/406/3343 776/406/3323
f 776/406/3323 756/406/3343 755/406/3344 775/406/3324
f 775/406/3324 755/406/3344 754/406/3345 774/406/3325
f 774/406/3325 754/406/3345 753/406/3346 773/406/3326
f 773/406/3326 753/406/3346 752/406/3347 772/406/3327
f 772/406/3327 752/406/3347 751/406/3348 771/406/3328
f 771/406/3328 751/406/3348 750/406/3349 770/406/3329
f 770/406/3329 750/406/3349 749/406/3350 769/406/3330
f 769/406/3330 749/406/3350 748/406/3351 768/406/3331
f 768/406/3331 748/406/3351 747/406/3207 767/406/3211
f 631/406/3332 630/406/3352 746/406/3353 766/406/3333
f 766/406/3333 746/406/3353 745/406/3354 765/406/3334
f 765/406/3334 745/406/3354 744/406/3355 764/406/3335
f 764/406/3335 744/406/3355 743/406/3356 763/406/3336
f 763/406/3336 743/406/3356 742/406/3357 762/406/3337
f 762/406/3337 742/406/3357 741/406/3358 761/406/3338
f 761/406/3338 741/406/3358 740/406/3359 760/406/3339
f 760/406/3339 740/406/3359 739/406/3360 759/406/3340
f 759/406/3340 739/406/3360 738/406/3361 758/406/3341
f 758/406/3341 738/406/3361 737/406/3205 757/406/3209
f 638/406/3342 637/406/3362 736/406/3363 756/406/3343
f 756/406/3343 736/406/3363 735/406/3364 755/406/3344
f 755/406/3344 735/406/3364 734/406/3365 754/406/3345
f 754/406/3345 734/406/3365 733/406/3366 753/406/3346
f 753/406/3346 733/406/3366 732/406/3367 752/406/3347
f 752/406/3347 732/406/3367 731/406/3368 751/406/3348
f 751/406/3348 731/406/3368 730/406/3369 750/406/3349
f 750/406/3349 730/406/3369 729/406/3370 749/406/3350
f 749/406/3350 729/406/3370 728/406/3371 748/406/3351
f 748/406/3351 728/406/3371 727/406/3203 747/406/3207
f 630/406/3352 629/406/3372 716/406/3373 746/406/3353
f 746/406/3353 716/406/3373 715/406/3374 745/406/3354
f 745/406/3354 715/406/3374 714/406/3375 744/406/3355
f 744/406/3355 714/406/3375 713/406/3376 743/406/3356
f 743/406/3356 713/406/3376 712/406/3377 742/406/3357
f 742/406/3357 712/406/3377 711/406/3378 741/406/3358
f 741/406/3358 711/406/3378 710/406/3379 740/406/3359
f 740/406/3359 710/406/3379 709/406/3380 739/406/3360
f 739/406/3360 709/406/3380 708/406/3381 738/406/3361
f 738/406/3361 708/406/3381 707/406/3197 737/406/3205
f 637/406/3362 636/406/3382 696/406/3383 736/406/3363
f 736/406/3363 696/406/3383 695/406/3384 735/406/3364
f 735/406/3364 695/406/3384 694/406/3385 734/406/3365
f 734/406/3365 694/406/3385 693/406/3386 733/406/3366
f 733/406/3366 693/406/3386 692/406/3387 732/406/3367
f 732/406/3367 692/406/3387 677/406/3388 731/406/3368
f 731/406/3368 677/406/3388 678/406/3389 730/406/3369
f 730/406/3369 678/406/3389 679/406/3390 729/406/3370
f 729/406/3370 679/406/3390 680/406/3391 728/406/3371
f 728/406/3371 680/406/3391 681/406/3193 727/406/3203
f 628/406/3392 643/406/3242 717/406/3245 697/406/3393
f 697/406/3393 717/406/3245 718/406/3247 698/406/3394
f 698/406/3394 718/406/3247 719/406/3249 699/406/3395
f 699/406/3395 719/406/3249 720/406/3251 700/406/3396
f 700/406/3396 720/406/3251 721/406/3253 701/406/3397
f 701/406/3397 721/406/3253 722/406/3255 702/406/3398
f 702/406/3398 722/406/3255 723/406/3257 703/406/3399
f 703/406/3399 723/406/3257 724/406/3259 704/406/3400
f 704/406/3400 724/406/3259 725/406/3261 705/406/3401
f 705/406/3401 725/406/3261 726/406/3201 706/406/3198
f 629/406/3372 628/406/3392 697/406/3393 716/406/3373
f 716/406/3373 697/406/3393 698/406/3394 715/406/3374
f 715/406/3374 698/406/3394 699/406/3395 714/406/3375
f 714/406/3375 699/406/3395 700/406/3396 713/406/3376
f 713/406/3376 700/406/3396 701/406/3397 712/406/3377
f 712/406/3377 701/406/3397 702/406/3398 711/406/3378
f 711/406/3378 702/406/3398 703/406/3399 710/406/3379
f 710/406/3379 703/406/3399 704/406/3400 709/406/3380
f 709/406/3380 704/406/3400 705/406/3401 708/406/3381
f 708/406/3381 705/406/3401 706/406/3198 707/406/3197
f 636/406/3382 635/406/3262 691/406/3265 696/406/3383
f 696/406/3383 691/406/3265 690/406/3267 695/406/3384
f 695/406/3384 690/406/3267 689/406/3269 694/406/3385
f 694/406/3385 689/406/3269 688/406/3271 693/406/3386
f 693/406/3386 688/406/3271 687/406/3273 692/406/3387
f 692/406/3387 687/406/3273 686/406/3275 677/406/3388
f 677/406/3388 686/406/3275 685/406/3277 678/406/3389
f 678/406/3389 685/406/3277 684/406/3279 679/406/3390
f 679/406/3390 684/406/3279 683/406/3281 680/406/3391
f 680/406/3391 683/406/3281 682/406/3194 681/406/3193
f 890/406/3402 891/406/3403 860/406/3404 861/406/3405
f 916/406/3406 915/406/3407 853/406/3408 854/406/3409
f 915/406/3407 935/406/3410 868/406/3411 853/406/3408
f 936/406/3412 890/406/3402 861/406/3405 862/406/3413
f 946/406/3414 916/406/3406 854/406/3409 855/406/3415
f 956/406/3416 936/406/3412 862/406/3413 863/406/3417
f 966/406/3418 946/406/3414 855/406/3415 856/406/3419
f 976/406/3420 956/406/3416 863/406/3417 864/406/3421
f 986/406/3422 966/406/3418 856/406/3419 857/406/3423
f 996/406/3424 976/406/3420 864/406/3421 865/406/3425
f 1006/406/3426 986/406/3422 857/406/3423 858/406/3427
f 1016/406/3428 996/406/3424 865/406/3425 866/406/3429
f 1026/406/3430 1006/406/3426 858/406/3427 859/406/3431
f 1036/406/3432 1016/406/3428 866/406/3429 867/406/3433
f 891/406/3403 1026/406/3430 859/406/3431 860/406/3404
f 935/406/3410 1036/406/3432 867/406/3433 868/406/3411
f 867/406/3433 866/406/3429 882/406/3434 883/406/3435
f 860/406/3404 859/406/3431 875/406/3436 876/406/3437
f 868/406/3411 867/406/3433 883/406/3435 884/406/3438
f 861/406/3405 860/406/3404 876/406/3437 877/406/3439
f 854/406/3409 853/406/3408 869/406/3440 870/406/3441
f 853/406/3408 868/406/3411 884/406/3438 869/406/3440
f 862/406/3413 861/406/3405 877/406/3439 878/406/3442
f 855/406/3415 854/406/3409 870/406/3441 871/406/3443
f 863/406/3417 862/406/3413 878/406/3442 879/406/3444
f 856/406/3419 855/406/3415 871/406/3443 872/406/3445
f 864/406/3421 863/406/3417 879/406/3444 880/406/3446
f 857/406/3423 856/406/3419 872/406/3445 873/406/3447
f 865/406/3425 864/406/3421 880/406/3446 881/406/3448
f 858/406/3427 857/406/3423 873/406/3447 874/406/3449
f 866/406/3429 865/406/3425 881/406/3448 882/406/3434
f 859/406/3431 858/406/3427 874/406/3449 875/406/3436
f 881/406/3448 880/406/3446 885/406/3450
f 874/406/3449 873/406/3447 885/406/3450
f 882/406/3434 881/406/3448 885/406/3450
f 875/406/3436 874/406/3449 885/406/3450
f 883/406/3435 882/406/3434 885/406/3450
f 876/406/3437 875/406/3436 885/406/3450
f 884/406/3438 883/406/3435 885/406/3450
f 877/406/3439 876/406/3437 885/406/3450
f 870/406/3441 869/406/3440 885/406/3450
f 869/406/3440 884/406/3438 885/406/3450
f 878/406/3442 877/406/3439 885/406/3450
f 871/406/3443 870/406/3441 885/406/3450
f 879/406/3444 878/406/3442 885/406/3450
f 872/406/3445 871/406/3443 885/406/3450
f 880/406/3446 879/406/3444 885/406/3450
f 873/406/3447 872/406/3445 885/406/3450
f 852/406/3451 851/406/3452 1045/406/3453 926/406/3454
f 926/406/3454 1045/406/3453 1044/406/3455 927/406/3456
f 927/406/3456 1044/406/3455 1043/406/3457 928/406/3458
f 928/406/3458 1043/406/3457 1042/406/3459 929/406/3460
f 929/406/3460 1042/406/3459 1041/406/3461 930/406/3462
f 930/406/3462 1041/406/3461 1040/406/3463 931/406/3464
f 931/406/3464 1040/406/3463 1039/406/3465 932/406/3466
f 932/406/3466 1039/406/3465 1038/406/3467 933/406/3468
f 933/406/3468 1038/406/3467 1037/406/3469 934/406/3470
f 934/406/3470 1037/406/3469 1036/406/3432 935/406/3410
f 844/406/3471 843/406/3472 1035/406/3473 900/406/3474
f 900/406/3474 1035/406/3473 1034/406/3475 899/406/3476
f 899/406/3476 1034/406/3475 1033/406/3477 898/406/3478
f 898/406/3478 1033/406/3477 1032/406/3479 897/406/3480
f 897/406/3480 1032/406/3479 1031/406/3481 896/406/3482
f 896/406/3482 1031/406/3481 1030/406/3483 895/406/3484
f 895/406/3484 1030/406/3483 1029/406/3485 894/406/3486
f 894/406/3486 1029/406/3485 1028/406/3487 893/406/3488
f 893/406/3488 1028/406/3487 1027/406/3489 892/406/3490
f 892/406/3490 1027/406/3489 1026/406/3430 891/406/3403
f 851/406/3452 850/406/3491 1025/406/3492 1045/406/3453
f 1045/406/3453 1025/406/3492 1024/406/3493 1044/406/3455
f 1044/406/3455 1024/406/3493 1023/406/3494 1043/406/3457
f 1043/406/3457 1023/406/3494 1022/406/3495 1042/406/3459
f 1042/406/3459 1022/406/3495 1021/406/3496 1041/406/3461
f 1041/406/3461 1021/406/3496 1020/406/3497 1040/406/3463
f 1040/406/3463 1020/406/3497 1019/406/3498 1039/406/3465
f 1039/406/3465 1019/406/3498 1018/406/3499 1038/406/3467
f 1038/406/3467 1018/406/3499 1017/406/3500 1037/406/3469
f 1037/406/3469 1017/406/3500 1016/406/3428 1036/406/3432
f 843/406/3472 842/406/3501 1015/406/3502 1035/406/3473
f 1035/406/3473 1015/406/3502 1014/406/3503 1034/406/3475
f 1034/406/3475 1014/406/3503 1013/406/3504 1033/406/3477
f 1033/406/3477 1013/406/3504 1012/406/3505 1032/406/3479
f 1032/406/3479 1012/406/3505 1011/406/3506 1031/406/3481
f 1031/406/3481 1011/406/3506 1010/406/3507 1030/406/3483
f 1030/406/3483 1010/406/3507 1009/406/3508 1029/406/3485
f 1029/406/3485 1009/406/3508 1008/406/3509 1028/406/3487
f 1028/406/3487 1008/406/3509 1007/406/3510 1027/406/3489
f 1027/406/3489 1007/406/3510 1006/406/3426 1026/406/3430
f 850/406/3491 849/406/3511 1005/406/3512 1025/406/3492
f 1025/406/3492 1005/406/3512 1004/406/3513 1024/406/3493
f 1024/406/3493 1004/406/3513 1003/406/3514 1023/406/3494
f 1023/406/3494 1003/406/3514 1002/406/3515 1022/406/3495
f 1022/406/3495 1002/406/3515 1001/406/3516 1021/406/3496
f 1021/406/3496 1001/406/3516 1000/406/3517 1020/406/3497
f 1020/406/3497 1000/406/3517 999/406/3518 1019/406/3498
f 1019/406/3498 999/406/3518 998/406/3519 1018/406/3499
f 1018/406/3499 998/406/3519 997/406/3520 1017/406/3500
f 1017/406/3500 997/406/3520 996/406/3424 1016/406/3428
f 842/406/3501 841/406/3521 995/406/3522 1015/406/3502
f 1015/406/3502 995/406/3522 994/406/3523 1014/406/3503
f 1014/406/3503 994/406/3523 993/406/3524 1013/406/3504
f 1013/406/3504 993/406/3524 992/406/3525 1012/406/3505
f 1012/406/3505 992/406/3525 991/406/3526 1011/406/3506
f 1011/406/3506 991/406/3526 990/406/3527 1010/406/3507
f 1010/406/3507 990/406/3527 989/406/3528 1009/406/3508
f 1009/406/3508 989/406/3528 988/406/3529 1008/406/3509
f 1008/406/3509 988/406/3529 987/406/3530 1007/406/3510
f 1007/406/3510 987/406/3530 986/406/3422 1006/406/3426
f 849/406/3511 848/406/3531 985/406/3532 1005/406/3512
f 1005/406/3512 985/406/3532 984/406/3533 1004/406/3513
f 1004/406/3513 984/406/3533 983/406/3534 1003/406/3514
f 1003/406/3514 983/406/3534 982/406/3535 1002/406/3515
f 1002/406/3515 982/406/3535 981/406/3536 1001/406/3516
f 1001/406/3516 981/406/3536 980/406/3537 1000/406/3517
f 1000/406/3517 980/406/3537 979/406/3538 999/406/3518
f 999/406/3518 979/406/3538 978/406/3539 998/406/3519
f 998/406/3519 978/406/3539 977/406/3540 997/406/3520
f 997/406/3520 977/406/3540 976/406/3420 996/406/3424
f 841/406/3521 840/406/3541 975/406/3542 995/406/3522
f 995/406/3522 975/406/3542 974/406/3543 994/406/3523
f 994/406/3523 974/406/3543 973/406/3544 993/406/3524
f 993/406/3524 973/406/3544 972/406/3545 992/406/3525
f 992/406/3525 972/406/3545 971/406/3546 991/406/3526
f 991/406/3526 971/406/3546 970/406/3547 990/406/3527
f 990/406/3527 970/406/3547 969/406/3548 989/406/3528
f 989/406/3528 969/406/3548 968/406/3549 988/406/3529
f 988/406/3529 968/406/3549 967/406/3550 987/406/3530
f 987/406/3530 967/406/3550 966/406/3418 986/406/3422
f 848/406/3531 847/406/3551 965/406/3552 985/406/3532
f 985/406/3532 965/406/3552 964/406/3553 984/406/3533
f 984/406/3533 964/406/3553 963/406/3554 983/406/3534
f 983/406/3534 963/406/3554 962/406/3555 982/406/3535
f 982/406/3535 962/406/3555 961/406/3556 981/406/3536
f 981/406/3536 961/406/3556 960/406/3557 980/406/3537
f 980/406/3537 960/406/3557 959/406/3558 979/406/3538
f 979/406/3538 959/406/3558 958/406/3559 978/406/3539
f 978/406/3539 958/406/3559 957/406/3560 977/406/3540
f 977/406/3540 957/406/3560 956/406/3416 976/406/3420
f 840/406/3541 839/406/3561 955/406/3562 975/406/3542
f 975/406/3542 955/406/3562 954/406/3563 974/406/3543
f 974/406/3543 954/406/3563 953/406/3564 973/406/3544
f 973/406/3544 953/406/3564 952/406/3565 972/406/3545
f 972/406/3545 952/406/3565 951/406/3566 971/406/3546
f 971/406/3546 951/406/3566 950/406/3567 970/406/3547
f 970/406/3547 950/406/3567 949/406/3568 969/406/3548
f 969/406/3548 949/406/3568 948/406/3569 968/406/3549
f 968/406/3549 948/406/3569 947/406/3570 967/406/3550
f 967/406/3550 947/406/3570 946/406/3414 966/406/3418
f 847/406/3551 846/406/3571 945/406/3572 965/406/3552
f 965/406/3552 945/406/3572 944/406/3573 964/406/3553
f 964/406/3553 944/406/3573 943/406/3574 963/406/3554
f 963/406/3554 943/406/3574 942/406/3575 962/406/3555
f 962/406/3555 942/406/3575 941/406/3576 961/406/3556
f 961/406/3556 941/406/3576 940/406/3577 960/406/3557
f 960/406/3557 940/406/3577 939/406/3578 959/406/3558
f 959/406/3558 939/406/3578 938/406/3579 958/406/3559
f 958/406/3559 938/406/3579 937/406/3580 957/406/3560
f 957/406/3560 937/406/3580 936/406/3412 956/406/3416
f 839/406/3561 838/406/3581 925/406/3582 955/406/3562
f 955/406/3562 925/406/3582 924/406/3583 954/406/3563
f 954/406/3563 924/406/3583 923/406/3584 953/406/3564
f 953/406/3564 923/406/3584 922/406/3585 952/406/3565
f 952/406/3565 922/406/3585 921/406/3586 951/406/3566
f 951/406/3566 921/406/3586 920/406/3587 950/406/3567
f 950/406/3567 920/406/3587 919/406/3588 949/406/3568
f 949/406/3568 919/406/3588 918/406/3589 948/406/3569
f 948/406/3569 918/406/3589 917/406/3590 947/406/3570
f 947/406/3570 917/406/3590 916/406/3406 946/406/3414
f 846/406/3571 845/406/3591 905/406/3592 945/406/3572
f 945/406/3572 905/406/3592 904/406/3593 944/406/3573
f 944/406/3573 904/406/3593 903/406/3594 943/406/3574
f 943/406/3574 903/406/3594 902/406/3595 942/406/3575
f 942/406/3575 902/406/3595 901/406/3596 941/406/3576
f 941/406/3576 901/406/3596 886/406/3597 940/406/3577
f 940/406/3577 886/406/3597 887/406/3598 939/406/3578
f 939/406/3578 887/406/3598 888/406/3599 938/406/3579
f 938/406/3579 888/406/3599 889/406/3600 937/406/3580
f 937/406/3580 889/406/3600 890/406/3402 936/406/3412
f 837/406/3601 852/406/3451 926/406/3454 906/406/3602
f 906/406/3602 926/406/3454 927/406/3456 907/406/3603
f 907/406/3603 927/406/3456 928/406/3458 908/406/3604
f 908/406/3604 928/406/3458 929/406/3460 909/406/3605
f 909/406/3605 929/406/3460 930/406/3462 910/406/3606
f 910/406/3606 930/406/3462 931/406/3464 911/406/3607
f 911/406/3607 931/406/3464 932/406/3466 912/406/3608
f 912/406/3608 932/406/3466 933/406/3468 913/406/3609
f 913/406/3609 933/406/3468 934/406/3470 914/406/3610
f 914/406/3610 934/406/3470 935/406/3410 915/406/3407
f 838/406/3581 837/406/3601 906/406/3602 925/406/3582
f 925/406/3582 906/406/3602 907/406/3603 924/406/3583
f 924/406/3583 907/406/3603 908/406/3604 923/406/3584
f 923/406/3584 908/406/3604 909/406/3605 922/406/3585
f 922/406/3585 909/406/3605 910/406/3606 921/406/3586
f 921/406/3586 910/406/3606 911/406/3607 920/406/3587
f 920/406/3587 911/406/3607 912/406/3608 919/406/3588
f 919/406/3588 912/406/3608 913/406/3609 918/406/3589
f 918/406/3589 913/406/3609 914/406/3610 917/406/3590
f 917/406/3590 914/406/3610 915/406/3407 916/406/3406
f 845/406/3591 844/406/3471 900/406/3474 905/406/3592
f 905/406/3592 900/406/3474 899/406/3476 904/406/3593
f 904/406/3593 899/406/3476 898/406/3478 903/406/3594
f 903/406/3594 898/406/3478 897/406/3480 902/406/3595
f 902/406/3595 897/406/3480 896/406/3482 901/406/3596
f 901/406/3596 896/406/3482 895/406/3484 886/406/3597
f 886/406/3597 895/406/3484 894/406/3486 887/406/3598
f 887/406/3598 894/406/3486 893/406/3488 888/406/3599
f 888/406/3599 893/406/3488 892/406/3490 889/406/3600
f 889/406/3600 892/406/3490 891/406/3403 890/406/3402
f 1099/406/3611 1100/406/3612 1069/406/3613 1070/406/3614
f 1125/406/3615 1124/406/3616 1062/406/3617 1063/406/3618
f 1124/406/3616 1144/406/3619 1077/406/3620 1062/406/3617
f 1145/406/3621 1099/406/3611 1070/406/3614 1071/406/3622
f 1155/406/3623 1125/406/3615 1063/406/3618 1064/406/3624
f 1165/406/3625 1145/406/3621 1071/406/3622 1072/406/3626
f 1175/406/3627 1155/406/3623 1064/406/3624 1065/406/3628
f 1185/406/3629 1165/406/3625 1072/406/3626 1073/406/3630
f 1195/406/3631 1175/406/3627 1065/406/3628 1066/406/3632
f 1205/406/3633 1185/406/3629 1073/406/3630 1074/406/3634
f 1215/406/3635 1195/406/3631 1066/406/3632 1067/406/3636
f 1225/406/3637 1205/406/3633 1074/406/3634 1075/406/3638
f 1235/406/3639 1215/406/3635 1067/406/3636 1068/406/3640
f 1245/406/3641 1225/406/3637 1075/406/3638 1076/406/3642
f 1100/406/3612 1235/406/3639 1068/406/3640 1069/406/3613
f 1144/406/3619 1245/406/3641 1076/406/3642 1077/406/3620
f 1076/406/3642 1075/406/3638 1091/406/3643 1092/406/3644
f 1069/406/3613 1068/406/3640 1084/406/3645 1085/406/3646
f 1077/406/3620 1076/406/3642 1092/406/3644 1093/406/3647
f 1070/406/3614 1069/406/3613 1085/406/3646 1086/406/3648
f 1063/406/3618 1062/406/3617 1078/406/3649 1079/406/3650
f 1062/406/3617 1077/406/3620 1093/406/3647 1078/406/3649
f 1071/406/3622 1070/406/3614 1086/406/3648 1087/406/3651
f 1064/406/3624 1063/406/3618 1079/406/3650 1080/406/3652
f 1072/406/3626 1071/406/3622 1087/406/3651 1088/406/3653
f 1065/406/3628 1064/406/3624 1080/406/3652 1081/406/3654
f 1073/406/3630 1072/406/3626 1088/406/3653 1089/406/3655
f 1066/406/3632 1065/406/3628 1081/406/3654 1082/406/3656
f 1074/406/3634 1073/406/3630 1089/406/3655 1090/406/3657
f 1067/406/3636 1066/406/3632 1082/406/3656 1083/406/3658
f 1075/406/3638 1074/406/3634 1090/406/3657 1091/406/3643
f 1068/406/3640 1067/406/3636 1083/406/3658 1084/406/3645
f 1090/406/3657 1089/406/3655 1094/406/3659
f 1083/406/3658 1082/406/3656 1094/406/3659
f 1091/406/3643 1090/406/3657 1094/406/3659
f 1084/406/3645 1083/406/3658 1094/406/3659
f 1092/406/3644 1091/406/3643 1094/406/3659
f 1085/406/3646 1084/406/3645 1094/406/3659
f 1093/406/3647 1092/406/3644 1094/406/3659
f 1086/406/3648 1085/406/3646 1094/406/3659
f 1079/406/3650 1078/406/3649 1094/406/3659
f 1078/406/3649 1093/406/3647 1094/406/3659
f 1087/406/3651 1086/406/3648 1094/406/3659
f 1080/406/3652 1079/406/3650 1094/406/3659
f 1088/406/3653 1087/406/3651 1094/406/3659
f 1081/406/3654 1080/406/3652 1094/406/3659
f 1089/406/3655 1088/406/3653 1094/406/3659
f 1082/406/3656 1081/406/3654 1094/406/3659
f 1061/406/3660 1060/406/3661 1254/406/3662 1135/406/3663
f 1135/406/3663 1254/406/3662 1253/406/3664 1136/406/3665
f 1136/406/3665 1253/406/3664 1252/406/3666 1137/406/3667
f 1137/406/3667 1252/406/3666 1251/406/3668 1138/406/3669
f 1138/406/3669 1251/406/3668 1250/406/3670 1139/406/3671
f 1139/406/3671 1250/406/3670 1249/406/3672 1140/406/3673
f 1140/406/3673 1249/406/3672 1248/406/3674 1141/406/3675
f 1141/406/3675 1248/406/3674 1247/406/3676 1142/406/3677
f 1142/406/3677 1247/406/3676 1246/406/3678 1143/406/3679
f 1143/406/3679 1246/406/3678 1245/406/3641 1144/406/3619
f 1053/406/3680 1052/406/3681 1244/406/3682 1109/406/3683
f 1109/406/3683 1244/406/3682 1243/406/3684 1108/406/3685
f 1108/406/3685 1243/406/3684 1242/406/3686 1107/406/3687
f 1107/406/3687 1242/406/3686 1241/406/3688 1106/406/3689
f 1106/406/3689 1241/406/3688 1240/406/3690 1105/406/3691
f 1105/406/3691 1240/406/3690 1239/406/3692 1104/406/3693
f 1104/406/3693 1239/406/3692 1238/406/3694 1103/406/3695
f 1103/406/3695 1238/406/3694 1237/406/3696 1102/406/3697
f 1102/406/3697 1237/406/3696 1236/406/3698 1101/406/3699
f 1101/406/3699 1236/406/3698 1235/406/3639 1100/406/3612
f 1060/406/3661 1059/406/3700 1234/406/3701 1254/406/3662
f 1254/406/3662 1234/406/3701 1233/406/3702 1253/406/3664
f 1253/406/3664 1233/406/3702 1232/406/3703 1252/406/3666
f 1252/406/3666 1232/406/3703 1231/406/3704 1251/406/3668
f 1251/406/3668 1231/406/3704 1230/406/3705 1250/406/3670
f 1250/406/3670 1230/406/3705 1229/406/3706 1249/406/3672
f 1249/406/3672 1229/406/3706 1228/406/3707 1248/406/3674
f 1248/406/3674 1228/406/3707 1227/406/3708 1247/406/3676
f 1247/406/3676 1227/406/3708 1226/406/3709 1246/406/3678
f 1246/406/3678 1226/406/3709 1225/406/3637 1245/406/3641
f 1052/406/3681 1051/406/3710 1224/406/3711 1244/406/3682
f 1244/406/3682 1224/406/3711 1223/406/3712 1243/406/3684
f 1243/406/3684 1223/406/3712 1222/406/3713 1242/406/3686
f 1242/406/3686 1222/406/3713 1221/406/3714 1241/406/3688
f 1241/406/3688 1221/406/3714 1220/406/3715 1240/406/3690
f 1240/406/3690 1220/406/3715 1219/406/3716 1239/406/3692
f 1239/406/3692 1219/406/3716 1218/406/3717 1238/406/3694
f 1238/406/3694 1218/406/3717 1217/406/3718 1237/406/3696
f 1237/406/3696 1217/406/3718 1216/406/3719 1236/406/3698
f 1236/406/3698 1216/406/3719 1215/406/3635 1235/406/3639
f 1059/406/3700 1058/406/3720 1214/406/3721 1234/406/3701
f 1234/406/3701 1214/406/3721 1213/406/3722 1233/406/3702
f 1233/406/3702 1213/406/3722 1212/406/3723 1232/406/3703
f 1232/406/3703 1212/406/3723 1211/406/3724 1231/406/3704
f 1231/406/3704 1211/406/3724 1210/406/3725 1230/406/3705
f 1230/406/3705 1210/406/3725 1209/406/3726 1229/406/3706
f 1229/406/3706 1209/406/3726 1208/406/3727 1228/406/3707
f 1228/406/3707 1208/406/3727 1207/406/3728 1227/406/3708
f 1227/406/3708 1207/406/3728 1206/406/3729 1226/406/3709
f 1226/406/3709 1206/406/3729 1205/406/3633 1225/406/3637
f 1051/406/3710 1050/406/3730 1204/406/3731 1224/406/3711
f 1224/406/3711 1204/406/3731 1203/406/3732 1223/406/3712
f 1223/406/3712 1203/406/3732 1202/406/3733 1222/406/3713
f 1222/406/3713 1202/406/3733 1201/406/3734 1221/406/3714
f 1221/406/3714 1201/406/3734 1200/406/3735 1220/406/3715
f 1220/406/3715 1200/406/3735 1199/406/3736 1219/406/3716
f 1219/406/3716 1199/406/3736 1198/406/3737 1218/406/3717
f 1218/406/3717 1198/406/3737 1197/406/3738 1217/406/3718
f 1217/406/3718 1197/406/3738 1196/406/3739 1216/406/3719
f 1216/406/3719 1196/406/3739 1195/406/3631 1215/406/3635
f 1058/406/3720 1057/406/3740 1194/406/3741 1214/406/3721
f 1214/406/3721 1194/406/3741 1193/406/3742 1213/406/3722
f 1213/406/3722 1193/406/3742 1192/406/3743 1212/406/3723
f 1212/406/3723 1192/406/3743 1191/406/3744 1211/406/3724
f 1211/406/3724 1191/406/3744 1190/406/3745 1210/406/3725
f 1210/406/3725 1190/406/3745 1189/406/3746 1209/406/3726
f 1209/406/3726 1189/406/3746 1188/406/3747 1208/406/3727
f 1208/406/3727 1188/406/3747 1187/406/3748 1207/406/3728
f 1207/406/3728 1187/406/3748 1186/406/3749 1206/406/3729
f 1206/406/3729 1186/406/3749 1185/406/3629 1205/406/3633
f 1050/406/3730 1049/406/3750 1184/406/3751 1204/406/3731
f 1204/406/3731 1184/406/3751 1183/406/3752 1203/406/3732
f 1203/406/3732 1183/406/3752 1182/406/3753 1202/406/3733
f 1202/406/3733 1182/406/3753 1181/406/3754 1201/406/3734
f 1201/406/3734 1181/406/3754 1180/406/3755 1200/406/3735
f 1200/406/3735 1180/406/3755 1179/406/3756 1199/406/3736
f 1199/406/3736 1179/406/3756 1178/406/3757 1198/406/3737
f 1198/406/3737 1178/406/3757 1177/406/3758 1197/406/3738
f 1197/406/3738 1177/406/3758 1176/406/3759 1196/406/3739
f 1196/406/3739 1176/406/3759 1175/406/3627 1195/406/3631
f 1057/406/3740 1056/406/3760 1174/406/3761 1194/406/3741
f 1194/406/3741 1174/406/3761 1173/406/3762 1193/406/3742
f 1193/406/3742 1173/406/3762 1172/406/3763 1192/406/3743
f 1192/406/3743 1172/406/3763 1171/406/3764 1191/406/3744
f 1191/406/3744 1171/406/3764 1170/406/3765 1190/406/3745
f 1190/406/3745 1170/406/3765 1169/406/3766 1189/406/3746
f 1189/406/3746 1169/406/3766 1168/406/3767 1188/406/3747
f 1188/406/3747 1168/406/3767 1167/406/3768 1187/406/3748
f 1187/406/3748 1167/406/3768 1166/406/3769 1186/406/3749
f 1186/406/3749 1166/406/3769 1165/406/3625 1185/406/3629
f 1049/406/3750 1048/406/3770 1164/406/3771 1184/406/3751
f 1184/406/3751 1164/406/3771 1163/406/3772 1183/406/3752
f 1183/406/3752 1163/406/3772 1162/406/3773 1182/406/3753
f 1182/406/3753 1162/406/3773 1161/406/3774 1181/406/3754
f 1181/406/3754 1161/406/3774 1160/406/3775 1180/406/3755
f 1180/406/3755 1160/406/3775 1159/406/3776 1179/406/3756
f 1179/406/3756 1159/406/3776 1158/406/3777 1178/406/3757
f 1178/406/3757 1158/406/3777 1157/406/3778 1177/406/3758
f 1177/406/3758 1157/406/3778 1156/406/3779 1176/406/3759
f 1176/406/3759 1156/406/3779 1155/406/3623 1175/406/3627
f 1056/406/3760 1055/406/3780 1154/406/3781 1174/406/3761
f 1174/406/3761 1154/406/3781 1153/406/3782 1173/406/3762
f 1173/406/3762 1153/406/3782 1152/406/3783 1172/406/3763
f 1172/406/3763 1152/406/3783 1151/406/3784 1171/406/3764
f 1171/406/3764 1151/406/3784 1150/406/3785 1170/406/3765
f 1170/406/3765 1150/406/3785 1149/406/3786 1169/406/3766
f 1169/406/3766 1149/406/3786 1148/406/3787 1168/406/3767
f 1168/406/3767 1148/406/3787 1147/406/3788 1167/406/3768
f 1167/406/3768 1147/406/3788 1146/406/3789 1166/406/3769
f 1166/406/3769 1146/406/3789 1145/406/3621 1165/406/3625
f 1048/406/3770 1047/406/3790 1134/406/3791 1164/406/3771
f 1164/406/3771 1134/406/3791 1133/406/3792 1163/406/3772
f 1163/406/3772 1133/406/3792 1132/406/3793 1162/406/3773
f 1162/406/3773 1132/406/3793 1131/406/3794 1161/406/3774
f 1161/406/3774 1131/406/3794 1130/406/3795 1160/406/3775
f 1160/406/3775 1130/406/3795 1129/406/3796 1159/406/3776
f 1159/406/3776 1129/406/3796 1128/406/3797 1158/406/3777
f 1158/406/3777 1128/406/3797 1127/406/3798 1157/406/3778
f 1157/406/3778 1127/406/3798 1126/406/3799 1156/406/3779
f 1156/406/3779 1126/406/3799 1125/406/3615 1155/406/3623
f 1055/406/3780 1054/406/3800 1114/406/3801 1154/406/3781
f 1154/406/3781 1114/406/3801 1113/406/3802 1153/406/3782
f 1153/406/3782 1113/406/3802 1112/406/3803 1152/406/3783
f 1152/406/3783 1112/406/3803 1111/406/3804 1151/406/3784
f 1151/406/3784 1111/406/3804 1110/406/3805 1150/406/3785
f 1150/406/3785 1110/406/3805 1095/406/3806 1149/406/3786
f 1149/406/3786 1095/406/3806 1096/406/3807 1148/406/3787
f 1148/406/3787 1096/406/3807 1097/406/3808 1147/406/3788
f 1147/406/3788 1097/406/3808 1098/406/3809 1146/406/3789
f 1146/406/3789 1098/406/3809 1099/406/3611 1145/406/3621
f 1046/406/3810 1061/406/3660 1135/406/3663 1115/406/3811
f 1115/406/3811 1135/406/3663 1136/406/3665 1116/406/3812
f 1116/406/3812 1136/406/3665 1137/406/3667 1117/406/3813
f 1117/406/3813 1137/406/3667 1138/406/3669 1118/406/3814
f 1118/406/3814 1138/406/3669 1139/406/3671 1119/406/3815
f 1119/406/3815 1139/406/3671 1140/406/3673 1120/406/3816
f 1120/406/3816 1140/406/3673 1141/406/3675 1121/406/3817
f 1121/406/3817 1141/406/3675 1142/406/3677 1122/406/3818
f 1122/406/3818 1142/406/3677 1143/406/3679 1123/406/3819
f 1123/406/3819 1143/406/3679 1144/406/3619 1124/406/3616
f 1047/406/3790 1046/406/3810 1115/406/3811 1134/406/3791
f 1134/406/3791 1115/406/3811 1116/406/3812 1133/406/3792
f 1133/406/3792 1116/406/3812 1117/406/3813 1132/406/3793
f 1132/406/3793 1117/406/3813 1118/406/3814 1131/406/3794
f 1131/406/3794 1118/406/3814 1119/406/3815 1130/406/3795
f 1130/406/3795 1119/406/3815 1120/406/3816 1129/406/3796
f 1129/406/3796 1120/406/3816 1121/406/3817 1128/406/3797
f 1128/406/3797 1121/406/3817 1122/406/3818 1127/406/3798
f 1127/406/3798 1122/406/3818 1123/406/3819 1126/406/3799
f 1126/406/3799 1123/406/3819 1124/406/3616 1125/406/3615
f 1054/406/3800 1053/406/3680 1109/406/3683 1114/406/3801
f 1114/406/3801 1109/406/3683 1108/406/3685 1113/406/3802
f 1113/406/3802 1108/406/3685 1107/406/3687 1112/406/3803
f 1112/406/3803 1107/406/3687 1106/406/3689 1111/406/3804
f 1111/406/3804 1106/406/3689 1105/406/3691 1110/406/3805
f 1110/406/3805 1105/406/3691 1104/406/3693 1095/406/3806
f 1095/406/3806 1104/406/3693 1103/406/3695 1096/406/3807
f 1096/406/3807 1103/406/3695 1102/406/3697 1097/406/3808
f 1097/406/3808 1102/406/3697 1101/406/3699 1098/406/3809
f 1098/406/3809 1101/406/3699 1100/406/3612 1099/406/3611
f 1308/406/3820 1309/406/3821 1278/406/3822 1279/406/3823
f 1334/406/3824 1333/406/3825 1271/406/3826 1272/406/3827
f 1333/406/3825 1353/406/3828 1286/406/3829 1271/406/3826
f 1354/406/3830 1308/406/3820 1279/406/3823 1280/406/3831
f 1364/406/3832 1334/406/3824 1272/406/3827 1273/406/3833
f 1374/406/3834 1354/406/3830 1280/406/3831 1281/406/3835
f 1384/406/3836 1364/406/3832 1273/406/3833 1274/406/3837
f 1394/406/3838 1374/406/3834 1281/406/3835 1282/406/3839
f 1404/406/3840 1384/406/3836 1274/406/3837 1275/406/3841
f 1414/406/3842 1394/406/3838 1282/406/3839 1283/406/3843
f 1424/406/3844 1404/406/3840 1275/406/3841 1276/406/3845
f 1434/406/3846 1414/406/3842 1283/406/3843 1284/406/3847
f 1444/406/3848 1424/406/3844 1276/406/3845 1277/406/3849
f 1454/406/3850 1434/406/3846 1284/406/3847 1285/406/3851
f 1309/406/3821 1444/406/3848 1277/406/3849 1278/406/3822
f 1353/406/3828 1454/406/3850 1285/406/3851 1286/406/3829
f 1285/406/3851 1284/406/3847 1300/406/3852 1301/406/3853
f 1278/406/3822 1277/406/3849 1293/406/3854 1294/406/3855
f 1286/406/3829 1285/406/3851 1301/406/3853 1302/406/3856
f 1279/406/3823 1278/406/3822 1294/406/3855 1295/406/3857
f 1272/406/3827 1271/406/3826 1287/406/3858 1288/406/3859
f 1271/406/3826 1286/406/3829 1302/406/3856 1287/406/3858
f 1280/406/3831 1279/406/3823 1295/406/3857 1296/406/3860
f 1273/406/3833 1272/406/3827 1288/406/3859 1289/406/3861
f 1281/406/3835 1280/406/3831 1296/406/3860 1297/406/3862
f 1274/406/3837 1273/406/3833 1289/406/3861 1290/406/3863
f 1282/406/3839 1281/406/3835 1297/406/3862 1298/406/3864
f 1275/406/3841 1274/406/3837 1290/406/3863 1291/406/3865
f 1283/406/3843 1282/406/3839 1298/406/3864 1299/406/3866
f 1276/406/3845 1275/406/3841 1291/406/3865 1292/406/3867
f 1284/406/3847 1283/406/3843 1299/406/3866 1300/406/3852
f 1277/406/3849 1276/406/3845 1292/406/3867 1293/406/3854
f 1299/406/3866 1298/406/3864 1303/406/3868
f 1292/406/3867 1291/406/3865 1303/406/3868
f 1300/406/3852 1299/406/3866 1303/406/3868
f 1293/406/3854 1292/406/3867 1303/406/3868
f 1301/406/3853 1300/406/3852 1303/406/3868
f 1294/406/3855 1293/406/3854 1303/406/3868
f 1302/406/3856 1301/406/3853 1303/406/3868
f 1295/406/3857 1294/406/3855 1303/406/3868
f 1288/406/3859 1287/406/3858 1303/406/3868
f 1287/406/3858 1302/406/3856 1303/406/3868
f 1296/406/3860 1295/406/3857 1303/406/3868
f 1289/406/3861 1288/406/3859 1303/406/3868
f 1297/406/3862 1296/406/3860 1303/406/3868
f 1290/406/3863 1289/406/3861 1303/406/3868
f 1298/406/3864 1297/406/3862 1303/406/3868
f 1291/406/3865 1290/406/3863 1303/406/3868
f 1270/406/3869 1269/406/3870 1463/406/3871 1344/406/3872
f 1344/406/3872 1463/406/3871 1462/406/3873 1345/406/3874
f 1345/406/3874 1462/406/3873 1461/406/3875 1346/406/3876
f 1346/406/3876 1461/406/3875 1460/406/3877 1347/406/3878
f 1347/406/3878 1460/406/3877 1459/406/3879 1348/406/3880
f 1348/406/3880 1459/406/3879 1458/406/3881 1349/406/3882
f 1349/406/3882 1458/406/3881 1457/406/3883 1350/406/3884
f 1350/406/3884 1457/406/3883 1456/406/3885 1351/406/3886
f 1351/406/3886 1456/406/3885 1455/406/3887 1352/406/3888
f 1352/406/3888 1455/406/3887 1454/406/3850 1353/406/3828
f 1262/406/3889 1261/406/3890 1453/406/3891 1318/406/3892
f 1318/406/3892 1453/406/3891 1452/406/3893 1317/406/3894
f 1317/406/3894 1452/406/3893 1451/406/3895 1316/406/3896
f 1316/406/3896 1451/406/3895 1450/406/3897 1315/406/3898
f 1315/406/3898 1450/406/3897 1449/406/3899 1314/406/3900
f 1314/406/3900 1449/406/3899 1448/406/3901 1313/406/3902
f 1313/406/3902 1448/406/3901 1447/406/3903 1312/406/3904
f 1312/406/3904 1447/406/3903 1446/406/3905 1311/406/3906
f 1311/406/3906 1446/406/3905 1445/406/3907 1310/406/3908
f 1310/406/3908 1445/406/3907 1444/406/3848 1309/406/3821
f 1269/406/3870 1268/406/3909 1443/406/3910 1463/406/3871
f 1463/406/3871 1443/406/3910 1442/406/3911 1462/406/3873
f 1462/406/3873 1442/406/3911 1441/406/3912 1461/406/3875
f 1461/406/3875 1441/406/3912 1440/406/3913 1460/406/3877
f 1460/406/3877 1440/406/3913 1439/406/3914 1459/406/3879
f 1459/406/3879 1439/406/3914 1438/406/3915 1458/406/3881
f 1458/406/3881 1438/406/3915 1437/406/3916 1457/406/3883
f 1457/406/3883 1437/406/3916 1436/406/3917 1456/406/3885
f 1456/406/3885 1436/406/3917 1435/406/3918 1455/406/3887
f 1455/406/3887 1435/406/3918 1434/406/3846 1454/406/3850
f 1261/406/3890 1260/406/3919 1433/406/3920 1453/406/3891
f 1453/406/3891 1433/406/3920 1432/406/3921 1452/406/3893
f 1452/406/3893 1432/406/3921 1431/406/3922 1451/406/3895
f 1451/406/3895 1431/406/3922 1430/406/3923 1450/406/3897
f 1450/406/3897 1430/406/3923 1429/406/3924 1449/406/3899
f 1449/406/3899 1429/406/3924 1428/406/3925 1448/406/3901
f 1448/406/3901 1428/406/3925 1427/406/3926 1447/406/3903
f 1447/406/3903 1427/406/3926 1426/406/3927 1446/406/3905
f 1446/406/3905 1426/406/3927 1425/406/3928 1445/406/3907
f 1445/406/3907 1425/406/3928 1424/406/3844 1444/406/3848
f 1268/406/3909 1267/406/3929 1423/406/3930 1443/406/3910
f 1443/406/3910 1423/406/3930 1422/406/3931 1442/406/3911
f 1442/406/3911 1422/406/3931 1421/406/3932 1441/406/3912
f 1441/406/3912 1421/406/3932 1420/406/3933 1440/406/3913
f 1440/406/3913 1420/406/3933 1419/406/3934 1439/406/3914
f 1439/406/3914 1419/406/3934 1418/406/3935 1438/406/3915
f 1438/406/3915 1418/406/3935 1417/406/3936 1437/406/3916
f 1437/406/3916 1417/406/3936 1416/406/3937 1436/406/3917
f 1436/406/3917 1416/406/3937 1415/406/3938 1435/406/3918
f 1435/406/3918 1415/406/3938 1414/406/3842 1434/406/3846
f 1260/406/3919 1259/406/3939 1413/406/3940 1433/406/3920
f 1433/406/3920 1413/406/3940 1412/406/3941 1432/406/3921
f 1432/406/3921 1412/406/3941 1411/406/3942 1431/406/3922
f 1431/406/3922 1411/406/3942 1410/406/3943 1430/406/3923
f 1430/406/3923 1410/406/3943 1409/406/3944 1429/406/3924
f 1429/406/3924 1409/406/3944 1408/406/3945 1428/406/3925
f 1428/406/3925 1408/406/3945 1407/406/3946 1427/406/3926
f 1427/406/3926 1407/406/3946 1406/406/3947 1426/406/3927
f 1426/406/3927 1406/406/3947 1405/406/3948 1425/406/3928
f 1425/406/3928 1405/406/3948 1404/406/3840 1424/406/3844
f 1267/406/3929 1266/406/3949 1403/406/3950 1423/406/3930
f 1423/406/3930 1403/406/3950 1402/406/3951 1422/406/3931
f 1422/406/3931 1402/406/3951 1401/406/3952 1421/406/3932
f 1421/406/3932 1401/406/3952 1400/406/3953 1420/406/3933
f 1420/406/3933 1400/406/3953 1399/406/3954 1419/406/3934
f 1419/406/3934 1399/406/3954 1398/406/3955 1418/406/3935
f 1418/406/3935 1398/406/3955 1397/406/3956 1417/406/3936
f 1417/406/3936 1397/406/3956 1396/406/3957 1416/406/3937
f 1416/406/3937 1396/406/3957 1395/406/3958 1415/406/3938
f 1415/406/3938 1395/406/3958 1394/406/3838 1414/406/3842
f 1259/406/3939 1258/406/3959 1393/406/3960 1413/406/3940
f 1413/406/3940 1393/406/3960 1392/406/3961 1412/406/3941
f 1412/406/3941 1392/406/3961 1391/406/3962 1411/406/3942
f 1411/406/3942 1391/406/3962 1390/406/3963 1410/406/3943
f 1410/406/3943 1390/406/3963 1389/406/3964 1409/406/3944
f 1409/406/3944 1389/406/3964 1388/406/3965 1408/406/3945
f 1408/406/3945 1388/406/3965 1387/406/3966 1407/406/3946
f 1407/406/3946 1387/406/3966 1386/406/3967 1406/406/3947
f 1406/406/3947 1386/406/3967 1385/406/3968 1405/406/3948
f 1405/406/3948 1385/406/3968 1384/406/3836 1404/406/3840
f 1266/406/3949 1265/406/3969 1383/406/3970 1403/406/3950
f 1403/406/3950 1383/406/3970 1382/406/3971 1402/406/3951
f 1402/406/3951 1382/406/3971 1381/406/3972 1401/406/3952
f 1401/406/3952 1381/406/3972 1380/406/3973 1400/406/3953
f 1400/406/3953 1380/406/3973 1379/406/3974 1399/406/3954
f 1399/406/3954 1379/406/3974 1378/406/3975 1398/406/3955
f 1398/406/3955 1378/406/3975 1377/406/3976 1397/406/3956
f 1397/406/3956 1377/406/3976 1376/406/3977 1396/406/3957
f 1396/406/3957 1376/406/3977 1375/406/3978 1395/406/3958
f 1395/406/3958 1375/406/3978 1374/406/3834 1394/406/3838
f 1258/406/3959 1257/406/3979 1373/406/3980 1393/406/3960
f 1393/406/3960 1373/406/3980 1372/406/3981 1392/406/3961
f 1392/406/3961 1372/406/3981 1371/406/3982 1391/406/3962
f 1391/406/3962 1371/406/3982 1370/406/3983 1390/406/3963
f 1390/406/3963 1370/406/3983 1369/406/3984 1389/406/3964
f 1389/406/3964 1369/406/3984 1368/406/3985 1388/406/3965
f 1388/406/3965 1368/406/3985 1367/406/3986 1387/406/3966
f 1387/406/3966 1367/406/3986 1366/406/3987 1386/406/3967
f 1386/406/3967 1366/406/3987 1365/406/3988 1385/406/3968
f 1385/406/3968 1365/406/3988 1364/406/3832 1384/406/3836
f 1265/406/3969 1264/406/3989 1363/406/3990 1383/406/3970
f 1383/406/3970 1363/406/3990 1362/406/3991 1382/406/3971
f 1382/406/3971 1362/406/3991 1361/406/3992 1381/406/3972
f 1381/406/3972 1361/406/3992 1360/406/3993 1380/406/3973
f 1380/406/3973 1360/406/3993 1359/406/3994 1379/406/3974
f 1379/406/3974 1359/406/3994 1358/406/3995 1378/406/3975
f 1378/406/3975 1358/406/3995 1357/406/3996 1377/406/3976
f 1377/406/3976 1357/406/3996 1356/406/3997 1376/406/3977
f 1376/406/3977 1356/406/3997 1355/406/3998 1375/406/3978
f 1375/406/3978 1355/406/3998 1354/406/3830 1374/406/3834
f 1257/406/3979 1256/406/3999 1343/406/4000 1373/406/3980
f 1373/406/3980 1343/406/4000 1342/406/4001 1372/406/3981
f 1372/406/3981 1342/406/4001 1341/406/4002 1371/406/3982
f 1371/406/3982 1341/406/4002 1340/406/4003 1370/406/3983
f 1370/406/3983 1340/406/4003 1339/406/4004 1369/406/3984
f 1369/406/3984 1339/406/4004 1338/406/4005 1368/406/3985
f 1368/406/3985 1338/406/4005 1337/406/4006 1367/406/3986
f 1367/406/3986 1337/406/4006 1336/406/4007 1366/406/3987
f 1366/406/3987 1336/406/4007 1335/406/4008 1365/406/3988
f 1365/406/3988 1335/406/4008 1334/406/3824 1364/406/3832
f 1264/406/3989 1263/406/4009 1323/406/4010 1363/406/3990
f 1363/406/3990 1323/406/4010 1322/406/4011 1362/406/3991
f 1362/406/3991 1322/406/4011 1321/406/4012 1361/406/3992
f 1361/406/3992 1321/406/4012 1320/406/4013 1360/406/3993
f 1360/406/3993 1320/406/4013 1319/406/4014 1359/406/3994
f 1359/406/3994 1319/406/4014 1304/406/4015 1358/406/3995
f 1358/406/3995 1304/406/4015 1305/406/4016 1357/406/3996
f 1357/406/3996 1305/406/4016 1306/406/4017 1356/406/3997
f 1356/406/3997 1306/406/4017 1307/406/4018 1355/406/3998
f 1355/406/3998 1307/406/4018 1308/406/3820 1354/406/3830
f 1255/406/4019 1270/406/3869 1344/406/3872 1324/406/4020
f 1324/406/4020 1344/406/3872 1345/406/3874 1325/406/4021
f 1325/406/4021 1345/406/3874 1346/406/3876 1326/406/4022
f 1326/406/4022 1346/406/3876 1347/406/3878 1327/406/4023
f 1327/406/4023 1347/406/3878 1348/406/3880 1328/406/4024
f 1328/406/4024 1348/406/3880 1349/406/3882 1329/406/4025
f 1329/406/4025 1349/406/3882 1350/406/3884 1330/406/4026
f 1330/406/4026 1350/406/3884 1351/406/3886 1331/406/4027
f 1331/406/4027 1351/406/3886 1352/406/3888 1332/406/4028
f 1332/406/4028 1352/406/3888 1353/406/3828 1333/406/3825
f 1256/406/3999 1255/406/4019 1324/406/4020 1343/406/4000
f 1343/406/4000 1324/406/4020 1325/406/4021 1342/406/4001
f 1342/406/4001 1325/406/4021 1326/406/4022 1341/406/4002
f 1341/406/4002 1326/406/4022 1327/406/4023 1340/406/4003
f 1340/406/4003 1327/406/4023 1328/406/4024 1339/406/4004
f 1339/406/4004 1328/406/4024 1329/406/4025 1338/406/4005
f 1338/406/4005 1329/406/4025 1330/406/4026 1337/406/4006
f 1337/406/4006 1330/406/4026 1331/406/4027 1336/406/4007
f 1336/406/4007 1331/406/4027 1332/406/4028 1335/406/4008
f 1335/406/4008 1332/406/4028 1333/406/3825 1334/406/3824
f 1263/406/4009 1262/406/3889 1318/406/3892 1323/406/4010
f 1323/406/4010 1318/406/3892 1317/406/3894 1322/406/4011
f 1322/406/4011 1317/406/3894 1316/406/3896 1321/406/4012
f 1321/406/4012 1316/406/3896 1315/406/3898 1320/406/4013
f 1320/406/4013 1315/406/3898 1314/406/3900 1319/406/4014
f 1319/406/4014 1314/406/3900 1313/406/3902 1304/406/4015
f 1304/406/4015 1313/406/3902 1312/406/3904 1305/406/4016
f 1305/406/4016 1312/406/3904 1311/406/3906 1306/406/4017
f 1306/406/4017 1311/406/3906 1310/406/3908 1307/406/4018
f 1307/406/4018 1310/406/3908 1309/406/3821 1308/406/3820
f 1517/406/4029 1518/406/4030 1487/406/4031 1488/406/4032
f 1543/406/4033 1542/406/4034 1480/406/4035 1481/406/4036
f 1542/406/4034 1562/406/4037 1495/406/4038 1480/406/4035
f 1563/406/4039 1517/406/4029 1488/406/4032 1489/406/4040
f 1573/406/4041 1543/406/4033 1481/406/4036 1482/406/4042
f 1583/406/4043 1563/406/4039 1489/406/4040 1490/406/4044
f 1593/406/4045 1573/406/4041 1482/406/4042 1483/406/4046
f 1603/406/4047 1583/406/4043 1490/406/4044 1491/406/4048
f 1613/406/4049 1593/406/4045 1483/406/4046 1484/406/4050
f 1623/406/4051 1603/406/4047 1491/406/4048 1492/406/4052
f 1633/406/4053 1613/406/4049 1484/406/4050 1485/406/4054
f 1643/406/4055 1623/406/4051 1492/406/4052 1493/406/4056
f 1653/406/4057 1633/406/4053 1485/406/4054 1486/406/4058
f 1663/406/4059 1643/406/4055 1493/406/4056 1494/406/4060
f 1518/406/4030 1653/406/4057 1486/406/4058 1487/406/4031
f 1562/406/4037 1663/406/4059 1494/406/4060 1495/406/4038
f 1494/406/4060 1493/406/4056 1509/406/4061 1510/406/4062
f 1487/406/4031 1486/406/4058 1502/406/4063 1503/406/4064
f 1495/406/4038 1494/406/4060 1510/406/4062 1511/406/4065
f 1488/406/4032 1487/406/4031 1503/406/4064 1504/406/4066
f 1481/406/4036 1480/406/4035 1496/406/4067 1497/406/4068
f 1480/406/4035 1495/406/4038 1511/406/4065 1496/406/4067
f 1489/406/4040 1488/406/4032 1504/406/4066 1505/406/4069
f 1482/406/4042 1481/406/4036 1497/406/4068 1498/406/4070
f 1490/406/4044 1489/406/4040 1505/406/4069 1506/406/4071
f 1483/406/4046 1482/406/4042 1498/406/4070 1499/406/4072
f 1491/406/4048 1490/406/4044 1506/406/4071 1507/406/4073
f 1484/406/4050 1483/406/4046 1499/406/4072 1500/406/4074
f 1492/406/4052 1491/406/4048 1507/406/4073 1508/406/4075
f 1485/406/4054 1484/406/4050 1500/406/4074 1501/406/4076
f 1493/406/4056 1492/406/4052 1508/406/4075 1509/406/4061
f 1486/406/4058 1485/406/4054 1501/406/4076 1502/406/4063
f 1508/406/4075 1507/406/4073 1512/406/4077
f 1501/406/4076 1500/406/4074 1512/406/4077
f 1509/406/4061 1508/406/4075 1512/406/4077
f 1502/406/4063 1501/406/4076 1512/406/4077
f 1510/406/4062 1509/406/4061 1512/406/4077
f 1503/406/4064 1502/406/4063 1512/406/4077
f 1511/406/4065 1510/406/4062 1512/406/4077
f 1504/406/4066 1503/406/4064 1512/406/4077
f 1497/406/4068 1496/406/4067 1512/406/4077
f 1496/406/4067 1511/406/4065 1512/406/4077
f 1505/406/4069 1504/406/4066 1512/406/4077
f 1498/406/4070 1497/406/4068 1512/406/4077
f 1506/406/4071 1505/406/4069 1512/406/4077
f 1499/406/4072 1498/406/4070 1512/406/4077
f 1507/406/4073 1506/406/4071 1512/406/4077
f 1500/406/4074 1499/406/4072 1512/406/4077
f 1479/406/4078 1478/406/4079 1672/406/4080 1553/406/4081
f 1553/406/4081 1672/406/4080 1671/406/4082 1554/406/4083
f 1554/406/4083 1671/406/4082 1670/406/4084 1555/406/4085
f 1555/406/4085 1670/406/4084 1669/406/4086 1556/406/4087
f 1556/406/4087 1669/406/4086 1668/406/4088 1557/406/4089
f 1557/406/4089 1668/406/4088 1667/406/4090 1558/406/4091
f 1558/406/4091 1667/406/4090 1666/406/4092 1559/406/4093
f 1559/406/4093 1666/406/4092 1665/406/4094 1560/406/4095
f 1560/406/4095 1665/406/4094 1664/406/4096 1561/406/4097
f 1561/406/4097 1664/406/4096 1663/406/4059 1562/406/4037
f 1471/406/4098 1470/406/4099 1662/406/4100 1527/406/4101
f 1527/406/4101 1662/406/4100 1661/406/4102 1526/406/4103
f 1526/406/4103 1661/406/4102 1660/406/4104 1525/406/4105
f 1525/406/4105 1660/406/4104 1659/406/4106 1524/406/4107
f 1524/406/4107 1659/406/4106 1658/406/4108 1523/406/4109
f 1523/406/4109 1658/406/4108 1657/406/4110 1522/406/4111
f 1522/406/4111 1657/406/4110 1656/406/4112 1521/406/4113
f 1521/406/4113 1656/406/4112 1655/406/4114 1520/406/4115
f 1520/406/4115 1655/406/4114 1654/406/4116 1519/406/4117
f 1519/406/4117 1654/406/4116 1653/406/4057 1518/406/4030
f 1478/406/4079 1477/406/4118 1652/406/4119 1672/406/4080
f 1672/406/4080 1652/406/4119 1651/406/4120 1671/406/4082
f 1671/406/4082 1651/406/4120 1650/406/4121 1670/406/4084
f 1670/406/4084 1650/406/4121 1649/406/4122 1669/406/4086
f 1669/406/4086 1649/406/4122 1648/406/4123 1668/406/4088
f 1668/406/4088 1648/406/4123 1647/406/4124 1667/406/4090
f 1667/406/4090 1647/406/4124 1646/406/4125 1666/406/4092
f 1666/406/4092 1646/406/4125 1645/406/4126 1665/406/4094
f 1665/406/4094 1645/406/4126 1644/406/4127 1664/406/4096
f 1664/406/4096 1644/406/4127 1643/406/4055 1663/406/4059
f 1470/406/4099 1469/406/4128 1642/406/4129 1662/406/4100
f 1662/406/4100 1642/406/4129 1641/406/4130 1661/406/4102
f 1661/406/4102 1641/406/4130 1640/406/4131 1660/406/4104
f 1660/406/4104 1640/406/4131 1639/406/4132 1659/406/4106
f 1659/406/4106 1639/406/4132 1638/406/4133 1658/406/4108
f 1658/406/4108 1638/406/4133 1637/406/4134 1657/406/4110
f 1657/406/4110 1637/406/4134 1636/406/4135 1656/406/4112
f 1656/406/4112 1636/406/4135 1635/406/4136 1655/406/4114
f 1655/406/4114 1635/406/4136 1634/406/4137 1654/406/4116
f 1654/406/4116 1634/406/4137 1633/406/4053 1653/406/4057
f 1477/406/4118 1476/406/4138 1632/406/4139 1652/406/4119
f 1652/406/4119 1632/406/4139 1631/406/4140 1651/406/4120
f 1651/406/4120 1631/406/4140 1630/406/4141 1650/406/4121
f 1650/406/4121 1630/406/4141 1629/406/4142 1649/406/4122
f 1649/406/4122 1629/406/4142 1628/406/4143 1648/406/4123
f 1648/406/4123 1628/406/4143 1627/406/4144 1647/406/4124
f 1647/406/4124 1627/406/4144 1626/406/4145 1646/406/4125
f 1646/406/4125 1626/406/4145 1625/406/4146 1645/406/4126
f 1645/406/4126 1625/406/4146 1624/406/4147 1644/406/4127
f 1644/406/4127 1624/406/4147 1623/406/4051 1643/406/4055
f 1469/406/4128 1468/406/4148 1622/406/4149 1642/406/4129
f 1642/406/4129 1622/406/4149 1621/406/4150 1641/406/4130
f 1641/406/4130 1621/406/4150 1620/406/4151 1640/406/4131
f 1640/406/4131 1620/406/4151 1619/406/4152 1639/406/4132
f 1639/406/4132 1619/406/4152 1618/406/4153 1638/406/4133
f 1638/406/4133 1618/406/4153 1617/406/4154 1637/406/4134
f 1637/406/4134 1617/406/4154 1616/406/4155 1636/406/4135
f 1636/406/4135 1616/406/4155 1615/406/4156 1635/406/4136
f 1635/406/4136 1615/406/4156 1614/406/4157 1634/406/4137
f 1634/406/4137 1614/406/4157 1613/406/4049 1633/406/4053
f 1476/406/4138 1475/406/4158 1612/406/4159 1632/406/4139
f 1632/406/4139 1612/406/4159 1611/406/4160 1631/406/4140
f 1631/406/4140 1611/406/4160 1610/406/4161 1630/406/4141
f 1630/406/4141 1610/406/4161 1609/406/4162 1629/406/4142
f 1629/406/4142 1609/406/4162 1608/406/4163 1628/406/4143
f 1628/406/4143 1608/406/4163 1607/406/4164 1627/406/4144
f 1627/406/4144 1607/406/4164 1606/406/4165 1626/406/4145
f 1626/406/4145 1606/406/4165 1605/406/4166 1625/406/4146
f 1625/406/4146 1605/406/4166 1604/406/4167 1624/406/4147
f 1624/406/4147 1604/406/4167 1603/406/4047 1623/406/4051
f 1468/406/4148 1467/406/4168 1602/406/4169 1622/406/4149
f 1622/406/4149 1602/406/4169 1601/406/4170 1621/406/4150
f 1621/406/4150 1601/406/4170 1600/406/4171 1620/406/4151
f 1620/406/4151 1600/406/4171 1599/406/4172 1619/406/4152
f 1619/406/4152 1599/406/4172 1598/406/4173 1618/406/4153
f 1618/406/4153 1598/406/4173 1597/406/4174 1617/406/4154
f 1617/406/4154 1597/406/4174 1596/406/4175 1616/406/4155
f 1616/406/4155 1596/406/4175 1595/406/4176 1615/406/4156
f 1615/406/4156 1595/406/4176 1594/406/4177 1614/406/4157
f 1614/406/4157 1594/406/4177 1593/406/4045 1613/406/4049
f 1475/406/4158 1474/406/4178 1592/406/4179 1612/406/4159
f 1612/406/4159 1592/406/4179 1591/406/4180 1611/406/4160
f 1611/406/4160 1591/406/4180 1590/406/4181 1610/406/4161
f 1610/406/4161 1590/406/4181 1589/406/4182 1609/406/4162
f 1609/406/4162 1589/406/4182 1588/406/4183 1608/406/4163
f 1608/406/4163 1588/406/4183 1587/406/4184 1607/406/4164
f 1607/406/4164 1587/406/4184 1586/406/4185 1606/406/4165
f 1606/406/4165 1586/406/4185 1585/406/4186 1605/406/4166
f 1605/406/4166 1585/406/4186 1584/406/4187 1604/406/4167
f 1604/406/4167 1584/406/4187 1583/406/4043 1603/406/4047
f 1467/406/4168 1466/406/4188 1582/406/4189 1602/406/4169
f 1602/406/4169 1582/406/4189 1581/406/4190 1601/406/4170
f 1601/406/4170 1581/406/4190 1580/406/4191 1600/406/4171
f 1600/406/4171 1580/406/4191 1579/406/4192 1599/406/4172
f 1599/406/4172 1579/406/4192 1578/406/4193 1598/406/4173
f 1598/406/4173 1578/406/4193 1577/406/4194 1597/406/4174
f 1597/406/4174 1577/406/4194 1576/406/4195 1596/406/4175
f 1596/406/4175 1576/406/4195 1575/406/4196 1595/406/4176
f 1595/406/4176 1575/406/4196 1574/406/4197 1594/406/4177
f 1594/406/4177 1574/406/4197 1573/406/4041 1593/406/4045
f 1474/406/4178 1473/406/4198 1572/406/4199 1592/406/4179
f 1592/406/4179 1572/406/4199 1571/406/4200 1591/406/4180
f 1591/406/4180 1571/406/4200 1570/406/4201 1590/406/4181
f 1590/406/4181 1570/406/4201 1569/406/4202 1589/406/4182
f 1589/406/4182 1569/406/4202 1568/406/4203 1588/406/4183
f 1588/406/4183 1568/406/4203 1567/406/4204 1587/406/4184
f 1587/406/4184 1567/406/4204 1566/406/4205 1586/406/4185
f 1586/406/4185 1566/406/4205 1565/406/4206 1585/406/4186
f 1585/406/4186 1565/406/4206 1564/406/4207 1584/406/4187
f 1584/406/4187 1564/406/4207 1563/406/4039 1583/406/4043
f 1466/406/4188 1465/406/4208 1552/406/4209 1582/406/4189
f 1582/406/4189 1552/406/4209 1551/406/4210 1581/406/4190
f 1581/406/4190 1551/406/4210 1550/406/4211 1580/406/4191
f 1580/406/4191 1550/406/4211 1549/406/4212 1579/406/4192
f 1579/406/4192 1549/406/4212 1548/406/4213 1578/406/4193
f 1578/406/4193 1548/406/4213 1547/406/4214 1577/406/4194
f 1577/406/4194 1547/406/4214 1546/406/4215 1576/406/4195
f 1576/406/4195 1546/406/4215 1545/406/4216 1575/406/4196
f 1575/406/4196 1545/406/4216 1544/406/4217 1574/406/4197
f 1574/406/4197 1544/406/4217 1543/406/4033 1573/406/4041
f 1473/406/4198 1472/406/4218 1532/406/4219 1572/406/4199
f 1572/406/4199 1532/406/4219 1531/406/4220 1571/406/4200
f 1571/406/4200 1531/406/4220 1530/406/4221 1570/406/4201
f 1570/406/4201 1530/406/4221 1529/406/4222 1569/406/4202
f 1569/406/4202 1529/406/4222 1528/406/4223 1568/406/4203
f 1568/406/4203 1528/406/4223 1513/406/4224 1567/406/4204
f 1567/406/4204 1513/406/4224 1514/406/4225 1566/406/4205
f 1566/406/4205 1514/406/4225 1515/406/4226 1565/406/4206
f 1565/406/4206 1515/406/4226 1516/406/4227 1564/406/4207
f 1564/406/4207 1516/406/4227 1517/406/4029 1563/406/4039
f 1464/406/4228 1479/406/4078 1553/406/4081 1533/406/4229
f 1533/406/4229 1553/406/4081 1554/406/4083 1534/406/4230
f 1534/406/4230 1554/406/4083 1555/406/4085 1535/406/4231
f 1535/406/4231 1555/406/4085 1556/406/4087 1536/406/4232
f 1536/406/4232 1556/406/4087 1557/406/4089 1537/406/4233
f 1537/406/4233 1557/406/4089 1558/406/4091 1538/406/4234
f 1538/406/4234 1558/406/4091 1559/406/4093 1539/406/4235
f 1539/406/4235 1559/406/4093 1560/406/4095 1540/406/4236
f 1540/406/4236 1560/406/4095 1561/406/4097 1541/406/4237
f 1541/406/4237 1561/406/4097 1562/406/4037 1542/406/4034
f 1465/406/4208 1464/406/4228 1533/406/4229 1552/406/4209
f 1552/406/4209 1533/406/4229 1534/406/4230 1551/406/4210
f 1551/406/4210 1534/406/4230 1535/406/4231 1550/406/4211
f 1550/406/4211 1535/406/4231 1536/406/4232 1549/406/4212
f 1549/406/4212 1536/406/4232 1537/406/4233 1548/406/4213
f 1548/406/4213 1537/406/4233 1538/406/4234 1547/406/4214
f 1547/406/4214 1538/406/4234 1539/406/4235 1546/406/4215
f 1546/406/4215 1539/406/4235 1540/406/4236 1545/406/4216
f 1545/406/4216 1540/406/4236 1541/406/4237 1544/406/4217
f 1544/406/4217 1541/406/4237 1542/406/4034 1543/406/4033
f 1472/406/4218 1471/406/4098 1527/406/4101 1532/406/4219
f 1532/406/4219 1527/406/4101 1526/406/4103 1531/406/4220
f 1531/406/4220 1526/406/4103 1525/406/4105 1530/406/4221
f 1530/406/4221 1525/406/4105 1524/406/4107 1529/406/4222
f 1529/406/4222 1524/406/4107 1523/406/4109 1528/406/4223
f 1528/406/4223 1523/406/4109 1522/406/4111 1513/406/4224
f 1513/406/4224 1522/406/4111 1521/406/4113 1514/406/4225
f 1514/406/4225 1521/406/4113 1520/406/4115 1515/406/4226
f 1515/406/4226 1520/406/4115 1519/406/4117 1516/406/4227
f 1516/406/4227 1519/406/4117 1518/406/4030 1517/406/4029
f 1726/406/4238 1727/406/4239 1696/406/4240 1697/406/4241
f 1752/406/4242 1751/406/4243 1689/406/4244 1690/406/4245
f 1751/406/4243 1771/406/4246 1704/406/4247 1689/406/4244
f 1772/406/4248 1726/406/4238 1697/406/4241 1698/406/4249
f 1782/406/4250 1752/406/4242 1690/406/4245 1691/406/4251
f 1792/406/4252 1772/406/4248 1698/406/4249 1699/406/4253
f 1802/406/4254 1782/406/4250 1691/406/4251 1692/406/4255
f 1812/406/4256 1792/406/4252 1699/406/4253 1700/406/4257
f 1822/406/4258 1802/406/4254 1692/406/4255 1693/406/4259
f 1832/406/4260 1812/406/4256 1700/406/4257 1701/406/4261
f 1842/406/4262 1822/406/4258 1693/406/4259 1694/406/4263
f 1852/406/4264 1832/406/4260 1701/406/4261 1702/406/4265
f 1862/406/4266 1842/406/4262 1694/406/4263 1695/406/4267
f 1872/406/4268 1852/406/4264 1702/406/4265 1703/406/4269
f 1727/406/4239 1862/406/4266 1695/406/4267 1696/406/4240
f 1771/406/4246 1872/406/4268 1703/406/4269 1704/406/4247
f 1703/406/4269 1702/406/4265 1718/406/4270 1719/406/4271
f 1696/406/4240 1695/406/4267 1711/406/4272 1712/406/4273
f 1704/406/4247 1703/406/4269 1719/406/4271 1720/406/4274
f 1697/406/4241 1696/406/4240 1712/406/4273 1713/406/4275
f 1690/406/4245 1689/406/4244 1705/406/4276 1706/406/4277
f 1689/406/4244 1704/406/4247 1720/406/4274 1705/406/4276
f 1698/406/4249 1697/406/4241 1713/406/4275 1714/406/4278
f 1691/406/4251 1690/406/4245 1706/406/4277 1707/406/4279
f 1699/406/4253 1698/406/4249 1714/406/4278 1715/406/4280
f 1692/406/4255 1691/406/4251 1707/406/4279 1708/406/4281
f 1700/406/4257 1699/406/4253 1715/406/4280 1716/406/4282
f 1693/406/4259 1692/406/4255 1708/406/4281 1709/406/4283
f 1701/406/4261 1700/406/4257 1716/406/4282 1717/406/4284
f 1694/406/4263 1693/406/4259 1709/406/4283 1710/406/4285
f 1702/406/4265 1701/406/4261 1717/406/4284 1718/406/4270
f 1695/406/4267 1694/406/4263 1710/406/4285 1711/406/4272
f 1717/406/4284 1716/406/4282 1721/406/4286
f 1710/406/4285 1709/406/4283 1721/406/4286
f 1718/406/4270 1717/406/4284 1721/406/4286
f 1711/406/4272 1710/406/4285 1721/406/4286
f 1719/406/4271 1718/406/4270 1721/406/4286
f 1712/406/4273 1711/406/4272 1721/406/4286
f 1720/406/4274 1719/406/4271 1721/406/4286
f 1713/406/4275 1712/406/4273 1721/406/4286
f 1706/406/4277 1705/406/4276 1721/406/4286
f 1705/406/4276 1720/406/4274 1721/406/4286
f 1714/406/4278 1713/406/4275 1721/406/4286
f 1707/406/4279 1706/406/4277 1721/406/4286
f 1715/406/4280 1714/406/4278 1721/406/4286
f 1708/406/4281 1707/406/4279 1721/406/4286
f 1716/406/4282 1715/406/4280 1721/406/4286
f 1709/406/4283 1708/406/4281 1721/406/4286
f 1688/406/4287 1687/406/4288 1881/406/4289 1762/406/4290
f 1762/406/4290 1881/406/4289 1880/406/4291 1763/406/4292
f 1763/406/4292 1880/406/4291 1879/406/4293 1764/406/4294
f 1764/406/4294 1879/406/4293 1878/406/4295 1765/406/4296
f 1765/406/4296 1878/406/4295 1877/406/4297 1766/406/4298
f 1766/406/4298 1877/406/4297 1876/406/4299 1767/406/4300
f 1767/406/4300 1876/406/4299 1875/406/4301 1768/406/4302
f 1768/406/4302 1875/406/4301 1874/406/4303 1769/406/4304
f 1769/406/4304 1874/406/4303 1873/406/4305 1770/406/4306
f 1770/406/4306 1873/406/4305 1872/406/4268 1771/406/4246
f 1680/406/4307 1679/406/4308 1871/406/4309 1736/406/4310
f 1736/406/4310 1871/406/4309 1870/406/4311 1735/406/4312
f 1735/406/4312 1870/406/4311 1869/406/4313 1734/406/4314
f 1734/406/4314 1869/406/4313 1868/406/4315 1733/406/4316
f 1733/406/4316 1868/406/4315 1867/406/4317 1732/406/4318
f 1732/406/4318 1867/406/4317 1866/406/4319 1731/406/4320
f 1731/406/4320 1866/406/4319 1865/406/4321 1730/406/4322
f 1730/406/4322 1865/406/4321 1864/406/4323 1729/406/4324
f 1729/406/4324 1864/406/4323 1863/406/4325 1728/406/4326
f 1728/406/4326 1863/406/4325 1862/406/4266 1727/406/4239
f 1687/406/4288 1686/406/4327 1861/406/4328 1881/406/4289
f 1881/406/4289 1861/406/4328 1860/406/4329 1880/406/4291
f 1880/406/4291 1860/406/4329 1859/406/4330 1879/406/4293
f 1879/406/4293 1859/406/4330 1858/406/4331 1878/406/4295
f 1878/406/4295 1858/406/4331 1857/406/4332 1877/406/4297
f 1877/406/4297 1857/406/4332 1856/406/4333 1876/406/4299
f 1876/406/4299 1856/406/4333 1855/406/4334 1875/406/4301
f 1875/406/4301 1855/406/4334 1854/406/4335 1874/406/4303
f 1874/406/4303 1854/406/4335 1853/406/4336 1873/406/4305
f 1873/406/4305 1853/406/4336 1852/406/4264 1872/406/4268
f 1679/406/4308 1678/406/4337 1851/406/4338 1871/406/4309
f 1871/406/4309 1851/406/4338 1850/406/4339 1870/406/4311
f 1870/406/4311 1850/406/4339 1849/406/4340 1869/406/4313
f 1869/406/4313 1849/406/4340 1848/406/4341 1868/406/4315
f 1868/406/4315 1848/406/4341 1847/406/4342 1867/406/4317
f 1867/406/4317 1847/406/4342 1846/406/4343 1866/406/4319
f 1866/406/4319 1846/406/4343 1845/406/4344 1865/406/4321
f 1865/406/4321 1845/406/4344 1844/406/4345 1864/406/4323
f 1864/406/4323 1844/406/4345 1843/406/4346 1863/406/4325
f 1863/406/4325 1843/406/4346 1842/406/4262 1862/406/4266
f 1686/406/4327 1685/406/4347 1841/406/4348 1861/406/4328
f 1861/406/4328 1841/406/4348 1840/406/4349 1860/406/4329
f 1860/406/4329 1840/406/4349 1839/406/4350 1859/406/4330
f 1859/406/4330 1839/406/4350 1838/406/4351 1858/406/4331
f 1858/406/4331 1838/406/4351 1837/406/4352 1857/406/4332
f 1857/406/4332 1837/406/4352 1836/406/4353 1856/406/4333
f 1856/406/4333 1836/406/4353 1835/406/4354 1855/406/4334
f 1855/406/4334 1835/406/4354 1834/406/4355 1854/406/4335
f 1854/406/4335 1834/406/4355 1833/406/4356 1853/406/4336
f 1853/406/4336 1833/406/4356 1832/406/4260 1852/406/4264
f 1678/406/4337 1677/406/4357 1831/406/4358 1851/406/4338
f 1851/406/4338 1831/406/4358 1830/406/4359 1850/406/4339
f 1850/406/4339 1830/406/4359 1829/406/4360 1849/406/4340
f 1849/406/4340 1829/406/4360 1828/406/4361 1848/406/4341
f 1848/406/4341 1828/406/4361 1827/406/4362 1847/406/4342
f 1847/406/4342 1827/406/4362 1826/406/4363 1846/406/4343
f 1846/406/4343 1826/406/4363 1825/406/4364 1845/406/4344
f 1845/406/4344 1825/406/4364 1824/406/4365 1844/406/4345
f 1844/406/4345 1824/406/4365 1823/406/4366 1843/406/4346
f 1843/406/4346 1823/406/4366 1822/406/4258 1842/406/4262
f 1685/406/4347 1684/406/4367 1821/406/4368 1841/406/4348
f 1841/406/4348 1821/406/4368 1820/406/4369 1840/406/4349
f 1840/406/4349 1820/406/4369 1819/406/4370 1839/406/4350
f 1839/406/4350 1819/406/4370 1818/406/4371 1838/406/4351
f 1838/406/4351 1818/406/4371 1817/406/4372 1837/406/4352
f 1837/406/4352 1817/406/4372 1816/406/4373 1836/406/4353
f 1836/406/4353 1816/406/4373 1815/406/4374 1835/406/4354
f 1835/406/4354 1815/406/4374 1814/406/4375 1834/406/4355
f 1834/406/4355 1814/406/4375 1813/406/4376 1833/406/4356
f 1833/406/4356 1813/406/4376 1812/406/4256 1832/406/4260
f 1677/406/4357 1676/406/4377 1811/406/4378 1831/406/4358
f 1831/406/4358 1811/406/4378 1810/406/4379 1830/406/4359
f 1830/406/4359 1810/406/4379 1809/406/4380 1829/406/4360
f 1829/406/4360 1809/406/4380 1808/406/4381 1828/406/4361
f 1828/406/4361 1808/406/4381 1807/406/4382 1827/406/4362
f 1827/406/4362 1807/406/4382 1806/406/4383 1826/406/4363
f 1826/406/4363 1806/406/4383 1805/406/4384 1825/406/4364
f 1825/406/4364 1805/406/4384 1804/406/4385 1824/406/4365
f 1824/406/4365 1804/406/4385 1803/406/4386 1823/406/4366
f 1823/406/4366 1803/406/4386 1802/406/4254 1822/406/4258
f 1684/406/4367 1683/406/4387 1801/406/4388 1821/406/4368
f 1821/406/4368 1801/406/4388 1800/406/4389 1820/406/4369
f 1820/406/4369 1800/406/4389 1799/406/4390 1819/406/4370
f 1819/406/4370 1799/406/4390 1798/406/4391 1818/406/4371
f 1818/406/4371 1798/406/4391 1797/406/4392 1817/406/4372
f 1817/406/4372 1797/406/4392 1796/406/4393 1816/406/4373
f 1816/406/4373 1796/406/4393 1795/406/4394 1815/406/4374
f 1815/406/4374 1795/406/4394 1794/406/4395 1814/406/4375
f 1814/406/4375 1794/406/4395 1793/406/4396 1813/406/4376
f 1813/406/4376 1793/406/4396 1792/406/4252 1812/406/4256
f 1676/406/4377 1675/406/4397 1791/406/4398 1811/406/4378
f 1811/406/4378 1791/406/4398 1790/406/4399 1810/406/4379
f 1810/406/4379 1790/406/4399 1789/406/4400 1809/406/4380
f 1809/406/4380 1789/406/4400 1788/406/4401 1808/406/4381
f 1808/406/4381 1788/406/4401 1787/406/4402 1807/406/4382
f 1807/406/4382 1787/406/4402 1786/406/4403 1806/406/4383
f 1806/406/4383 1786/406/4403 1785/406/4404 1805/406/4384
f 1805/406/4384 1785/406/4404 1784/406/4405 1804/406/4385
f 1804/406/4385 1784/406/4405 1783/406/4406 1803/406/4386
f 1803/406/4386 1783/406/4406 1782/406/4250 1802/406/4254
f 1683/406/4387 1682/406/4407 1781/406/4408 1801/406/4388
f 1801/406/4388 1781/406/4408 1780/406/4409 1800/406/4389
f 1800/406/4389 1780/406/4409 1779/406/4410 1799/406/4390
f 1799/406/4390 1779/406/4410 1778/406/4411 1798/406/4391
f 1798/406/4391 1778/406/4411 1777/406/4412 1797/406/4392
f 1797/406/4392 1777/406/4412 1776/406/4413 1796/406/4393
f 1796/406/4393 1776/406/4413 1775/406/4414 1795/406/4394
f 1795/406/4394 1775/406/4414 1774/406/4415 1794/406/4395
f 1794/406/4395 1774/406/4415 1773/406/4416 1793/406/4396
f 1793/406/4396 1773/406/4416 1772/406/4248 1792/406/4252
f 1675/406/4397 1674/406/4417 1761/406/4418 1791/406/4398
f 1791/406/4398 1761/406/4418 1760/406/4419 1790/406/4399
f 1790/406/4399 1760/406/4419 1759/406/4420 1789/406/4400
f 1789/406/4400 1759/406/4420 1758/406/4421 1788/406/4401
f 1788/406/4401 1758/406/4421 1757/406/4422 1787/406/4402
f 1787/406/4402 1757/406/4422 1756/406/4423 1786/406/4403
f 1786/406/4403 1756/406/4423 1755/406/4424 1785/406/4404
f 1785/406/4404 1755/406/4424 1754/406/4425 1784/406/4405
f 1784/406/4405 1754/406/4425 1753/406/4426 1783/406/4406
f 1783/406/4406 1753/406/4426 1752/406/4242 1782/406/4250
f 1682/406/4407 1681/406/4427 1741/406/4428 1781/406/4408
f 1781/406/4408 1741/406/4428 1740/406/4429 1780/406/4409
f 1780/406/4409 1740/406/4429 1739/406/4430 1779/406/4410
f 1779/406/4410 1739/406/4430 1738/406/4431 1778/406/4411
f 1778/406/4411 1738/406/4431 1737/406/4432 1777/406/4412
f 1777/406/4412 1737/406/4432 1722/406/4433 1776/406/4413
f 1776/406/4413 1722/406/4433 1723/406/4434 1775/406/4414
f 1775/406/4414 1723/406/4434 1724/406/4435 1774/406/4415
f 1774/406/4415 1724/406/4435 1725/406/4436 1773/406/4416
f 1773/406/4416 1725/406/4436 1726/406/4238 1772/406/4248
f 1673/406/4437 1688/406/4287 1762/406/4290 1742/406/4438
f 1742/406/4438 1762/406/4290 1763/406/4292 1743/406/4439
f 1743/406/4439 1763/406/4292 1764/406/4294 1744/406/4440
f 1744/406/4440 1764/406/4294 1765/406/4296 1745/406/4441
f 1745/406/4441 1765/406/4296 1766/406/4298 1746/406/4442
f 1746/406/4442 1766/406/4298 1767/406/4300 1747/406/4443
f 1747/406/4443 1767/406/4300 1768/406/4302 1748/406/4444
f 1748/406/4444 1768/406/4302 1769/406/4304 1749/406/4445
f 1749/406/4445 1769/406/4304 1770/406/4306 1750/406/4446
f 1750/406/4446 1770/406/4306 1771/406/4246 1751/406/4243
f 1674/406/4417 1673/406/4437 1742/406/4438 1761/406/4418
f 1761/406/4418 1742/406/4438 1743/406/4439 1760/406/4419
f 1760/406/4419 1743/406/4439 1744/406/4440 1759/406/4420
f 1759/406/4420 1744/406/4440 1745/406/4441 1758/406/4421
f 1758/406/4421 1745/406/4441 1746/406/4442 1757/406/4422
f 1757/406/4422 1746/406/4442 1747/406/4443 1756/406/4423
f 1756/406/4423 1747/406/4443 1748/406/4444 1755/406/4424
f 1755/406/4424 1748/406/4444 1749/406/4445 1754/406/4425
f 1754/406/4425 1749/406/4445 1750/406/4446 1753/406/4426
f 1753/406/4426 1750/406/4446 1751/406/4243 1752/406/4242
f 1681/406/4427 1680/406/4307 1736/406/4310 1741/406/4428
f 1741/406/4428 1736/406/4310 1735/406/4312 1740/406/4429
f 1740/406/4429 1735/406/4312 1734/406/4314 1739/406/4430
f 1739/406/4430 1734/406/4314 1733/406/4316 1738/406/4431
f 1738/406/4431 1733/406/4316 1732/406/4318 1737/406/4432
f 1737/406/4432 1732/406/4318 1731/406/4320 1722/406/4433
f 1722/406/4433 1731/406/4320 1730/406/4322 1723/406/4434
f 1723/406/4434 1730/406/4322 1729/406/4324 1724/406/4435
f 1724/406/4435 1729/406/4324 1728/406/4326 1725/406/4436
f 1725/406/4436 1728/406/4326 1727/406/4239 1726/406/4238
