# Blender v2.82 (sub 7) OBJ File: 'cartoon_stump_v6.blend'
# www.blender.org
mtllib cartoon_stump_v6.mtl
o cartoon_tree_stump_v6_Circle
v -0.247740 1.222831 0.118548
v 0.295257 0.920767 0.343230
v -0.112036 1.413623 -0.299866
v 0.451953 1.376093 -0.170712
v -0.124683 0.951861 0.301870
v 0.487669 1.249977 0.118547
v -0.079276 0.860058 0.334571
v 0.217839 1.558335 -0.456519
v 0.153460 0.714208 0.386243
v -0.261110 1.376331 -0.028916
v 0.583681 1.387436 -0.028916
v 0.208580 0.815636 0.377148
v 0.409799 1.021455 0.277539
v 0.524711 1.377565 -0.101932
v -0.177325 1.021455 0.249228
v -0.064634 1.428156 -0.326615
v 0.355306 1.383118 -0.285254
v 0.451159 1.057732 0.187327
v 0.060402 0.683853 0.384814
v -0.246587 1.367694 -0.101932
v 0.292172 1.462706 -0.377322
v 0.077779 1.500957 -0.370113
v -0.219251 1.057732 0.187328
v 0.024202 1.453760 -0.361260
v 0.357157 0.990360 0.330181
v -0.177792 1.375714 -0.232898
v 0.408125 1.392751 -0.232613
v 0.547256 1.391138 0.045531
v -0.216218 1.358439 -0.170712
v 0.005997 0.746783 0.371720
v 0.163126 1.561420 -0.443856
v -0.261699 1.363992 0.045531
v 0.323796 0.301299 0.386463
v -0.303989 0.309154 0.132778
v -0.150352 0.301299 0.339764
v -0.188463 0.310702 -0.337973
v 0.475930 0.288356 -0.193821
v 0.531991 0.301299 0.132777
v -0.061839 0.301299 0.409559
v -0.289072 0.301299 -0.033721
v 0.255252 0.322215 -0.421876
v 0.163696 0.301299 0.435030
v 0.637581 0.323609 -0.033721
v 0.266344 0.316943 0.424375
v 0.453124 0.301299 0.311551
v -0.080461 0.301299 -0.369849
v 0.576586 0.312454 -0.116163
v -0.209789 0.301299 0.280327
v 0.402802 0.322215 -0.343009
v 0.499824 0.301299 0.210436
v -0.272673 0.301299 -0.116163
v 0.342026 0.343130 -0.409569
v 0.100653 0.310340 0.448065
v 0.079639 0.301299 -0.456823
v -0.023010 0.301299 -0.415090
v 0.393687 0.301299 0.370988
v -0.271822 0.309154 0.210436
v 0.429230 0.288356 -0.263712
v -0.235108 0.301299 -0.279213
v 0.592985 0.312454 0.050336
v -0.002803 0.301299 0.418631
v -0.256489 0.301299 -0.193821
v -0.305055 0.301299 0.050336
v 0.142681 0.301299 -0.420484
v 0.642481 0.091316 0.164372
v -0.100153 0.109890 0.521968
v -0.423125 0.091316 -0.061372
v 0.303114 0.128267 -0.526031
v 0.161650 0.091316 0.552900
v 0.748567 0.178154 -0.044389
v 0.304042 0.122604 0.532413
v 0.593649 0.105460 0.422191
v -0.125433 0.091316 -0.465838
v 0.685243 0.134735 -0.147758
v -0.284176 0.091316 0.345962
v 0.478186 0.128267 -0.427145
v 0.627176 0.091316 0.290345
v 0.399669 0.165217 -0.505559
v 0.092559 0.106814 0.591534
v -0.466025 0.091316 -0.189320
v 0.075306 0.130429 -0.568570
v 0.519125 0.105460 0.496716
v -0.375626 0.107026 0.279434
v -0.045507 0.113804 -0.511114
v -0.322147 0.091316 -0.362856
v 0.519702 0.078373 -0.332760
v 0.705805 0.134735 0.061004
v -0.012788 0.091316 0.555965
v -0.396644 0.091316 -0.273731
v -0.423125 0.091316 0.044469
v 0.161592 0.104245 -0.523766
v -0.441594 0.107026 0.166446
v 0.406466 0.091316 0.511055
v -0.227860 0.091316 0.425878
v -0.272243 0.096018 -0.437884
v 0.578255 0.078373 -0.245129
v -0.249070 0.043384 0.616304
v -0.288026 0.036016 0.704872
v 0.051538 0.012695 0.787206
v -0.240509 0.030267 0.740817
v -0.167056 0.043384 0.644815
v -0.176970 0.109890 0.496235
v -0.099084 0.301299 0.389651
v -0.046289 0.815636 0.352203
v 0.260773 0.043852 0.646073
v 0.270602 0.046407 0.809449
v 0.294479 0.037525 0.965318
v 0.319634 0.021881 1.136265
v 0.643943 0.065232 0.655220
v 0.750083 0.034524 0.584956
v 0.836890 0.034524 0.736426
v 0.738382 0.065232 0.773431
v 0.856244 0.034524 0.862216
v 0.756527 0.065232 0.897949
v 0.899238 0.020381 0.975635
v 0.861054 0.020381 1.010145
v 0.854238 0.072674 0.056142
v 0.831389 0.072674 -0.175848
v 0.869695 0.139110 -0.060978
v 1.002660 0.049473 -0.249056
v 1.047349 0.092709 -0.143426
v 1.070572 0.049473 -0.031108
v 1.253730 0.015301 -0.133420
v 1.190184 0.015301 -0.293472
v 1.229839 0.024364 -0.216575
v 0.392220 0.043878 -0.663394
v 0.464560 0.081519 -0.616437
v 0.536089 0.043878 -0.554333
v 0.669110 0.005442 -0.738800
v 0.567096 0.005442 -0.847035
v 0.649776 0.004647 -0.797941
v 0.007274 0.094258 -0.667955
v 0.105130 0.089408 -0.665865
v 0.017707 0.059080 -0.841485
v 0.147195 0.041466 -0.866673
v -0.031365 0.043394 -1.134083
v 0.079932 0.023851 -1.086372
v -0.080432 0.040102 -1.105898
v -0.058797 0.023851 -0.811417
v -0.070442 0.037532 -0.627801
v 0.005164 0.152916 -0.568323
v 0.017404 0.301299 -0.465758
v -0.010974 1.443272 -0.349918
v -0.196753 0.096018 -0.441380
v -0.130499 0.310702 -0.349263
v -0.141415 1.401284 -0.276423
v 0.366559 0.021881 1.113684
v 0.361682 0.037525 0.932978
v 0.330211 0.037525 0.786600
v 0.315690 0.037525 0.644545
v 0.242644 0.122604 0.534914
v 0.225931 0.316943 0.436635
v 0.244373 0.860058 0.366291
v 0.079891 0.012695 0.789998
v 0.054965 0.106814 0.587831
v 0.058625 0.310340 0.443926
v 0.097625 0.651278 0.388481
v 0.221944 0.091316 -0.530923
v 0.184710 0.301299 -0.416345
v 0.130221 1.549081 -0.396815
v -0.315536 0.020917 0.818305
v -0.348416 0.031656 0.764742
v -0.398555 0.019254 0.847892
v -0.419485 0.029621 0.787052
v -0.464314 0.017808 0.855979
v -0.481252 0.023378 0.812492
v -0.505696 0.016708 0.894268
v -0.519653 0.017235 0.870988
v -0.532571 0.016240 0.923175
v -0.541184 0.016243 0.907014
v -0.194232 0.834811 0.115854
v 0.276432 0.680112 0.305449
v -0.065214 0.937161 -0.241211
v 0.398438 0.906918 -0.128235
v -0.077930 0.696037 0.270548
v 0.435477 0.848714 0.115853
v -0.039614 0.649020 0.301601
v 0.214680 1.006636 -0.327424
v 0.156779 0.574325 0.341746
v -0.180062 0.913424 -0.008582
v 0.511392 0.919112 -0.008582
v 0.203291 0.626270 0.334071
v 0.373087 0.731678 0.251223
v 0.465715 0.914056 -0.070196
v -0.122351 0.731678 0.226127
v -0.026492 0.939966 -0.259792
v 0.327870 0.916900 -0.224890
v 0.407989 0.750257 0.173892
v 0.078252 0.558779 0.349453
v -0.167807 0.909001 -0.070196
v 0.275106 0.957660 -0.281588
v 0.093427 0.977251 -0.307186
v -0.170192 0.750257 0.173893
v 0.047577 0.953079 -0.305060
v 0.328666 0.715753 0.295644
v -0.133034 0.913109 -0.187009
v 0.362475 0.915449 -0.180469
v 0.481419 0.921008 0.054239
v -0.156192 0.904261 -0.128235
v 0.032343 0.591008 0.329490
v 0.168638 1.008216 -0.327235
v -0.193549 0.907105 0.054240
v 0.300515 0.301246 0.341932
v -0.229236 0.309143 0.127862
v -0.099590 0.301246 0.302525
v -0.131750 0.310700 -0.269376
v 0.428891 0.288233 -0.147735
v 0.476198 0.301246 0.127861
v -0.024899 0.301246 0.361420
v -0.216648 0.301246 -0.012636
v 0.242675 0.322275 -0.340177
v 0.165416 0.301246 0.382914
v 0.565299 0.323677 -0.012636
v 0.252035 0.316975 0.373923
v 0.409647 0.301246 0.278717
v -0.040614 0.301246 -0.296274
v 0.513829 0.312461 -0.082204
v -0.149746 0.301246 0.252370
v 0.367183 0.322275 -0.273626
v 0.449054 0.301246 0.193393
v -0.202810 0.301246 -0.082204
v 0.315897 0.343303 -0.329792
v 0.112218 0.310336 0.393914
v 0.094485 0.301246 -0.369667
v 0.007866 0.301246 -0.334451
v 0.359491 0.301246 0.328873
v -0.202092 0.309143 0.193393
v 0.389484 0.288233 -0.206712
v -0.171110 0.301246 -0.219793
v 0.527667 0.312461 0.058294
v 0.024918 0.301246 0.369076
v -0.189153 0.301246 -0.147735
v -0.230135 0.301246 0.058294
v 0.147683 0.301246 -0.339003
v 0.569434 0.090127 0.154522
v -0.057230 0.108801 0.456276
v -0.329767 0.090127 -0.035969
v 0.283062 0.127277 -0.428067
v 0.163690 0.090127 0.482377
v 0.658953 0.177434 -0.021639
v 0.283845 0.121584 0.465090
v 0.528227 0.104347 0.372080
v -0.078563 0.090127 -0.377274
v 0.605518 0.133781 -0.108865
v -0.212516 0.090127 0.307755
v 0.430795 0.127278 -0.344623
v 0.556519 0.090127 0.260823
v 0.364539 0.164428 -0.410792
v 0.105387 0.105709 0.514978
v -0.365968 0.090127 -0.143937
v 0.090829 0.129451 -0.463963
v 0.465341 0.104347 0.434967
v -0.289686 0.105921 0.251616
v -0.011118 0.112736 -0.415480
v -0.244558 0.090127 -0.290374
v 0.465827 0.077114 -0.264978
v 0.622869 0.133781 0.067296
v 0.016492 0.090127 0.484963
v -0.307421 0.090127 -0.215166
v -0.329767 0.090127 0.053343
v 0.161720 0.090127 -0.436575
v -0.345352 0.105921 0.156273
v 0.370275 0.090127 0.447067
v -0.164995 0.090127 0.375191
v -0.202447 0.094854 -0.353685
v 0.515237 0.077114 -0.191031
v -0.182892 0.041935 0.535881
v -0.218817 0.030177 0.628068
v 0.070773 0.011080 0.680094
v -0.175025 0.030177 0.651475
v -0.113686 0.041935 0.559939
v -0.122052 0.108801 0.434561
v -0.056328 0.301246 0.344621
v -0.011778 0.626270 0.316479
v 0.247609 0.036045 0.563317
v 0.264318 0.036045 0.700488
v 0.275776 0.036045 0.830392
v 0.297002 0.020316 0.974644
v 0.604558 0.033027 0.565102
v 0.660232 0.033027 0.509427
v 0.733484 0.033027 0.637244
v 0.684249 0.033027 0.664852
v 0.749815 0.033027 0.743390
v 0.699560 0.033027 0.769926
v 0.786095 0.018808 0.839098
v 0.753874 0.018808 0.868219
v 0.748122 0.071384 0.063193
v 0.728842 0.071384 -0.132569
v 0.761165 0.138180 -0.035637
v 0.873367 0.048058 -0.194345
v 0.911077 0.091527 -0.105210
v 0.930674 0.048057 -0.010431
v 1.085230 0.013700 -0.096767
v 1.031607 0.013700 -0.231825
v 1.065070 0.022812 -0.166936
v 0.358254 0.042432 -0.543980
v 0.419297 0.080277 -0.504356
v 0.479656 0.042432 -0.451949
v 0.591904 0.003788 -0.607610
v 0.505821 0.003788 -0.698943
v 0.575589 0.002989 -0.657516
v 0.033421 0.093085 -0.547829
v 0.096932 0.055509 -0.565241
v 0.042225 0.057716 -0.694260
v 0.151492 0.040007 -0.715514
v 0.000815 0.041946 -0.941165
v 0.094732 0.022297 -0.900905
v -0.032911 0.020866 -0.918764
v -0.022333 0.022297 -0.668887
v -0.032159 0.036052 -0.513944
v 0.031641 0.152060 -0.463755
v 0.041969 0.301246 -0.377207
v 0.017639 0.947707 -0.284800
v -0.138745 0.094854 -0.356635
v -0.082837 0.310700 -0.278903
v -0.100294 0.930842 -0.227728
v 0.336600 0.020316 0.955589
v 0.332484 0.036045 0.803102
v 0.305928 0.036045 0.679583
v 0.293674 0.036045 0.559711
v 0.232035 0.121584 0.467200
v 0.217932 0.316975 0.384268
v 0.233495 0.649020 0.324909
v 0.094698 0.011080 0.682450
v 0.073665 0.105709 0.511854
v 0.076753 0.310336 0.390421
v 0.109663 0.542096 0.352546
v 0.214568 0.090127 -0.432195
v 0.183148 0.301246 -0.335510
v 0.139084 1.001896 -0.308533
v -0.246655 0.018021 0.724399
v -0.274603 0.019150 0.691509
v -0.321105 0.016494 0.750670
v -0.337104 0.017983 0.710119
v -0.378379 0.015940 0.756131
v -0.392150 0.017001 0.724250
v -0.414745 0.015357 0.788798
v -0.427084 0.015437 0.768707
v -0.451111 0.015088 0.828545
v -0.458844 0.015088 0.813950
v 0.022948 0.005412 -1.094136
v 0.046515 1.479012 -0.292082
v 0.788295 0.005412 0.953356
v 0.378060 0.005412 0.831238
v -0.183465 0.005412 0.715169
v 0.136741 1.576620 -0.323392
v 0.166040 0.005412 -0.939165
v -0.158236 1.381404 -0.130396
v 0.781613 0.005412 0.113655
v -0.506888 0.015375 0.883815
v -0.184645 1.242541 0.115991
v 0.633127 -0.039511 -0.850117
v 0.732575 0.005412 0.513783
v -0.041631 0.871061 0.299862
v 0.483974 0.005412 -0.793061
v 0.910107 0.012521 -0.267363
v 0.810597 0.005412 0.669105
v -0.333667 0.005412 -0.375056
v -0.105074 0.005412 -0.560005
v 0.203560 0.825574 0.336262
v 1.217929 0.005412 -0.245993
v 0.411255 1.399725 -0.130396
v 0.229191 0.005412 0.586143
v -0.445328 0.005412 0.039067
v 0.410185 1.073480 0.174576
v 0.211308 1.586097 -0.375462
v 0.889881 0.005412 0.958880
v 0.340800 0.005412 0.699778
v -0.102566 0.005412 0.615519
v -0.244219 0.005412 0.444988
v -0.445331 0.018640 0.744633
v -0.062889 0.026942 -1.205328
v -0.029189 1.452794 -0.263191
v 0.319642 0.005412 1.151747
v 0.059732 0.005412 0.819436
v 0.151348 0.005412 0.581329
v -0.453689 0.011783 0.852100
v -0.184645 1.390880 -0.071810
v 0.538025 0.005412 -0.471266
v -0.013534 0.825574 0.314881
v 0.344210 0.005412 1.139925
v -0.160378 1.073480 0.174576
v 0.632511 0.013106 -0.627645
v -0.267312 0.009499 0.789048
v 0.031003 0.755068 0.331638
v 0.662854 0.036120 0.733718
v -0.446392 0.005412 -0.296814
v 0.277390 0.933227 0.307371
v 0.189905 0.013530 -0.612379
v 0.373884 1.416783 -0.183121
v 1.230944 0.005412 -0.138869
v 0.829054 0.005412 0.785604
v 0.329846 0.005412 0.578263
v -0.496227 0.021164 0.179280
v 0.085871 0.005412 0.822011
v -0.289571 0.005412 -0.454066
v 0.441412 1.270339 0.115990
v -0.086753 0.005412 -0.726292
v 0.164700 1.589256 -0.364271
v 1.089126 0.005412 -0.296294
v -0.069614 1.437734 -0.240253
v 0.286687 0.005412 1.054917
v 0.048086 0.005412 0.716347
v 0.596218 -0.007566 -0.244077
v -0.480121 0.012797 0.808030
v 0.168634 0.005412 -0.547750
v 0.016562 1.468272 -0.282834
v -0.197016 1.399725 -0.009616
v 0.732182 -0.037801 -0.741842
v 0.610924 0.005412 0.635435
v 0.664391 0.005412 0.327950
v -0.487541 0.012900 0.883004
v -0.125148 1.036332 0.227302
v -0.127161 0.005412 -0.470193
v -0.328827 0.024665 0.697385
v 0.077344 0.690628 0.342448
v 0.523390 1.411097 -0.009616
v 1.006228 0.005412 0.032059
v -0.541274 0.005412 -0.220955
v -0.351387 0.009637 0.820625
v 0.109050 0.657271 0.345571
v 0.330115 1.004491 0.296210
v 1.176718 0.005412 -0.075678
v 0.328509 1.406674 -0.227961
v 0.679082 0.036120 0.847872
v -0.407640 0.021164 0.307831
v 0.492334 1.414887 0.053796
v 0.244378 0.005412 -0.800453
v 0.092126 1.527342 -0.299829
v 0.858701 0.005412 0.889725
v 0.254150 0.005412 0.890868
v -0.279151 0.005412 0.664024
v 0.000759 0.005412 0.603826
v 0.234048 0.871061 0.327014
v -0.089173 0.007799 -1.003127
v -0.125148 1.399093 -0.183121
v 0.344337 0.005412 -0.621597
v 0.373210 0.005412 1.013280
v 0.100364 0.005412 0.721496
v 0.438275 0.005412 0.554067
v 0.536230 -0.007566 -0.333855
v -0.511854 0.015375 0.871190
v -0.197016 1.387090 0.053797
v 0.733638 -0.084434 -0.804857
v 0.742028 0.006123 -0.211469
v 0.659566 0.005412 0.175456
v 0.240932 0.005412 -0.542432
v -0.503677 0.012915 0.853057
v -0.103169 0.026942 -1.189929
v -0.080308 0.965068 0.272141
v -0.207258 0.005412 -0.447280
v 0.156610 0.721711 0.344009
v 0.473003 1.400989 -0.071810
v 1.229712 0.005412 -0.193072
v -0.445328 0.005412 -0.069732
v -0.389348 0.024018 0.715033
v -0.094242 1.425099 -0.220041
v 0.374955 1.036332 0.251371
v 0.274712 1.488173 -0.307193
v 0.867006 0.005412 0.979554
v 0.239581 0.014295 0.743531
v -0.253786 0.005412 0.562950
v -0.286994 0.005412 0.358697
v -0.414148 0.010638 0.822440
v 0.132578 0.977105 -0.383900
v 0.097625 0.536628 0.399447
v 0.244373 0.639059 0.366291
v -0.151560 0.909383 -0.289084
v -0.011446 0.925194 -0.356493
v -0.046289 0.617265 0.356458
v -0.261699 0.886298 0.045531
v 0.167683 0.983159 -0.405112
v 0.005997 0.583485 0.371720
v -0.217475 0.883574 -0.170712
v 0.537831 0.899616 0.045531
v 0.396806 0.893814 -0.232613
v -0.190451 0.892049 -0.240649
v 0.357157 0.702988 0.331665
v 0.024045 0.930339 -0.380987
v -0.234584 0.736042 0.187328
v 0.078408 0.953495 -0.383264
v 0.293743 0.934728 -0.351493
v -0.230604 0.888114 -0.101932
v 0.060402 0.552610 0.395780
v 0.451159 0.736042 0.187327
v 0.356249 0.895681 -0.285254
v -0.063691 0.917778 -0.326615
v -0.177325 0.718243 0.249228
v 0.519372 0.892957 -0.101932
v 0.409799 0.718243 0.279023
v 0.208580 0.617265 0.377148
v 0.573317 0.897800 -0.028916
v -0.245127 0.892352 -0.028916
v 0.153460 0.567503 0.386243
v 0.222239 0.981646 -0.404860
v -0.079276 0.639059 0.338826
v 0.483584 0.830360 0.118547
v -0.124683 0.684100 0.301870
v 0.439377 0.885641 -0.170712
v -0.109521 0.915437 -0.304776
v 0.295257 0.668844 0.343230
v -0.263073 0.817042 0.118548
v 0.290446 1.482734 -0.371460
v 0.406459 1.032981 0.274981
v -0.136555 1.419952 -0.270596
v 0.519932 1.395953 -0.099045
v 0.153762 0.719814 0.382195
v -0.120429 0.962047 0.299020
v -0.255499 1.382118 0.046323
v -0.172323 1.394066 -0.227868
v 0.243383 0.868474 0.362525
v 0.079134 1.521723 -0.362937
v 0.542305 1.409788 0.046323
v 0.352706 1.401613 -0.279762
v 0.354565 1.001287 0.326875
v 0.098720 0.655671 0.384002
v 0.578247 1.406015 -0.027066
v 0.062026 0.688874 0.380388
v -0.172323 1.032981 0.247126
v -0.255499 1.394695 -0.027066
v -0.008319 1.462925 -0.343268
v -0.108053 1.432529 -0.293987
v 0.163125 1.583350 -0.437517
v 0.483371 1.265907 0.118302
v 0.405219 1.411674 -0.227868
v 0.293544 0.930353 0.339792
v 0.008394 0.753017 0.367877
v -0.213096 1.069957 0.186105
v -0.043149 0.823197 0.348483
v -0.241181 1.385891 -0.099045
v -0.061268 1.447519 -0.320535
v 0.217066 1.580206 -0.450469
v 0.447231 1.069957 0.186105
v 0.448470 1.394695 -0.166847
v 0.208099 0.823197 0.373229
v -0.075668 0.868474 0.331102
v -0.241181 1.238237 0.118302
v -0.210618 1.376459 -0.166847
v 0.130768 1.570773 -0.390207
v 0.026346 1.473616 -0.353971
v 0.282211 1.485581 -0.337824
v 0.389970 1.034735 0.262624
v -0.114409 1.422646 -0.244137
v 0.495370 1.398589 -0.084791
v 0.155253 0.720807 0.362209
v -0.099431 0.963628 0.284952
v -0.224890 1.384720 0.050235
v -0.147633 1.396697 -0.204449
v 0.238497 0.869828 0.343940
v 0.085934 1.524664 -0.329908
v 0.516151 1.412457 0.050234
v 0.340042 1.404262 -0.252651
v 0.341768 1.002964 0.310826
v 0.104127 0.656508 0.363888
v 0.549536 1.408674 -0.017933
v 0.070043 0.689792 0.360531
v -0.147633 1.034735 0.236751
v -0.224890 1.397328 -0.017933
v 0.004703 1.465724 -0.311638
v -0.087935 1.435253 -0.265864
v 0.163949 1.586441 -0.399182
v 0.461410 1.268226 0.117092
v 0.388819 1.414348 -0.204449
v 0.285089 0.931857 0.322824
v 0.020227 0.754091 0.348911
v -0.185505 1.071801 0.180071
v -0.027649 0.824441 0.330896
v -0.211591 1.388502 -0.084791
v -0.044478 1.450279 -0.290523
v 0.214053 1.583289 -0.411212
v 0.427842 1.071801 0.180071
v 0.428993 1.397328 -0.147769
v 0.205723 0.824441 0.353882
v -0.057854 0.869828 0.314752
v -0.211591 1.240490 0.117093
v -0.183203 1.379047 -0.147769
v 0.133894 1.573833 -0.355237
v 0.036902 1.476440 -0.321580
v 0.584392 0.518454 -0.030117
v 0.531104 0.514454 -0.105490
v 0.442460 0.500129 -0.176489
v 0.399462 0.502172 -0.240387
v 0.368341 0.517575 -0.299693
v 0.306570 0.532566 -0.353573
v 0.232611 0.539066 -0.384236
v 0.174134 0.534216 -0.389262
v 0.079018 0.526800 -0.407987
v 0.022309 0.521011 -0.411680
v -0.067430 0.517871 -0.337423
v -0.113555 0.524338 -0.318262
v -0.207711 0.511438 -0.254023
v -0.227834 0.509320 -0.176489
v -0.233424 0.510455 -0.105490
v -0.248416 0.511514 -0.030117
v -0.272538 0.510001 0.046732
v -0.280687 0.494650 0.122105
v -0.251278 0.474400 0.193105
v -0.185441 0.467987 0.257003
v -0.131101 0.459451 0.311343
v -0.084228 0.448191 0.353581
v 0.003797 0.434297 0.383447
v 0.059958 0.428839 0.413098
v 0.156019 0.430302 0.398440
v 0.212918 0.446654 0.392020
v 0.302392 0.455637 0.354038
v 0.366289 0.464173 0.342210
v 0.420630 0.467987 0.287869
v 0.463325 0.472437 0.193104
v 0.493718 0.496016 0.122104
v 0.547081 0.516119 0.046732
v 0.582513 1.401101 -0.028453
v 0.523615 1.391089 -0.101210
v 0.451314 1.389778 -0.169746
v 0.407607 1.406673 -0.231426
v 0.354638 1.396721 -0.283881
v 0.291711 1.477439 -0.376332
v 0.217565 1.574426 -0.455958
v 0.163042 1.577554 -0.442985
v 0.078106 1.516234 -0.368077
v 0.024741 1.468366 -0.359075
v -0.063810 1.442398 -0.325095
v -0.111086 1.427526 -0.298306
v -0.176191 1.389212 -0.231498
v -0.214795 1.371692 -0.169746
v -0.245530 1.381078 -0.101210
v -0.260002 1.389838 -0.028453
v -0.260149 1.377323 0.045729
v -0.245818 1.234158 0.118486
v -0.217430 1.066714 0.187022
v -0.176075 1.029922 0.248702
v -0.123620 0.959340 0.301157
v -0.078374 0.866233 0.333625
v 0.006596 0.751350 0.370759
v 0.060808 0.687526 0.383506
v 0.153536 0.718312 0.385231
v 0.208460 0.821181 0.376168
v 0.294829 0.927804 0.342370
v 0.356509 0.998385 0.329328
v 0.408964 1.029922 0.276873
v 0.450177 1.066714 0.187021
v 0.486670 1.261690 0.118486
v 0.546192 1.404855 0.045729
v -0.256376 1.322532 0.082397
v -0.258471 0.765191 0.153639
v 0.266042 0.886340 0.357811
v 0.327225 0.686824 0.331523
v -0.094520 1.419587 -0.311112
v -0.176637 0.900772 -0.271232
v 0.479178 1.366709 -0.137024
v 0.413725 0.889173 -0.202681
v -0.152300 1.004056 0.276845
v -0.098875 0.655768 0.322973
v 0.469103 1.123932 0.153638
v 0.504542 0.885935 0.082396
v -0.024971 0.603372 0.362475
v 0.255553 1.529800 -0.431291
v 0.190098 0.984294 -0.410352
v 0.120890 0.658866 0.388636
v 0.185852 0.599376 0.382137
v -0.255352 1.374172 -0.065782
v -0.259389 0.890838 0.008308
v 0.576716 1.382809 0.008308
v 0.557846 0.899314 -0.065782
v 0.384774 1.013681 0.319313
v 0.432003 0.722693 0.226744
v -0.199671 1.030524 0.219296
v -0.033183 1.436871 -0.341257
v 0.382042 1.388919 -0.260230
v 0.326620 0.903778 -0.313678
v 0.037495 0.707730 0.380422
v -0.233860 1.361061 -0.137024
v 0.108885 1.533965 -0.378379
v 0.046508 0.937415 -0.387679
v -0.201298 0.885541 -0.204690
v 0.702450 0.235948 -0.038790
v 0.634929 0.211150 -0.131177
v 0.525843 0.173408 -0.218202
v 0.473511 0.173408 -0.296524
v 0.444470 0.221733 -0.392921
v 0.379821 0.257115 -0.475043
v 0.281606 0.221733 -0.481300
v 0.200338 0.186352 -0.469264
v 0.078868 0.196130 -0.515206
v 0.011099 0.201752 -0.524285
v -0.100544 0.186352 -0.415463
v -0.158762 0.194580 -0.392171
v -0.273100 0.186352 -0.315674
v -0.310429 0.186352 -0.225353
v -0.349743 0.186352 -0.141567
v -0.352255 0.186352 -0.043036
v -0.356250 0.186352 0.051272
v -0.351464 0.200097 0.148310
v -0.309008 0.200097 0.239240
v -0.244618 0.186352 0.312286
v -0.182563 0.186352 0.380240
v -0.128459 0.190995 0.439660
v -0.009699 0.186352 0.476420
v 0.056822 0.201527 0.498694
v 0.168302 0.186352 0.488890
v 0.238785 0.213729 0.490948
v 0.358734 0.186352 0.439228
v 0.443311 0.189888 0.421367
v 0.509918 0.189888 0.354760
v 0.555994 0.186352 0.241968
v 0.585784 0.186352 0.147791
v 0.653306 0.211150 0.055405
v 0.359892 0.301299 0.372641
v 0.290811 0.305210 0.405895
v -0.297484 0.313081 0.172399
v -0.302719 0.303263 0.091961
v -0.121212 0.301299 0.365632
v -0.181534 0.301299 0.311509
v -0.222710 0.303650 -0.317977
v -0.111593 0.303650 -0.354748
v 0.442354 0.281884 -0.229916
v 0.522995 0.300852 -0.155784
v 0.553369 0.304088 0.091960
v 0.517819 0.301299 0.172399
v -0.037768 0.301299 0.410233
v -0.303129 0.301299 0.008308
v -0.274911 0.301299 -0.075345
v 0.212853 0.306528 -0.416693
v 0.301710 0.337901 -0.422600
v 0.200269 0.305210 0.433361
v 0.126921 0.303559 0.440358
v 0.620262 0.320820 -0.075346
v 0.628502 0.320820 0.008308
v 0.478195 0.301299 0.254337
v 0.424869 0.301299 0.358345
v -0.047476 0.301299 -0.391113
v -0.238693 0.303263 0.246532
v 0.375842 0.337901 -0.382975
v 0.421174 0.303292 -0.299859
v -0.270489 0.301299 -0.155784
v 0.032761 0.303559 0.431084
v 0.043066 0.301299 -0.476191
v 0.116414 0.301299 -0.430604
v -0.241190 0.301299 -0.233792
v 0.797219 0.146962 -0.051468
v 0.744930 0.087235 -0.163463
v 0.609576 0.014349 -0.258965
v 0.547407 0.014349 -0.352008
v 0.507531 0.062190 -0.472132
v 0.421329 0.096873 -0.539796
v 0.334933 0.062190 -0.579063
v 0.238990 0.027301 -0.566815
v 0.079459 0.106445 -0.610677
v 0.002817 0.126512 -0.611627
v -0.139512 0.027301 -0.493305
v -0.220807 0.028476 -0.469035
v -0.352315 0.027301 -0.392178
v -0.460256 0.027301 -0.307902
v -0.552781 0.027301 -0.226692
v -0.466033 0.027301 -0.074885
v -0.466033 0.027301 0.037782
v -0.510981 0.043021 0.179373
v -0.424297 0.043021 0.309478
v -0.305841 0.027301 0.366413
v -0.257870 0.027301 0.454764
v -0.224034 0.060010 0.556181
v -0.009994 0.027301 0.613141
v 0.053167 0.039453 0.690836
v 0.152934 0.027301 0.594550
v 0.246939 0.058795 0.582786
v 0.441484 0.027301 0.562487
v 0.564662 0.082966 0.583474
v 0.681358 0.052258 0.502653
v 0.675824 0.027301 0.328147
v 0.675827 0.027301 0.175825
v 0.767207 0.087235 0.062720
v 0.665998 0.102171 0.113194
v 0.630970 0.091316 0.221201
v -0.059107 0.095960 0.532458
v -0.208897 0.095960 0.467769
v -0.404716 0.091316 -0.004094
v -0.452260 0.091316 -0.124176
v 0.257894 0.100554 -0.525009
v 0.352181 0.155980 -0.523157
v 0.207046 0.099138 0.528161
v 0.119230 0.095191 0.582801
v 0.730141 0.167299 -0.096580
v 0.740471 0.167299 0.008308
v 0.344997 0.099138 0.514574
v 0.618827 0.094852 0.360957
v 0.558222 0.112532 0.469094
v -0.166613 0.092492 -0.447243
v -0.082102 0.096938 -0.489638
v 0.629430 0.098935 -0.197436
v -0.248180 0.091316 0.381596
v -0.328955 0.095244 0.313674
v 0.442648 0.155980 -0.473475
v 0.504473 0.097318 -0.376823
v 0.028629 0.095191 0.578939
v -0.451720 0.091316 -0.243579
v 0.031422 0.155607 -0.586832
v 0.124932 0.114023 -0.529785
v 0.470494 0.094852 0.509291
v -0.415927 0.114880 0.233579
v -0.340289 0.091316 -0.305061
v -0.310154 0.092492 -0.417128
v 0.539189 0.071901 -0.290386
v -0.446152 0.095244 0.097066
v -0.266723 0.040460 0.673722
v -0.270752 0.015318 0.595838
v -0.130430 0.015318 0.644619
v -0.316538 0.033671 0.737353
v -0.294541 0.023205 0.678642
v -0.212791 0.015832 0.736684
v 0.052814 0.007645 0.841789
v 0.043587 0.007645 0.760107
v 0.092098 0.007645 0.764885
v -0.050177 0.442743 0.371782
v -0.045504 0.821181 0.351195
v -0.079192 0.190995 0.462162
v -0.128261 0.060010 0.584383
v -0.207298 0.040460 0.701654
v -0.276049 0.024209 0.782749
v -0.266782 0.040127 0.727304
v -0.208063 0.061957 0.630560
v -0.138561 0.119176 0.513544
v -0.080461 0.301299 0.406175
v -0.062783 0.628162 0.349847
v 0.263639 0.048994 0.724600
v 0.239476 0.013853 0.622343
v 0.332876 0.013853 0.615032
v 0.284649 0.037525 0.893582
v 0.250520 0.022735 0.787288
v 0.345186 0.013853 0.746827
v 0.307203 0.033614 1.041304
v 0.267596 0.013853 0.942916
v 0.382577 0.013853 0.887584
v 0.325778 0.009942 1.192360
v 0.299666 0.009942 1.115637
v 0.379953 0.009942 1.077000
v 0.705589 0.065232 0.717965
v 0.801401 0.034524 0.664435
v 0.607529 0.043810 0.666215
v 0.678556 0.079375 0.623856
v 0.760576 0.013103 0.549044
v 0.752101 0.065232 0.830474
v 0.855515 0.034524 0.801997
v 0.808523 0.048667 0.754222
v 0.844097 0.013103 0.709980
v 0.699306 0.062603 0.762291
v 0.815171 0.049779 0.958119
v 0.862882 0.030988 0.919342
v 0.827241 0.048667 0.879405
v 0.863561 0.013103 0.833735
v 0.716701 0.062603 0.883871
v 0.894834 0.009567 1.024393
v 0.922505 0.009567 0.999385
v 0.880995 0.027452 0.993830
v 0.897800 0.009567 0.944590
v 0.832468 0.009567 1.003635
v 0.956302 0.129419 -0.086953
v 0.924129 0.067828 -0.199513
v 0.958244 0.067828 0.028966
v 0.825469 0.022640 0.099800
v 0.868714 0.122501 -0.002418
v 0.857234 0.122501 -0.118976
v 0.786713 0.023351 -0.216919
v 1.139605 0.050513 -0.197575
v 1.085254 0.028375 -0.291401
v 1.174606 0.028375 -0.094948
v 1.027606 0.081900 -0.197342
v 0.963865 0.023948 -0.278190
v 1.061726 0.081900 -0.087839
v 1.057526 0.016840 0.013335
v 1.274419 0.010563 -0.211413
v 1.255169 0.008297 -0.272569
v 1.281368 0.008297 -0.147677
v 1.238402 0.008297 -0.097608
v 1.243832 0.022098 -0.175586
v 1.211905 0.022098 -0.256000
v 1.153113 0.008297 -0.312426
v 0.583427 0.037055 -0.650853
v 0.537873 0.067872 -0.710735
v 0.470949 0.037055 -0.759294
v 0.427064 0.072109 -0.641941
v 0.363491 0.015441 -0.662658
v 0.501854 0.072109 -0.587146
v 0.552926 0.015441 -0.516278
v 0.741061 -0.026090 -0.775022
v 0.736341 -0.061630 -0.841501
v 0.636032 -0.027799 -0.889636
v 0.662692 0.013526 -0.682933
v 0.667485 0.004846 -0.769495
v 0.616231 0.004846 -0.823875
v 0.517851 0.005832 -0.844427
v 0.135039 0.057418 -0.757850
v 0.013812 0.067874 -0.742758
v 0.042021 0.099150 -0.687076
v -0.108264 0.013855 -0.604958
v 0.168142 0.054775 -0.638395
v 0.131666 0.037062 -0.976942
v 0.006726 0.055158 -0.969980
v 0.063281 0.063483 -0.855299
v -0.090836 0.010435 -0.782619
v 0.223033 0.014838 -0.855194
v 0.030767 0.010435 -1.142817
v -0.065070 0.031439 -1.242848
v 0.009420 0.037544 -1.127843
v -0.097316 0.023329 -1.072035
v 0.144146 0.010435 -1.020026
v -0.014564 0.519725 -0.374309
v -0.010302 1.457728 -0.348134
v -0.034189 0.191974 -0.465228
v -0.057435 0.063440 -0.562165
v -0.074305 0.027272 -0.710168
v -0.049656 0.032927 -0.939438
v -0.114800 0.032764 -1.222754
v -0.056031 0.044252 -1.121556
v -0.014621 0.041466 -0.826451
v -0.021849 0.067361 -0.643733
v -0.016226 0.134826 -0.535573
v -0.002803 0.301299 -0.440424
v 0.006300 0.927767 -0.368740
v -0.165672 0.522825 -0.307403
v -0.140013 1.415012 -0.274733
v -0.222973 0.194580 -0.381298
v -0.304899 0.028476 -0.473538
v -0.227936 0.098369 -0.440758
v -0.151386 0.315404 -0.346101
v -0.125696 0.915175 -0.298749
v 0.249866 0.452102 0.380812
v 0.244126 0.866233 0.365349
v 0.286754 0.213729 0.480427
v 0.314817 0.058795 0.585423
v 0.317281 0.037525 0.711148
v 0.347379 0.037525 0.863134
v 0.369336 0.033614 1.011404
v 0.356975 0.009942 1.177347
v 0.343096 0.029703 1.130912
v 0.328080 0.053169 0.961022
v 0.306021 0.057912 0.810763
v 0.287965 0.061474 0.654953
v 0.273343 0.138248 0.545538
v 0.246138 0.324765 0.436442
v 0.226477 0.628162 0.371719
v 0.098382 0.424843 0.416882
v 0.097899 0.654488 0.387159
v 0.100144 0.201527 0.502961
v 0.083830 0.039453 0.693856
v 0.080614 0.007645 0.844527
v 0.065715 0.015923 0.797287
v 0.073762 0.114563 0.589683
v 0.079639 0.314860 0.451479
v 0.079013 0.544619 0.403299
v 0.136239 0.532703 -0.386827
v 0.130314 1.565040 -0.395401
v 0.150757 0.186352 -0.473903
v 0.168322 0.040229 -0.559978
v 0.190631 0.091316 -0.536911
v 0.163696 0.301299 -0.418414
v 0.150130 0.980132 -0.394506
v -0.383151 0.030551 0.780859
v -0.357558 0.019678 0.840375
v -0.335239 0.028441 0.798699
v -0.292146 0.013252 0.814893
v -0.346319 0.032851 0.729046
v -0.453451 0.027424 0.794172
v -0.434867 0.018714 0.849460
v -0.412837 0.026028 0.824898
v -0.377469 0.012664 0.846510
v -0.411697 0.029921 0.747802
v -0.502646 0.019321 0.840789
v -0.487235 0.017071 0.871755
v -0.477173 0.021906 0.841228
v -0.442663 0.013025 0.849927
v -0.471204 0.021935 0.777125
v -0.533416 0.016553 0.895573
v -0.521647 0.016488 0.914887
v -0.517618 0.018431 0.888566
v -0.483660 0.013557 0.882469
v -0.507395 0.014613 0.842705
v -0.535648 0.015907 0.899340
v -0.529801 0.015907 0.912828
v -0.541310 0.017352 0.920006
v -0.514559 0.014106 0.911925
v -0.529259 0.014121 0.884663
v 0.520496 0.524110 -0.009595
v 0.475491 0.520042 -0.073198
v 0.400745 0.505694 -0.133110
v 0.364452 0.507827 -0.187030
v 0.338096 0.523207 -0.237074
v 0.285967 0.538654 -0.282741
v 0.223535 0.545641 -0.308817
v 0.174188 0.540778 -0.312957
v 0.093957 0.533037 -0.328355
v 0.046109 0.526994 -0.331420
v -0.029624 0.523716 -0.268913
v -0.068559 0.530105 -0.252706
v -0.147894 0.517002 -0.198476
v -0.164963 0.514790 -0.133110
v -0.169814 0.515975 -0.073198
v -0.182465 0.517081 -0.009595
v -0.202696 0.515501 0.055253
v -0.209453 0.499402 0.118856
v -0.184636 0.478263 0.178768
v -0.129200 0.471644 0.232688
v -0.083345 0.462734 0.278542
v -0.043792 0.450980 0.314151
v 0.030487 0.436476 0.339387
v 0.077877 0.430692 0.364322
v 0.158938 0.432306 0.352038
v 0.206951 0.449224 0.346621
v 0.282453 0.458752 0.314570
v 0.336372 0.467663 0.304577
v 0.382227 0.471644 0.258722
v 0.418255 0.476289 0.178767
v 0.443933 0.500903 0.118855
v 0.489004 0.521780 0.055253
v 0.518765 1.288251 -0.008840
v 0.469790 1.279405 -0.070599
v 0.406948 1.276672 -0.128775
v 0.370103 1.291601 -0.181132
v 0.327632 1.284381 -0.225658
v 0.274344 1.355706 -0.298887
v 0.211981 1.441406 -0.361230
v 0.165731 1.444171 -0.352841
v 0.092836 1.389986 -0.299798
v 0.047378 1.347689 -0.293492
v -0.027564 1.324743 -0.260642
v -0.067375 1.312745 -0.238899
v -0.125721 1.277746 -0.182767
v -0.156173 1.262265 -0.128775
v -0.178760 1.270558 -0.070599
v -0.191044 1.278299 -0.008840
v -0.194416 1.267241 0.054129
v -0.185366 1.140736 0.115888
v -0.161269 0.992778 0.174064
v -0.123050 0.960268 0.226421
v -0.078525 0.897900 0.270946
v -0.040118 0.815627 0.299371
v 0.032008 0.714114 0.330027
v 0.078025 0.657718 0.343075
v 0.156736 0.684921 0.342312
v 0.203358 0.775818 0.334619
v 0.276671 0.870033 0.305930
v 0.329028 0.932401 0.295160
v 0.373554 0.960268 0.250634
v 0.408538 0.992778 0.174063
v 0.438684 1.165064 0.115887
v 0.488124 1.291569 0.054128
v -0.192173 0.885872 0.085348
v -0.190111 0.780685 0.145465
v 0.251780 0.662480 0.317754
v 0.303408 0.698880 0.295559
v -0.050753 0.936737 -0.247707
v -0.121239 0.922123 -0.212658
v 0.427737 0.906900 -0.099807
v 0.376967 0.910853 -0.155211
v -0.101234 0.722768 0.249431
v -0.056152 0.666462 0.288323
v 0.422300 0.784161 0.145465
v 0.453267 0.906726 0.085348
v 0.006211 0.611767 0.321657
v 0.245418 0.992022 -0.311384
v 0.187537 1.009401 -0.331958
v 0.129294 0.545982 0.345993
v 0.184112 0.607596 0.338280
v -0.168708 0.912319 -0.039691
v -0.191725 0.911845 0.022829
v 0.505578 0.916742 0.022829
v 0.498294 0.920692 -0.039691
v 0.351970 0.727697 0.287076
v 0.391824 0.736323 0.207143
v -0.144323 0.736323 0.200869
v -0.000878 0.944429 -0.273483
v 0.348323 0.918275 -0.203773
v 0.302878 0.925352 -0.249076
v 0.058922 0.571007 0.339062
v -0.167066 0.905604 -0.099807
v 0.120281 0.994155 -0.303521
v 0.066524 0.960465 -0.310656
v -0.142433 0.906315 -0.156847
v 0.620038 0.235542 -0.016914
v 0.563061 0.210609 -0.094873
v 0.471010 0.172663 -0.168309
v 0.426850 0.172663 -0.234400
v 0.402344 0.221250 -0.315743
v 0.347791 0.256823 -0.385042
v 0.264913 0.221250 -0.390322
v 0.196335 0.185677 -0.380165
v 0.093835 0.195508 -0.418933
v 0.036649 0.201160 -0.426594
v -0.057560 0.185677 -0.334765
v -0.106687 0.193949 -0.315111
v -0.203169 0.185677 -0.250559
v -0.234670 0.185677 -0.174343
v -0.267844 0.185677 -0.103641
v -0.269964 0.185677 -0.020497
v -0.273335 0.185677 0.059084
v -0.269297 0.199497 0.140969
v -0.233471 0.199497 0.217699
v -0.179136 0.185677 0.279337
v -0.126772 0.185677 0.336680
v -0.081116 0.190345 0.386821
v 0.019098 0.185677 0.417841
v 0.075231 0.200934 0.436636
v 0.169303 0.185677 0.428363
v 0.228779 0.213202 0.430100
v 0.329996 0.185677 0.386457
v 0.401366 0.189232 0.371385
v 0.457572 0.189232 0.315180
v 0.496452 0.185677 0.220000
v 0.521591 0.185677 0.140531
v 0.578568 0.210609 0.062572
v 0.330973 0.301246 0.330267
v 0.272680 0.305178 0.358329
v -0.223746 0.313092 0.161296
v -0.228163 0.303221 0.093419
v -0.075001 0.301246 0.324353
v -0.125903 0.301246 0.278682
v -0.160649 0.303610 -0.252503
v -0.066884 0.303610 -0.283532
v 0.400559 0.281726 -0.178194
v 0.468606 0.300797 -0.115638
v 0.494237 0.304050 0.093418
v 0.464239 0.301246 0.161295
v -0.004588 0.301246 0.361990
v -0.228509 0.301246 0.022829
v -0.204698 0.301246 -0.047761
v 0.206896 0.306503 -0.335803
v 0.281877 0.338046 -0.340788
v 0.196278 0.305178 0.381506
v 0.134384 0.303519 0.387410
v 0.550685 0.320873 -0.047761
v 0.557637 0.320873 0.022829
v 0.430802 0.301246 0.230438
v 0.385804 0.301246 0.318204
v -0.012779 0.301246 -0.314218
v -0.174136 0.303221 0.223852
v 0.344433 0.338046 -0.307351
v 0.382686 0.303250 -0.237214
v -0.200967 0.301246 -0.115638
v 0.054928 0.303519 0.379585
v 0.063623 0.301246 -0.386011
v 0.125517 0.301246 -0.347542
v -0.176243 0.301246 -0.181464
v 0.700007 0.146074 -0.027612
v 0.655884 0.086023 -0.122118
v 0.558123 0.013174 -0.216190
v 0.503320 0.013174 -0.298208
v 0.455558 0.060843 -0.382585
v 0.382817 0.095714 -0.439683
v 0.309913 0.060843 -0.472818
v 0.231537 0.026179 -0.487613
v 0.084188 0.085311 -0.510595
v 0.029660 0.125513 -0.500297
v -0.102228 0.026179 -0.422763
v -0.173955 0.027360 -0.401388
v -0.289861 0.026179 -0.333714
v -0.385348 0.026179 -0.259544
v -0.467128 0.026179 -0.188054
v -0.390181 0.026179 -0.054049
v -0.390181 0.026179 0.045271
v -0.430097 0.041962 0.170225
v -0.353491 0.041962 0.285031
v -0.248823 0.026179 0.335061
v -0.206673 0.026179 0.412985
v -0.161766 0.058652 0.485146
v 0.012059 0.026179 0.552830
v 0.072147 0.037983 0.598773
v 0.155422 0.026179 0.536263
v 0.235660 0.057430 0.507596
v 0.410114 0.026179 0.508144
v 0.537657 0.050857 0.504559
v 0.602239 0.050857 0.439977
v 0.616687 0.026179 0.301570
v 0.616501 0.026179 0.167082
v 0.674682 0.086023 0.068744
v 0.589278 0.101041 0.111336
v 0.559720 0.090127 0.202477
v -0.022594 0.094796 0.465127
v -0.148993 0.094796 0.410541
v -0.314233 0.090127 0.012364
v -0.354352 0.090127 -0.088966
v 0.244904 0.099415 -0.427205
v 0.324467 0.155140 -0.425642
v 0.201997 0.097991 0.461502
v 0.127894 0.094023 0.507609
v 0.643404 0.166521 -0.065679
v 0.652122 0.166521 0.022829
v 0.318405 0.097991 0.450037
v 0.549473 0.093682 0.320409
v 0.498333 0.111457 0.411659
v -0.113312 0.091309 -0.361583
v -0.041998 0.095780 -0.397357
v 0.558420 0.097787 -0.150786
v -0.182141 0.090127 0.337825
v -0.250303 0.094076 0.280509
v 0.400806 0.155140 -0.383718
v 0.452977 0.096161 -0.302159
v 0.051441 0.094023 0.504350
v -0.353896 0.090127 -0.189723
v 0.053798 0.154765 -0.479373
v 0.130786 0.099958 -0.441654
v 0.424304 0.093682 0.445578
v -0.323693 0.113819 0.212922
v -0.259866 0.090127 -0.241604
v -0.234437 0.091309 -0.336170
v 0.482272 0.070607 -0.229221
v -0.349198 0.094076 0.097727
v -0.197789 0.038996 0.584332
v -0.217917 0.014131 0.536633
v -0.093605 0.014131 0.579849
v -0.243406 0.021358 0.664657
v -0.244848 0.011191 0.631205
v -0.166187 0.011191 0.673250
v 0.067361 0.006417 0.754190
v 0.059120 0.006417 0.681239
v 0.102096 0.006417 0.685471
v -0.015058 0.445292 0.329510
v -0.012217 0.775818 0.314285
v -0.039542 0.190345 0.405809
v -0.080949 0.058652 0.508944
v -0.147644 0.038996 0.607902
v -0.203139 0.021358 0.691031
v -0.196921 0.042972 0.639772
v -0.148289 0.060609 0.547910
v -0.089641 0.118138 0.449168
v -0.040614 0.301246 0.358565
v -0.025696 0.637645 0.310835
v 0.259843 0.036045 0.629301
v 0.231489 0.012658 0.559905
v 0.314233 0.012658 0.553427
v 0.267481 0.036045 0.769858
v 0.250306 0.012658 0.706936
v 0.325048 0.012658 0.669386
v 0.286513 0.032113 0.894513
v 0.256192 0.012658 0.842313
v 0.358055 0.012658 0.793294
v 0.307845 0.008726 1.062989
v 0.284524 0.008726 0.994466
v 0.355652 0.008726 0.960238
v 0.656578 0.033027 0.618048
v 0.703537 0.033027 0.576495
v 0.590860 0.011904 0.595233
v 0.633766 0.047247 0.538635
v 0.690866 0.011904 0.495227
v 0.695826 0.033027 0.712987
v 0.749200 0.033027 0.692575
v 0.709546 0.047247 0.652261
v 0.764391 0.011904 0.637095
v 0.675953 0.011904 0.686687
v 0.713046 0.029473 0.825169
v 0.755417 0.029473 0.791596
v 0.725341 0.047247 0.757895
v 0.781535 0.011904 0.746072
v 0.691265 0.011904 0.793737
v 0.809407 0.008349 0.914529
v 0.833650 0.008349 0.892619
v 0.770701 0.025918 0.854452
v 0.811585 0.008349 0.843681
v 0.753707 0.008349 0.895990
v 0.834248 0.128436 -0.057556
v 0.807099 0.066512 -0.152538
v 0.835887 0.066512 0.040262
v 0.747540 0.021493 0.100516
v 0.760338 0.121481 0.013778
v 0.750651 0.121481 -0.084578
v 0.720432 0.021493 -0.174715
v 0.988926 0.049103 -0.150903
v 0.943063 0.026845 -0.230077
v 1.018462 0.026845 -0.064302
v 0.894417 0.080660 -0.150706
v 0.871557 0.015661 -0.234204
v 0.923209 0.080660 -0.058303
v 0.952128 0.015661 0.024368
v 1.143875 0.009350 -0.174072
v 1.127172 0.007072 -0.227744
v 1.149787 0.007072 -0.118173
v 1.111414 0.007072 -0.073456
v 1.076878 0.020534 -0.132348
v 1.049936 0.020534 -0.200205
v 1.036024 0.007072 -0.263340
v 0.519601 0.035572 -0.533397
v 0.481161 0.066556 -0.583928
v 0.424688 0.035572 -0.624904
v 0.387656 0.070816 -0.525877
v 0.340633 0.014255 -0.571580
v 0.450767 0.070816 -0.479639
v 0.508048 0.014255 -0.442190
v 0.669962 -0.029159 -0.678589
v 0.670457 -0.063112 -0.729649
v 0.581888 -0.029159 -0.772035
v 0.597368 0.004594 -0.603250
v 0.590533 0.003189 -0.633512
v 0.547283 0.003189 -0.679400
v 0.476340 0.004594 -0.731658
v 0.132316 0.043373 -0.631762
v 0.038938 0.066558 -0.610950
v 0.062742 0.098004 -0.563963
v -0.074997 0.012660 -0.520486
v 0.148348 0.012940 -0.575019
v 0.138388 0.035579 -0.808564
v 0.032958 0.053774 -0.802689
v 0.080682 0.062144 -0.705917
v -0.059576 0.009221 -0.676895
v 0.218207 0.013649 -0.741033
v 0.047320 0.009221 -0.995206
v -0.036901 0.030310 -1.083956
v 0.035232 0.036064 -0.935900
v -0.055220 0.006335 -0.935013
v 0.148581 0.009221 -0.885540
v 0.014997 0.525651 -0.299987
v 0.017569 1.338289 -0.281534
v -0.001567 0.191329 -0.376759
v -0.021183 0.062100 -0.458559
v -0.035418 0.025736 -0.583449
v -0.016968 0.022782 -0.778859
v -0.064040 0.022512 -1.064715
v -0.021173 0.038488 -0.931566
v 0.014945 0.040007 -0.681574
v 0.008845 0.066042 -0.527389
v 0.013591 0.133872 -0.436119
v 0.024917 0.301246 -0.355829
v 0.032608 0.950393 -0.294930
v -0.112439 0.528526 -0.243482
v -0.094501 1.301687 -0.220464
v -0.160871 0.193949 -0.305935
v -0.248129 0.027360 -0.405453
v -0.165059 0.097218 -0.356110
v -0.100463 0.315427 -0.276235
v -0.078764 0.936707 -0.235989
v 0.238130 0.454912 0.337163
v 0.233633 0.815627 0.325435
v 0.269257 0.213202 0.421222
v 0.292937 0.057430 0.509822
v 0.295017 0.036045 0.615913
v 0.320414 0.036045 0.744165
v 0.338943 0.032113 0.869281
v 0.335130 0.008726 1.049858
v 0.316801 0.028180 0.970127
v 0.304130 0.051773 0.826767
v 0.285123 0.051773 0.700056
v 0.270642 0.051773 0.571534
v 0.257940 0.137313 0.476165
v 0.234984 0.324839 0.384106
v 0.218393 0.637645 0.329490
v 0.110302 0.426521 0.367515
v 0.109510 0.628524 0.346176
v 0.111788 0.200934 0.440237
v 0.098022 0.037983 0.601322
v 0.091840 0.006417 0.756601
v 0.082735 0.014326 0.688601
v 0.089526 0.113500 0.513416
v 0.094485 0.314880 0.396794
v 0.093957 0.550437 0.355626
v 0.142228 0.539199 -0.310702
v 0.137504 1.433112 -0.317697
v 0.154497 0.185677 -0.384079
v 0.167163 0.026179 -0.492471
v 0.188144 0.090127 -0.437248
v 0.165416 0.301246 -0.337256
v 0.153861 1.005056 -0.317884
v -0.305408 0.018289 0.705678
v -0.285228 0.016838 0.744172
v -0.257447 0.022112 0.704458
v -0.248319 0.011366 0.753373
v -0.298602 0.015820 0.690586
v -0.367080 0.017674 0.713410
v -0.352693 0.016260 0.751494
v -0.324693 0.019359 0.726063
v -0.329726 0.011596 0.783675
v -0.359178 0.017300 0.706288
v -0.411591 0.016025 0.744299
v -0.398375 0.015604 0.769116
v -0.380429 0.018180 0.735486
v -0.389447 0.012117 0.786358
v -0.414582 0.016024 0.726190
v -0.441577 0.015189 0.792243
v -0.431067 0.015183 0.809437
v -0.415923 0.016829 0.773144
v -0.427176 0.012716 0.816094
v -0.449166 0.013137 0.779954
v -0.482034 0.015164 0.838799
v -0.476657 0.015164 0.851360
v -0.451002 0.016085 0.816525
v -0.462042 0.013358 0.850363
v -0.475792 0.013360 0.824796
v -0.029702 0.010795 -1.181088
v 0.089912 0.005412 -0.996240
v 0.065406 1.493780 -0.296331
v 0.009014 1.468271 -0.348620
v 0.841101 0.005412 0.977610
v 0.697743 0.036120 0.912496
v 0.362812 0.005412 0.767720
v 0.382781 0.005412 0.907402
v -0.150079 0.005412 0.667653
v -0.223438 0.008847 0.752550
v 0.150720 1.582938 -0.343831
v 0.109770 1.555367 -0.371562
v 0.225981 0.005412 -0.886155
v -0.141384 1.385510 -0.157626
v -0.228189 1.379131 -0.133638
v 0.890916 0.005412 0.088311
v 0.697952 0.005412 0.134049
v -0.500254 0.013890 0.886605
v -0.510491 0.016165 0.878015
v -0.192362 1.344635 0.085198
v -0.228808 1.130515 0.152895
v 0.557454 -0.005818 -0.845889
v 0.696640 -0.073203 -0.828766
v 0.691723 0.005412 0.424699
v 0.775886 0.005412 0.595240
v -0.058325 0.905935 0.289177
v -0.059409 0.845835 0.339793
v 0.412874 0.005412 -0.711631
v 0.833291 0.013231 -0.230973
v 0.984846 0.005412 -0.301522
v 0.830416 0.005412 0.733264
v -0.358867 0.005412 -0.313928
v -0.325624 0.005412 -0.436377
v -0.097717 0.005412 -0.505433
v -0.113372 0.005412 -0.633697
v 0.184201 0.788236 0.340511
v 0.225741 0.845835 0.367877
v 1.181479 0.005412 -0.271508
v 1.225123 0.005412 -0.219822
v 0.434201 1.389933 -0.101701
v 0.428967 1.409002 -0.198362
v 0.238207 0.014295 0.661651
v 0.195588 0.005412 0.547335
v -0.494123 0.009350 0.093286
v -0.409257 0.005412 -0.007298
v 0.393868 1.045619 0.207823
v 0.464957 1.137433 0.152895
v 0.243474 1.556877 -0.353771
v 0.184700 1.585708 -0.452583
v 0.887296 0.005412 0.935859
v 0.878953 0.005412 0.969780
v 0.325364 0.005412 0.634323
v -0.049447 0.005412 0.585375
v -0.251873 0.005412 0.505526
v -0.249651 0.005412 0.392368
v -0.464830 0.014955 0.775746
v -0.420290 0.021859 0.722761
v -0.086344 0.037707 -1.198213
v -0.002364 1.461717 -0.275611
v -0.090772 1.438740 -0.305207
v 0.331926 0.005412 1.145836
v 0.305262 0.005412 1.130495
v 0.072801 0.005412 0.836739
v 0.050285 0.005412 0.777006
v 0.113822 0.005412 0.651569
v -0.435857 0.011282 0.833308
v -0.470735 0.012244 0.871143
v -0.250112 1.392494 -0.063408
v 0.565710 0.011396 -0.560384
v 0.530485 0.002168 -0.389175
v -0.022134 0.794333 0.357677
v 0.357602 0.005412 1.105308
v -0.194212 1.042225 0.217619
v 0.700403 -0.002399 -0.686104
v -0.310858 0.009509 0.812628
v 0.039444 0.713211 0.376357
v 0.673628 0.036120 0.782153
v 0.633114 0.036120 0.690323
v -0.529456 0.005412 -0.280296
v 0.252505 0.897974 0.319791
v 0.325058 0.967706 0.327872
v 0.232258 0.011289 -0.697112
v 0.154523 0.007654 -0.561393
v 0.379156 1.407587 -0.255093
v 1.231662 0.005412 -0.166000
v 1.216360 0.005412 -0.109490
v 0.830489 0.005412 0.834849
v 0.364173 0.005412 0.546534
v -0.463460 0.029040 0.262358
v 0.096029 0.005412 0.781511
v -0.243964 0.005412 -0.450306
v 0.507484 1.381364 0.082665
v -0.065018 0.005412 -0.847283
v -0.120763 1.426920 -0.283557
v 0.268217 0.005412 0.962534
v 0.036966 0.005412 0.653331
v 0.557420 -0.014055 -0.290443
v 0.658493 0.002168 -0.210666
v -0.493010 0.012409 0.834638
v 0.204783 0.005412 -0.551347
v -0.257306 1.391551 0.009629
v 0.743892 -0.073203 -0.778632
v 0.528432 0.005412 0.587991
v 0.652899 0.005412 0.239536
v -0.147654 1.015247 0.274351
v -0.171107 0.005412 -0.451678
v -0.357934 0.025360 0.709054
v -0.299224 0.016665 0.685579
v 0.080373 0.672273 0.382195
v 0.517455 1.406358 0.022090
v 0.561551 1.409159 -0.063408
v 1.108009 0.005412 -0.030729
v -0.505385 0.005412 -0.142772
v -0.386219 0.010024 0.820318
v 0.121655 0.663406 0.384454
v 0.381789 1.025057 0.316134
v 0.323819 1.418434 -0.314382
v -0.343805 0.009350 0.333883
v 0.236851 0.014295 0.821936
v -0.259648 0.005412 0.616152
v -0.110645 0.013182 -1.137104
v -0.109457 1.414755 -0.204665
v 0.284858 0.005412 -0.554638
v -0.510379 0.013891 0.863936
v -0.260210 0.865957 0.082397
v -0.235471 1.117146 0.153639
v 0.266042 0.651954 0.357811
v 0.327225 0.957414 0.331152
v -0.092399 0.914771 -0.312339
v -0.159534 1.391052 -0.258379
v 0.474386 0.885982 -0.137024
v 0.431960 1.390009 -0.202681
v -0.152300 0.709707 0.276845
v -0.098875 0.894114 0.321909
v 0.468081 0.768520 0.153638
v 0.512005 1.363252 0.082396
v -0.024971 0.787318 0.361412
v 0.258617 0.967646 -0.386089
v 0.185030 1.563733 -0.458782
v 0.120890 0.540351 0.391377
v 0.185852 0.779174 0.382137
v -0.231378 0.891292 -0.065782
v -0.263385 1.373246 0.008308
v 0.566430 0.895530 0.008308
v 0.566797 1.390521 -0.065782
v 0.384774 0.714429 0.321538
v 0.432003 1.030524 0.226374
v -0.203504 0.722693 0.219296
v -0.033380 0.922053 -0.342901
v 0.380391 0.896879 -0.260230
v 0.325991 1.399621 -0.320136
v 0.037495 0.564325 0.383164
v -0.230179 0.884860 -0.137024
v 0.110259 0.969689 -0.378438
v 0.046390 1.468181 -0.366309
v -0.196562 1.362450 -0.202752
v -0.062783 0.837847 0.343465
v 0.006614 1.448516 -0.355589
v -0.125045 1.408207 -0.289446
v 0.226477 0.837847 0.371719
v 0.079013 0.667565 0.386849
v 0.146673 1.555250 -0.420336
v 0.130854 1.395550 -0.393348
v 0.097625 0.620503 0.391424
v 0.244373 0.800737 0.366291
v -0.144138 1.269247 -0.279821
v -0.011101 1.304209 -0.351683
v -0.046289 0.762389 0.353345
v -0.261699 1.235769 0.045531
v 0.164349 1.406202 -0.433456
v 0.005997 0.702951 0.371720
v -0.216555 1.230975 -0.170712
v 0.544726 1.259203 0.045531
v 0.405086 1.258826 -0.232613
v -0.181190 1.245888 -0.234979
v 0.357157 0.913223 0.330580
v 0.024160 1.313263 -0.366555
v -0.223366 0.971384 0.187328
v 0.077948 1.354007 -0.373643
v 0.292593 1.320986 -0.370389
v -0.242296 1.238964 -0.101932
v 0.060402 0.648625 0.387758
v 0.451159 0.971384 0.187327
v 0.355559 1.252280 -0.285254
v -0.064381 1.291160 -0.326615
v -0.177325 0.940066 0.249228
v 0.523278 1.247486 -0.101932
v 0.409799 0.940066 0.277938
v 0.208580 0.762389 0.377148
v 0.580899 1.256008 -0.028916
v -0.256820 1.246421 -0.028916
v 0.153460 0.674829 0.386243
v 0.219020 1.403539 -0.442653
v -0.079276 0.800737 0.335713
v 0.486573 1.137343 0.118547
v -0.124683 0.879989 0.301870
v 0.448577 1.244445 -0.170712
v -0.111361 1.279899 -0.301184
v 0.295257 0.853145 0.343230
v -0.251856 1.113909 0.118548
v 0.048209 1.488315 -0.358889
v 0.020802 1.471082 -0.316609
v 0.146946 1.577062 -0.413862
v 0.114390 1.558389 -0.337919
v -0.191114 1.380546 -0.198362
v -0.199523 1.381726 -0.116922
v -0.250112 1.339860 0.082666
v -0.200099 1.132506 0.149224
v -0.094988 0.903186 0.318736
v -0.042752 0.847134 0.322824
v 0.185694 0.786032 0.378146
v 0.222110 0.847134 0.348911
v 0.475026 1.384948 -0.133638
v 0.410877 1.411669 -0.177042
v 0.428347 1.042225 0.224583
v 0.444306 1.139440 0.149224
v 0.254293 1.551122 -0.425365
v 0.183989 1.588805 -0.413176
v -0.030222 1.456401 -0.334909
v -0.071884 1.441480 -0.276285
v -0.219887 1.395121 -0.051689
v -0.008129 0.795506 0.339436
v -0.167964 1.044001 0.209343
v 0.049068 0.714188 0.356787
v 0.264745 0.895263 0.354166
v 0.314361 0.969301 0.311752
v 0.364610 1.410250 -0.229737
v 0.483807 1.383964 0.083991
v -0.099741 1.429631 -0.256175
v -0.226569 1.394176 0.016151
v -0.124719 1.016958 0.262038
v 0.087085 0.673150 0.362210
v 0.571378 1.401298 0.009629
v 0.534028 1.411826 -0.051689
v 0.125429 0.664262 0.364308
v 0.367056 1.026792 0.300849
v 0.313210 1.421125 -0.284808
v -0.154164 1.409656 -0.252801
v 0.287553 1.483734 -0.359644
v 0.400666 1.033597 0.270640
v -0.128776 1.420898 -0.261301
v 0.511304 1.396879 -0.094037
v 0.154286 0.720163 0.375174
v -0.113053 0.962602 0.294078
v -0.244746 1.383032 0.047697
v -0.163650 1.394991 -0.219641
v 0.241667 0.868950 0.355996
v 0.081522 1.522756 -0.351334
v 0.533117 1.410725 0.047697
v 0.348257 1.402543 -0.270238
v 0.350069 1.001876 0.321237
v 0.100620 0.655965 0.376936
v 0.568161 1.406949 -0.023857
v 0.064842 0.689197 0.373412
v -0.163650 1.033597 0.243481
v -0.244746 1.395620 -0.023857
v -0.003744 1.463908 -0.332157
v -0.100985 1.433486 -0.284108
v 0.163414 1.584436 -0.424050
v 0.475656 1.266722 0.117877
v 0.399458 1.412613 -0.219641
v 0.290574 0.930881 0.333831
v 0.012551 0.753394 0.361215
v -0.203404 1.070605 0.183985
v -0.037704 0.823634 0.342305
v -0.230786 1.386809 -0.094037
v -0.055370 1.448488 -0.309992
v 0.216008 1.581289 -0.436679
v 0.440420 1.070605 0.183985
v 0.441628 1.395620 -0.160145
v 0.207265 0.823634 0.366432
v -0.069410 0.868950 0.325358
v -0.230786 1.239029 0.117877
v -0.200987 1.377368 -0.160145
v 0.131866 1.571848 -0.377922
v 0.030054 1.474608 -0.342593
v 0.057209 1.491175 -0.326147
v 0.148922 1.580137 -0.377210
v -0.165087 1.383144 -0.177042
v -0.219887 1.342359 0.083991
v -0.075799 0.904625 0.303266
v 0.184912 0.787185 0.358449
v 0.453660 1.387557 -0.116922
v 0.410302 1.044001 0.215811
v 0.248630 1.554134 -0.387894
v -0.015642 1.459183 -0.303874
v 0.258339 0.896682 0.336175
v 0.543156 1.403947 0.016151
v -0.130765 1.412325 -0.227608
v 0.031538 1.473642 -0.287458
v 0.118598 1.561142 -0.307281
v -0.173419 1.384089 -0.101701
v -0.173954 1.134319 0.145881
v -0.027583 0.848317 0.307371
v 0.218804 0.848317 0.331638
v 0.394403 1.414098 -0.157626
v 0.425501 1.141268 0.145880
v 0.183342 1.591625 -0.377289
v -0.054682 1.443975 -0.249947
v -0.192362 1.397514 -0.041018
v 0.004625 0.796576 0.322825
v -0.144061 1.045619 0.201807
v 0.057832 0.715077 0.338965
v 0.304620 0.970754 0.297072
v 0.351363 1.412676 -0.206645
v 0.462246 1.386332 0.085198
v -0.080596 1.432100 -0.231240
v -0.198577 1.396566 0.022090
v -0.103832 1.018516 0.250826
v 0.093197 0.673949 0.344010
v 0.508964 1.414256 -0.041018
v 0.128867 0.665041 0.345961
v 0.353639 1.028371 0.286929
v 0.303549 1.423574 -0.257875
v 0.277053 1.487364 -0.316756
v 0.379642 1.035833 0.254884
v -0.100538 1.424333 -0.227563
v 0.479986 1.400239 -0.075863
v 0.156186 0.721429 0.349691
v -0.086278 0.964619 0.276141
v -0.205718 1.386350 0.052685
v -0.132167 1.398345 -0.189779
v 0.235437 0.870676 0.332298
v 0.090193 1.526506 -0.309219
v 0.499769 1.414129 0.052684
v 0.332109 1.405921 -0.235669
v 0.333753 1.004014 0.300773
v 0.107513 0.657033 0.351289
v 0.531552 1.410341 -0.012212
v 0.075065 0.690367 0.348093
v -0.132167 1.035833 0.230252
v -0.205718 1.398977 -0.012212
v 0.012860 1.467476 -0.291826
v -0.075333 1.436960 -0.248248
v 0.164465 1.588377 -0.375170
v 0.447655 1.269679 0.116334
v 0.378546 1.416023 -0.189779
v 0.279793 0.932799 0.312195
v 0.027639 0.754763 0.337031
v -0.168222 1.072956 0.176292
v -0.017940 0.825220 0.319881
v -0.193057 1.390138 -0.075862
v -0.033962 1.452009 -0.271724
v 0.212165 1.585220 -0.386623
v 0.415697 1.072956 0.176291
v 0.416793 1.398977 -0.135820
v 0.204235 0.825220 0.341763
v -0.046696 0.870676 0.304511
v -0.193057 1.241901 0.116335
v -0.166030 1.380668 -0.135820
v 0.135852 1.575750 -0.333333
v 0.043514 1.478209 -0.301291
v 0.576994 0.517189 0.008308
v 0.569140 0.518135 -0.068173
v 0.484230 0.508192 -0.141714
v 0.412101 0.496158 -0.209490
v 0.389791 0.511526 -0.270137
v 0.339228 0.523521 -0.327893
v 0.270866 0.539488 -0.373449
v 0.198227 0.535807 -0.388614
v 0.112460 0.530849 -0.391508
v 0.045704 0.522780 -0.420099
v -0.036998 0.518940 -0.355745
v -0.096176 0.518882 -0.323533
v -0.196392 0.515382 -0.289109
v -0.213552 0.509812 -0.212898
v -0.238483 0.509641 -0.141714
v -0.230715 0.511249 -0.068173
v -0.268400 0.511136 0.008308
v -0.272683 0.505406 0.084788
v -0.279301 0.482669 0.158329
v -0.214147 0.469590 0.226105
v -0.159609 0.465853 0.285511
v -0.104459 0.452368 0.334150
v -0.028170 0.439269 0.374927
v 0.036311 0.430072 0.396464
v 0.122398 0.424079 0.404943
v 0.189456 0.439248 0.394943
v 0.272234 0.452392 0.369832
v 0.335392 0.460132 0.341981
v 0.394798 0.467034 0.331811
v 0.443551 0.469099 0.233821
v 0.480024 0.480556 0.158328
v 0.513155 0.510607 0.084787
v 0.575571 1.396408 0.008638
v 0.565650 1.404229 -0.065188
v 0.478229 1.380124 -0.136177
v 0.431547 1.403983 -0.201601
v 0.381351 1.402650 -0.258945
v 0.325436 1.413459 -0.318816
v 0.255181 1.545486 -0.430642
v 0.184854 1.579901 -0.458124
v 0.109081 1.549710 -0.376674
v 0.046843 1.482992 -0.364060
v -0.032439 1.451237 -0.339639
v -0.093622 1.433675 -0.309613
v -0.157877 1.404735 -0.256748
v -0.195113 1.375759 -0.201619
v -0.232510 1.374351 -0.136177
v -0.254484 1.387648 -0.065188
v -0.261939 1.386709 0.008638
v -0.254740 1.335275 0.082464
v -0.233382 1.126971 0.153453
v -0.198236 1.039120 0.218877
v -0.151139 1.012276 0.276221
v -0.097903 0.900773 0.321096
v -0.024262 0.792460 0.360458
v 0.037982 0.711742 0.379355
v 0.121081 0.662184 0.387540
v 0.185813 0.784200 0.381139
v 0.265718 0.892888 0.356900
v 0.326684 0.964972 0.330325
v 0.384028 1.022038 0.318477
v 0.431089 1.039120 0.225919
v 0.468085 1.133854 0.153452
v 0.511012 1.376572 0.082463
v 0.692484 0.229749 0.008308
v 0.683251 0.229749 -0.085436
v 0.576216 0.189315 -0.175577
v 0.489659 0.166936 -0.258652
v 0.463186 0.191961 -0.338915
v 0.416852 0.248270 -0.443358
v 0.334398 0.248270 -0.487762
v 0.233050 0.195197 -0.470265
v 0.120390 0.188796 -0.484540
v 0.038377 0.202424 -0.537816
v -0.063086 0.187757 -0.439059
v -0.135967 0.188409 -0.398485
v -0.259370 0.188409 -0.359947
v -0.283630 0.186352 -0.265227
v -0.337725 0.186352 -0.187113
v -0.352561 0.186352 -0.092335
v -0.352320 0.186352 0.005207
v -0.357985 0.189788 0.098019
v -0.335525 0.206970 0.197074
v -0.277007 0.189788 0.276935
v -0.212812 0.186352 0.346363
v -0.154302 0.187513 0.411983
v -0.049502 0.187513 0.464156
v 0.029361 0.190146 0.490688
v 0.128014 0.190146 0.499139
v 0.209172 0.193196 0.482673
v 0.316742 0.193196 0.457107
v 0.403875 0.187236 0.427184
v 0.478255 0.191656 0.403365
v 0.536449 0.187236 0.294610
v 0.571468 0.186352 0.193979
v 0.609534 0.192551 0.102051
v 0.792528 0.132030 0.005626
v 0.781335 0.132030 -0.108014
v 0.685727 0.027202 -0.214552
v 0.569069 0.007872 -0.307018
v 0.539887 0.023195 -0.418731
v 0.466543 0.088202 -0.509384
v 0.376066 0.088202 -0.563109
v 0.291025 0.025267 -0.578933
v 0.134637 0.060846 -0.568347
v 0.030028 0.131098 -0.633249
v -0.098993 0.025467 -0.538015
v -0.184627 0.027595 -0.473986
v -0.342943 0.027595 -0.454333
v -0.376817 0.027301 -0.329294
v -0.539841 0.027301 -0.287276
v -0.520903 0.027301 -0.148459
v -0.432851 0.027301 -0.011096
v -0.510453 0.031231 0.093892
v -0.478601 0.050881 0.261983
v -0.362050 0.031231 0.338680
v -0.267253 0.027301 0.402001
v -0.264518 0.024918 0.527539
v -0.071827 0.024918 0.595919
v 0.034237 0.021629 0.674472
v 0.104719 0.021629 0.675872
v 0.206130 0.024724 0.562115
v 0.359422 0.024724 0.564213
v 0.509368 0.054386 0.603252
v 0.604813 0.095341 0.549043
v 0.705086 0.023678 0.443409
v 0.667666 0.027301 0.240806
v 0.722529 0.029274 0.121040
v -0.279811 0.014587 0.652347
v -0.178137 0.014587 0.700137
v -0.317196 0.031663 0.708248
v -0.250372 0.014563 0.778077
v 0.047488 0.006588 0.799180
v 0.089871 0.006588 0.803354
v -0.067203 0.445467 0.367003
v -0.061939 0.843707 0.342430
v -0.103825 0.193317 0.458108
v -0.176148 0.076262 0.571393
v -0.237011 0.057572 0.687688
v -0.299337 0.032405 0.766434
v 0.248105 0.022735 0.701320
v 0.329723 0.013853 0.676101
v 0.259592 0.013853 0.871889
v 0.366919 0.013853 0.819794
v 0.281923 0.012875 1.018697
v 0.388231 0.012875 0.967539
v 0.310762 0.007609 1.156782
v 0.366016 0.007609 1.130192
v 0.667544 0.062603 0.714040
v 0.734627 0.079375 0.694714
v 0.807722 0.013103 0.633455
v 0.711273 0.062603 0.814929
v 0.824485 0.048667 0.815649
v 0.864458 0.013103 0.777209
v 0.735482 0.061719 0.951442
v 0.838756 0.043364 0.940472
v 0.866357 0.012219 0.887036
v 0.861917 0.007442 1.008833
v 0.909286 0.011335 1.012570
v 0.909176 0.007442 0.966122
v 0.961094 0.114021 -0.029136
v 0.943953 0.114021 -0.143930
v 0.881688 0.029248 -0.238082
v 0.938077 0.021429 0.072925
v 1.159632 0.044979 -0.147123
v 1.114740 0.044979 -0.245826
v 1.044254 0.011566 -0.316050
v 1.164180 0.011566 -0.052375
v 1.279463 0.009996 -0.179716
v 1.266300 0.009996 -0.242465
v 1.206867 0.006878 -0.287806
v 1.253682 0.006878 -0.119015
v 0.586479 0.019719 -0.610654
v 0.563771 0.060168 -0.682078
v 0.506632 0.060168 -0.736561
v 0.437478 0.013735 -0.757971
v 0.712657 -0.005746 -0.714152
v 0.748893 -0.053172 -0.813610
v 0.698640 -0.053172 -0.866928
v 0.573461 -0.009165 -0.869955
v 0.210379 0.032636 -0.738155
v 0.056679 0.072400 -0.757899
v -0.115804 0.011290 -0.683939
v 0.204573 0.013737 -0.950667
v 0.051103 0.056999 -0.978780
v -0.070633 0.014852 -0.909915
v 0.087820 0.007828 -1.057407
v -0.028578 0.017887 -1.222081
v -0.115810 0.023322 -1.158011
v 0.003873 0.520368 -0.392994
v 0.007220 1.463047 -0.353604
v -0.010559 0.197229 -0.493720
v -0.019943 0.097175 -0.580679
v -0.020543 0.047939 -0.725427
v -0.019816 0.045385 -0.954709
v -0.090168 0.038638 -1.234367
v -0.132432 0.527799 -0.315067
v -0.123963 1.421967 -0.287803
v -0.183055 0.198693 -0.388961
v -0.257686 0.029064 -0.471277
v 0.231392 0.451333 0.387900
v 0.226293 0.843707 0.370759
v 0.262770 0.227417 0.496078
v 0.280878 0.074439 0.595979
v 0.295674 0.061361 0.730429
v 0.316014 0.053169 0.890232
v 0.338270 0.047302 1.036744
v 0.341376 0.011898 1.186338
v 0.079170 0.427971 0.423265
v 0.079353 0.671007 0.385383
v 0.078483 0.209114 0.502198
v 0.068499 0.045426 0.694517
v 0.066714 0.008453 0.858019
v 0.155187 0.533459 -0.388044
v 0.146678 1.571297 -0.419193
v 0.175547 0.186352 -0.472432
v 0.202518 0.027301 -0.575376
v -0.377645 0.030700 0.743193
v -0.335858 0.012713 0.838484
v -0.373882 0.026855 0.818033
v -0.444495 0.025799 0.756043
v -0.413593 0.012809 0.846649
v -0.448259 0.024498 0.829140
v -0.491447 0.017244 0.809568
v -0.465266 0.013304 0.862302
v -0.499646 0.019592 0.862632
v -0.520430 0.013960 0.869205
v -0.500425 0.013793 0.902024
v -0.532520 0.017874 0.910956
v -0.530419 0.014481 0.887585
v -0.520149 0.014480 0.909999
v -0.535349 0.016753 0.908607
v 0.514253 0.522817 0.022829
v 0.507615 0.523804 -0.041708
v 0.435932 0.513710 -0.103765
v 0.375172 0.501797 -0.160957
v 0.356217 0.517168 -0.212134
v 0.313532 0.529263 -0.260920
v 0.255826 0.545930 -0.299664
v 0.194515 0.542389 -0.312486
v 0.122170 0.537263 -0.314551
v 0.065849 0.528841 -0.338511
v -0.003936 0.524832 -0.284361
v -0.053891 0.524681 -0.257181
v -0.138308 0.521028 -0.228043
v -0.152884 0.515303 -0.163819
v -0.173988 0.515126 -0.103765
v -0.167590 0.516804 -0.041708
v -0.199235 0.516686 0.022829
v -0.202788 0.510686 0.087366
v -0.208224 0.486857 0.149423
v -0.153394 0.473299 0.206615
v -0.107402 0.469416 0.256744
v -0.060864 0.455340 0.297779
v 0.003511 0.441666 0.332189
v 0.057924 0.432044 0.350349
v 0.130567 0.425788 0.357504
v 0.187153 0.441607 0.349087
v 0.257005 0.455328 0.327898
v 0.310300 0.463445 0.304392
v 0.360429 0.470649 0.295797
v 0.401569 0.472805 0.213123
v 0.432354 0.484765 0.149422
v 0.460361 0.516107 0.087365
v 0.512888 1.284104 0.022644
v 0.504738 1.291016 -0.040022
v 0.431375 1.269322 -0.100281
v 0.389020 1.288438 -0.155815
v 0.349779 1.289227 -0.204491
v 0.302780 1.299171 -0.254000
v 0.243639 1.415834 -0.341052
v 0.184350 1.446244 -0.363724
v 0.119280 1.419566 -0.304436
v 0.066195 1.360613 -0.298058
v -0.001167 1.332553 -0.273322
v -0.052631 1.317320 -0.247749
v -0.111078 1.291748 -0.205237
v -0.140173 1.265859 -0.156224
v -0.170207 1.264615 -0.100281
v -0.184737 1.276364 -0.040022
v -0.195124 1.275534 0.022644
v -0.190603 1.230086 0.085311
v -0.176367 1.046023 0.145569
v -0.142640 0.968395 0.201104
v -0.101884 0.944676 0.249780
v -0.056695 0.846148 0.288088
v 0.005815 0.750440 0.321500
v 0.058650 0.679115 0.337881
v 0.129187 0.635325 0.344828
v 0.184134 0.743142 0.338838
v 0.251961 0.839181 0.318263
v 0.303711 0.902876 0.295781
v 0.352388 0.953301 0.286100
v 0.392335 0.968395 0.207157
v 0.423531 1.052105 0.145569
v 0.458661 1.266577 0.085310
v 0.611628 0.229308 0.022829
v 0.603837 0.229308 -0.056276
v 0.513517 0.188656 -0.132340
v 0.440476 0.166156 -0.202442
v 0.418137 0.191317 -0.270171
v 0.379039 0.247930 -0.358304
v 0.309461 0.247930 -0.395774
v 0.223939 0.194570 -0.381010
v 0.128872 0.188135 -0.393055
v 0.059667 0.201836 -0.438012
v -0.025952 0.187090 -0.354677
v -0.087452 0.187745 -0.320439
v -0.191584 0.187745 -0.287919
v -0.212055 0.185677 -0.207990
v -0.257703 0.185677 -0.142075
v -0.270222 0.185677 -0.062097
v -0.270018 0.185677 0.020213
v -0.274800 0.189132 0.098531
v -0.255847 0.206407 0.182118
v -0.206467 0.189132 0.249507
v -0.152297 0.185677 0.308094
v -0.102923 0.186844 0.363466
v -0.014489 0.186844 0.407492
v 0.052059 0.189491 0.429881
v 0.135306 0.189491 0.437012
v 0.203790 0.192558 0.423117
v 0.294562 0.192558 0.401544
v 0.368089 0.186566 0.376293
v 0.430853 0.191009 0.356193
v 0.479959 0.186566 0.264422
v 0.509510 0.185677 0.179506
v 0.541631 0.191910 0.101933
v 0.696049 0.131061 0.020566
v 0.686604 0.131061 -0.075328
v 0.618014 0.025933 -0.173023
v 0.522427 0.006671 -0.258549
v 0.491750 0.021904 -0.349778
v 0.420970 0.086996 -0.414020
v 0.344622 0.086996 -0.459355
v 0.275614 0.023985 -0.489097
v 0.128924 0.024477 -0.501009
v 0.052622 0.130124 -0.518541
v -0.063058 0.024186 -0.453339
v -0.142014 0.026474 -0.405738
v -0.281640 0.026474 -0.388556
v -0.311522 0.026179 -0.278263
v -0.455747 0.026179 -0.241494
v -0.438827 0.026179 -0.118985
v -0.360772 0.026179 0.002216
v -0.429569 0.030125 0.094735
v -0.401494 0.049854 0.243178
v -0.298472 0.030125 0.310690
v -0.214803 0.026179 0.366406
v -0.206586 0.023635 0.471076
v -0.038928 0.023635 0.530774
v 0.052732 0.020328 0.598758
v 0.114127 0.020328 0.599895
v 0.201745 0.023439 0.501298
v 0.335311 0.023439 0.503049
v 0.499836 0.022387 0.533409
v 0.571538 0.063300 0.475505
v 0.635180 0.022387 0.398065
v 0.609354 0.026179 0.224417
v 0.650055 0.028014 0.118775
v -0.225790 0.013396 0.586395
v -0.135716 0.013396 0.628732
v -0.268644 0.008986 0.667494
v -0.196313 0.008986 0.714868
v 0.058719 0.005676 0.737096
v 0.097658 0.005676 0.740931
v -0.029425 0.448136 0.325461
v -0.026168 0.795723 0.307277
v -0.060329 0.192679 0.402388
v -0.121358 0.074991 0.497982
v -0.172716 0.056200 0.596117
v -0.223272 0.029743 0.677844
v 0.248215 0.012658 0.631196
v 0.311397 0.012658 0.607148
v 0.249165 0.012658 0.779762
v 0.340805 0.011830 0.733970
v 0.268831 0.011675 0.909058
v 0.363010 0.011675 0.863736
v 0.298577 0.006702 1.063388
v 0.348835 0.006702 1.039202
v 0.647990 0.011904 0.644277
v 0.681080 0.047247 0.598428
v 0.732341 0.011904 0.569637
v 0.686471 0.011904 0.732996
v 0.723016 0.047247 0.704096
v 0.782345 0.011904 0.696330
v 0.707841 0.011015 0.853279
v 0.735058 0.041915 0.809426
v 0.783951 0.011015 0.792972
v 0.800853 0.006534 0.927932
v 0.822068 0.010126 0.904171
v 0.843938 0.006534 0.888993
v 0.838291 0.112955 -0.008768
v 0.823828 0.112955 -0.105635
v 0.806356 0.020275 -0.194218
v 0.846830 0.020275 0.076849
v 1.005826 0.043539 -0.108330
v 0.967944 0.043539 -0.191619
v 0.940094 0.010358 -0.266603
v 1.046100 0.010358 -0.033532
v 1.148208 0.008780 -0.146268
v 1.136845 0.008780 -0.201320
v 1.115560 0.005967 -0.252918
v 1.157484 0.005967 -0.099240
v 0.538367 0.012540 -0.526870
v 0.503015 0.058810 -0.559745
v 0.454799 0.058810 -0.605721
v 0.405742 0.012540 -0.655524
v 0.652374 -0.010136 -0.662416
v 0.681449 -0.054624 -0.705090
v 0.637199 -0.054624 -0.752040
v 0.537756 -0.010136 -0.784023
v 0.195180 0.012962 -0.652265
v 0.075111 0.071109 -0.623726
v -0.081684 0.010081 -0.590010
v 0.201911 0.012542 -0.824942
v 0.070406 0.055624 -0.810115
v -0.042854 0.009342 -0.790008
v 0.095503 0.006922 -0.952637
v -0.004813 0.016707 -1.065486
v -0.072948 0.010956 -1.048429
v 0.030553 0.526323 -0.315704
v 0.032473 1.342989 -0.287513
v 0.018373 0.196613 -0.400802
v 0.010454 0.096017 -0.474181
v 0.009948 0.046515 -0.596325
v 0.009387 0.039627 -0.790774
v -0.058997 0.037533 -1.076522
v -0.084464 0.533537 -0.249975
v -0.078948 1.308405 -0.230876
v -0.127186 0.198085 -0.312402
v -0.206508 0.027951 -0.403398
v 0.222540 0.454034 0.343144
v 0.218496 0.795723 0.330027
v 0.249018 0.226964 0.434429
v 0.264299 0.073158 0.518729
v 0.277430 0.051773 0.632627
v 0.293948 0.051773 0.767032
v 0.312728 0.045875 0.890665
v 0.321487 0.010692 1.057676
v 0.094089 0.429742 0.372859
v 0.093767 0.643121 0.345782
v 0.093509 0.208562 0.439593
v 0.085085 0.043989 0.601880
v 0.079600 0.007228 0.768561
v 0.158208 0.539988 -0.311829
v 0.151617 1.438642 -0.335269
v 0.175416 0.185677 -0.382838
v 0.199350 0.026179 -0.495185
v -0.328032 0.017125 0.702506
v -0.291211 0.011541 0.776160
v -0.291274 0.019958 0.720721
v -0.389327 0.017100 0.711124
v -0.362829 0.011794 0.783663
v -0.355220 0.018884 0.728041
v -0.433933 0.014175 0.751714
v -0.410145 0.012452 0.797486
v -0.400057 0.017391 0.751486
v -0.462560 0.013025 0.804974
v -0.443890 0.012971 0.835486
v -0.431432 0.016424 0.795204
v -0.487758 0.013888 0.839753
v -0.478100 0.013888 0.860978
v -0.478052 0.015957 0.843139
v -0.257405 1.199978 0.082397
v -0.241645 1.022673 0.153639
v 0.266042 0.823426 0.357811
v 0.327225 0.884782 0.331251
v -0.093951 1.284084 -0.311441
v -0.164125 1.259451 -0.261829
v 0.477892 1.237672 -0.137024
v 0.427065 1.255574 -0.202681
v -0.152300 0.925047 0.276845
v -0.098875 0.830137 0.322195
v 0.468829 1.028532 0.153638
v 0.510002 1.235130 0.082396
v -0.024971 0.737943 0.361697
v 0.256375 1.378906 -0.419158
v 0.186391 1.408200 -0.445782
v 0.120890 0.627054 0.389372
v 0.185852 0.730912 0.382137
v -0.248917 1.244557 -0.065782
v -0.262313 1.243758 0.008308
v 0.573955 1.252013 0.008308
v 0.564395 1.258671 -0.065782
v 0.384774 0.933356 0.319910
v 0.432003 0.947896 0.226473
v -0.200700 0.947896 0.219296
v -0.033236 1.298683 -0.341698
v 0.381599 1.256845 -0.260230
v 0.326160 1.266527 -0.318402
v 0.037495 0.669237 0.381158
v -0.232872 1.233239 -0.137024
v 0.109254 1.382501 -0.378395
v 0.046422 1.325712 -0.372045
v -0.197833 1.234437 -0.203272
v -0.062783 0.781563 0.345178
v 0.006529 1.308736 -0.359119
v -0.125220 1.275867 -0.291944
v 0.226477 0.781563 0.371719
v 0.079013 0.634564 0.391265
v 0.147601 1.400876 -0.413402
v 0.051371 1.489320 -0.347387
v 0.013155 1.469258 -0.337375
v 0.147640 1.578142 -0.400986
v 0.111393 1.556428 -0.359743
v -0.181971 1.381459 -0.190872
v -0.218119 1.380043 -0.127766
v -0.239494 1.340738 0.083131
v -0.218723 1.131215 0.151606
v -0.088247 0.903692 0.313301
v -0.053557 0.846292 0.333832
v 0.185419 0.786437 0.371227
v 0.224466 0.846292 0.361214
v 0.467520 1.385865 -0.127766
v 0.422612 1.409939 -0.190872
v 0.422008 1.042849 0.221502
v 0.457703 1.138138 0.151605
v 0.252304 1.552180 -0.412202
v 0.184450 1.586796 -0.438740
v -0.025100 1.457379 -0.324006
v -0.084137 1.439703 -0.295047
v -0.239494 1.393417 -0.059291
v -0.017214 0.794745 0.351269
v -0.184992 1.042849 0.214712
v 0.042825 0.713554 0.369482
v 0.262494 0.895761 0.347846
v 0.321301 0.968267 0.322209
v 0.374046 1.408522 -0.246185
v 0.499166 1.382277 0.083131
v -0.113378 1.427873 -0.273938
v -0.246508 1.392473 0.011920
v -0.139597 1.015848 0.270025
v 0.082731 0.672581 0.375174
v 0.561464 1.402229 0.011920
v 0.551883 1.410096 -0.059291
v 0.122981 0.663707 0.377376
v 0.376614 1.025667 0.310765
v 0.320092 1.419379 -0.303993
v -0.145944 1.410594 -0.243951
v 0.062847 1.492966 -0.305639
v 0.150159 1.582063 -0.354251
v -0.148784 1.384772 -0.163687
v -0.200955 1.343924 0.084821
v -0.063780 0.905526 0.293576
v 0.184423 0.787908 0.346111
v 0.440276 1.389191 -0.106453
v 0.398998 1.045114 0.210317
v 0.245084 1.556021 -0.364424
v -0.006509 1.460926 -0.284434
v 0.254326 0.897571 0.324906
v 0.525478 1.405606 0.020236
v -0.116109 1.413996 -0.211828
v 0.028187 1.472843 -0.296558
v 0.117284 1.560282 -0.316846
v -0.181568 1.383351 -0.106453
v -0.182116 1.133753 0.146925
v -0.032318 0.847948 0.312196
v 0.219836 0.847948 0.337030
v 0.399546 1.413339 -0.163687
v 0.431372 1.140698 0.146924
v 0.183544 1.590744 -0.388492
v -0.060052 1.443196 -0.258170
v -0.200955 1.396767 -0.044349
v 0.000643 0.796242 0.328011
v -0.151523 1.045114 0.204159
v 0.055096 0.714800 0.344529
v 0.307661 0.970301 0.301655
v 0.355499 1.411919 -0.213854
v 0.468977 1.385592 0.084821
v -0.086573 1.431329 -0.239024
v -0.207316 1.395820 0.020236
v -0.110352 1.018029 0.254326
v 0.091289 0.673700 0.349691
v 0.516789 1.413497 -0.044349
v 0.127794 0.664798 0.351689
v 0.357828 1.027878 0.291275
v 0.306565 1.422810 -0.266283
vt 0.350826 0.854156
vt 0.340398 0.835515
vt 0.338300 0.816249
vt 0.347425 0.832497
vt 0.348524 0.834132
vt 0.352044 0.856030
vt 0.355317 0.876550
vt 0.353996 0.874459
vt 0.342279 0.853814
vt 0.431532 0.776708
vt 0.433765 0.762964
vt 0.439682 0.770611
vt 0.437029 0.785230
vt 0.436681 0.786714
vt 0.431265 0.778121
vt 0.425915 0.770045
vt 0.426117 0.768716
vt 0.427874 0.755845
vt 0.292092 0.932075
vt 0.277919 0.910378
vt 0.280223 0.907961
vt 0.294250 0.929458
vt 0.295739 0.931710
vt 0.293582 0.934349
vt 0.290821 0.937533
vt 0.289330 0.935222
vt 0.275052 0.913197
vt 0.531169 0.909367
vt 0.543058 0.885909
vt 0.549117 0.891408
vt 0.536546 0.915086
vt 0.535196 0.917464
vt 0.529911 0.911732
vt 0.523228 0.906399
vt 0.524342 0.904034
vt 0.535431 0.880796
vt 0.365847 0.787940
vt 0.360383 0.774980
vt 0.362778 0.763323
vt 0.367396 0.775132
vt 0.367982 0.776321
vt 0.366513 0.789247
vt 0.364097 0.801414
vt 0.363354 0.799999
vt 0.357084 0.786040
vt 0.473209 0.857563
vt 0.481108 0.835946
vt 0.482304 0.857798
vt 0.473334 0.881477
vt 0.472287 0.883852
vt 0.472287 0.859736
vt 0.473666 0.832485
vt 0.474445 0.830602
vt 0.480894 0.811993
vt 0.369214 0.767227
vt 0.365199 0.756079
vt 0.367530 0.751123
vt 0.371166 0.761809
vt 0.371652 0.762899
vt 0.369742 0.768354
vt 0.577071 0.976574
vt 0.591395 0.948993
vt 0.596855 0.952978
vt 0.582236 0.980648
vt 0.580790 0.983529
vt 0.575487 0.979398
vt 0.570552 0.969809
vt 0.572198 0.967141
vt 0.586086 0.940208
vt 0.405066 0.730856
vt 0.405349 0.722440
vt 0.411812 0.734705
vt 0.411240 0.744852
vt 0.411160 0.745921
vt 0.405019 0.731748
vt 0.398426 0.719711
vt 0.398441 0.718977
vt 0.398284 0.712079
vt 0.340627 0.894255
vt 0.327812 0.872582
vt 0.333893 0.868451
vt 0.346509 0.890106
vt 0.347884 0.892328
vt 0.342005 0.896473
vt 0.335611 0.899737
vt 0.334223 0.897530
vt 0.321272 0.875964
vt 0.495915 0.895494
vt 0.505892 0.871950
vt 0.513168 0.875584
vt 0.502738 0.899102
vt 0.501712 0.901517
vt 0.494843 0.897891
vt 0.488470 0.894304
vt 0.489585 0.891925
vt 0.499194 0.868289
vt 0.415442 0.752808
vt 0.416347 0.741698
vt 0.419983 0.746084
vt 0.418831 0.757794
vt 0.418700 0.759015
vt 0.415336 0.753971
vt 0.454982 0.802202
vt 0.459170 0.786450
vt 0.469765 0.791034
vt 0.464983 0.807161
vt 0.464444 0.808804
vt 0.454546 0.803811
vt 0.445918 0.799786
vt 0.446324 0.798209
vt 0.449833 0.782769
vt 0.513392 0.901198
vt 0.524098 0.877866
vt 0.512368 0.903603
vt 0.358292 0.806045
vt 0.351602 0.791722
vt 0.359074 0.807496
vt 0.353425 0.812229
vt 0.352583 0.810766
vt 0.345467 0.796268
vt 0.284760 0.940162
vt 0.270368 0.917862
vt 0.286274 0.942498
vt 0.647854 0.982260
vt 0.646494 0.984879
vt 0.639342 0.983254
vt 0.640697 0.980608
vt 0.653533 0.955253
vt 0.660599 0.957140
vt 0.556746 0.924305
vt 0.569322 0.901121
vt 0.575898 0.908031
vt 0.562991 0.931631
vt 0.561461 0.933931
vt 0.555331 0.926605
vt 0.548509 0.924158
vt 0.549869 0.921817
vt 0.562351 0.898479
vt 0.471596 0.815179
vt 0.477004 0.798270
vt 0.470935 0.816894
vt 0.386985 0.724987
vt 0.385776 0.717897
vt 0.389301 0.714336
vt 0.390093 0.721177
vt 0.390283 0.721899
vt 0.387224 0.725723
vt 0.383891 0.731417
vt 0.383603 0.730641
vt 0.381790 0.723094
vt 0.327415 0.900077
vt 0.314525 0.878671
vt 0.328792 0.902274
vt 0.321933 0.904823
vt 0.320576 0.902625
vt 0.307836 0.881323
vt 0.567978 0.949099
vt 0.581383 0.923886
vt 0.566369 0.951557
vt 0.613857 0.981946
vt 0.626769 0.954710
vt 0.635207 0.952264
vt 0.622548 0.978678
vt 0.621235 0.981430
vt 0.612554 0.984787
vt 0.603789 0.988134
vt 0.605057 0.985199
vt 0.618351 0.957202
vt 0.348479 0.818780
vt 0.340508 0.803806
vt 0.349439 0.820289
vt 0.628015 0.978091
vt 0.640615 0.952066
vt 0.644576 0.953019
vt 0.631877 0.978829
vt 0.630538 0.981523
vt 0.626692 0.980805
vt 0.441686 0.792624
vt 0.444700 0.777501
vt 0.441285 0.794150
vt 0.303674 0.916152
vt 0.290544 0.894590
vt 0.295369 0.889054
vt 0.308216 0.910397
vt 0.309604 0.912596
vt 0.305106 0.918377
vt 0.301512 0.924091
vt 0.300054 0.921833
vt 0.286632 0.900088
vt 0.542941 0.918995
vt 0.555590 0.895416
vt 0.541578 0.921362
vt 0.480531 0.890064
vt 0.489925 0.866018
vt 0.479414 0.892461
vt 0.314026 0.905962
vt 0.301321 0.884688
vt 0.315385 0.908160
vt 0.379502 0.739885
vt 0.377030 0.731417
vt 0.379856 0.740753
vt 0.376149 0.750516
vt 0.375734 0.749549
vt 0.372738 0.740095
vt 0.587132 0.982605
vt 0.601694 0.954834
vt 0.607011 0.956067
vt 0.592831 0.984022
vt 0.591578 0.987014
vt 0.585786 0.985567
vt 0.351796 0.884951
vt 0.339404 0.863486
vt 0.353167 0.887148
vt 0.450597 0.630187
vt 0.444463 0.671339
vt 0.435723 0.669664
vt 0.440364 0.629508
vt 0.445493 0.596694
vt 0.457503 0.596836
vt 0.469439 0.597618
vt 0.460781 0.631184
vt 0.453445 0.673289
vt 0.258344 0.683737
vt 0.278929 0.721525
vt 0.272885 0.728053
vt 0.249971 0.687995
vt 0.235358 0.664555
vt 0.245372 0.660298
vt 0.255356 0.655634
vt 0.266658 0.679426
vt 0.284685 0.715075
vt 0.312973 0.653661
vt 0.327677 0.689867
vt 0.319848 0.694753
vt 0.303826 0.658098
vt 0.290699 0.632195
vt 0.299584 0.626565
vt 0.308215 0.621124
vt 0.321604 0.649460
vt 0.334860 0.685174
vt 0.169674 0.748035
vt 0.199389 0.781014
vt 0.194868 0.786338
vt 0.165611 0.754683
vt 0.147450 0.737597
vt 0.150502 0.730394
vt 0.154465 0.723051
vt 0.174285 0.740933
vt 0.204091 0.775156
vt 0.638463 0.689528
vt 0.617210 0.735031
vt 0.604383 0.730498
vt 0.625532 0.684319
vt 0.636506 0.659121
vt 0.649115 0.664993
vt 0.659258 0.669389
vt 0.648547 0.693535
vt 0.627409 0.739083
vt 0.538217 0.651009
vt 0.524880 0.697807
vt 0.516507 0.691571
vt 0.528642 0.648089
vt 0.537915 0.620269
vt 0.547677 0.623868
vt 0.558304 0.627363
vt 0.548723 0.654143
vt 0.534178 0.703964
vt 0.339287 0.641630
vt 0.349499 0.677411
vt 0.345531 0.679227
vt 0.334568 0.642837
vt 0.323418 0.613178
vt 0.329550 0.611146
vt 0.336943 0.608924
vt 0.345416 0.640417
vt 0.354610 0.675265
vt 0.226059 0.703904
vt 0.251398 0.743179
vt 0.243879 0.748214
vt 0.218469 0.709766
vt 0.200650 0.685502
vt 0.209908 0.680254
vt 0.218727 0.674941
vt 0.233853 0.697888
vt 0.259136 0.737858
vt 0.709694 0.735330
vt 0.679668 0.779382
vt 0.671584 0.774078
vt 0.699301 0.729810
vt 0.712972 0.706981
vt 0.724397 0.712453
vt 0.735290 0.717838
vt 0.718959 0.740025
vt 0.686902 0.783489
vt 0.401328 0.628775
vt 0.404024 0.664180
vt 0.394961 0.663254
vt 0.391247 0.630333
vt 0.385729 0.595714
vt 0.397270 0.594378
vt 0.408810 0.595218
vt 0.411429 0.628554
vt 0.413032 0.665859
vt 0.587009 0.664804
vt 0.567964 0.715168
vt 0.558463 0.711692
vt 0.576276 0.661187
vt 0.586505 0.634982
vt 0.597411 0.638651
vt 0.608150 0.643880
vt 0.597739 0.669780
vt 0.577709 0.719305
vt 0.431604 0.630743
vt 0.429275 0.669095
vt 0.424174 0.668671
vt 0.424851 0.631719
vt 0.425866 0.600176
vt 0.434193 0.598646
vt 0.492416 0.636256
vt 0.482067 0.679530
vt 0.469148 0.676387
vt 0.478636 0.631826
vt 0.489110 0.599214
vt 0.502213 0.604504
vt 0.516192 0.610852
vt 0.507436 0.641638
vt 0.496725 0.683567
vt 0.770528 0.791639
vt 0.741486 0.820434
vt 0.735944 0.815996
vt 0.766262 0.785969
vt 0.784139 0.772818
vt 0.787434 0.779388
vt 0.154248 0.763941
vt 0.136974 0.749805
vt 0.141492 0.744442
vt 0.158941 0.759499
vt 0.188154 0.789916
vt 0.183265 0.793794
vt 0.611078 0.677057
vt 0.590439 0.724771
vt 0.621831 0.651520
vt 0.294936 0.662627
vt 0.311828 0.698847
vt 0.303058 0.703219
vt 0.285817 0.667713
vt 0.272975 0.643063
vt 0.281789 0.637462
vt 0.671642 0.710576
vt 0.647671 0.754220
vt 0.640229 0.748906
vt 0.662588 0.703095
vt 0.674944 0.678551
vt 0.685578 0.687046
vt 0.695911 0.695641
vt 0.681330 0.718173
vt 0.655897 0.760268
vt 0.518916 0.645231
vt 0.507637 0.687208
vt 0.527726 0.615982
vt 0.210903 0.714436
vt 0.236965 0.752207
vt 0.230228 0.756080
vt 0.203548 0.718948
vt 0.183813 0.696804
vt 0.191675 0.690927
vt 0.690236 0.724345
vt 0.663838 0.767313
vt 0.704249 0.701873
vt 0.383824 0.632457
vt 0.388039 0.663707
vt 0.382918 0.664879
vt 0.378160 0.634209
vt 0.372422 0.602002
vt 0.378060 0.599122
vt 0.744858 0.758572
vt 0.711475 0.797827
vt 0.703888 0.794004
vt 0.736336 0.753313
vt 0.754581 0.733254
vt 0.764147 0.739616
vt 0.772690 0.745864
vt 0.752549 0.763736
vt 0.718538 0.801464
vt 0.762756 0.780448
vt 0.731364 0.812117
vt 0.727206 0.808450
vt 0.759546 0.774739
vt 0.778331 0.759587
vt 0.781171 0.766402
vt 0.469738 0.631026
vt 0.461434 0.674777
vt 0.479450 0.597699
vt 0.275945 0.673813
vt 0.293044 0.708935
vt 0.264228 0.649496
vt 0.655527 0.697601
vt 0.634189 0.743740
vt 0.666787 0.673158
vt 0.181009 0.735428
vt 0.209950 0.770123
vt 0.161768 0.717321
vt 0.170363 0.711367
vt 0.189193 0.729939
vt 0.217072 0.765026
vt 0.562520 0.657751
vt 0.546377 0.708281
vt 0.572355 0.631384
vt 0.354481 0.637963
vt 0.362315 0.672035
vt 0.347154 0.605237
vt 0.357762 0.602131
vt 0.364197 0.635613
vt 0.370586 0.668796
vt 0.196504 0.724325
vt 0.223819 0.760284
vt 0.177270 0.704115
vt 0.241793 0.692701
vt 0.266182 0.733220
vt 0.226842 0.669478
vt 0.731320 0.749671
vt 0.699079 0.791250
vt 0.695412 0.788864
vt 0.727794 0.746627
vt 0.745319 0.725357
vt 0.749163 0.728949
vt 0.555460 0.602564
vt 0.545567 0.598268
vt 0.549651 0.585975
vt 0.559418 0.590088
vt 0.571221 0.590949
vt 0.565343 0.606765
vt 0.320645 0.586512
vt 0.311657 0.590873
vt 0.300720 0.574499
vt 0.310946 0.568208
vt 0.323083 0.557979
vt 0.330191 0.580745
vt 0.194140 0.660762
vt 0.181548 0.664664
vt 0.169666 0.654549
vt 0.183607 0.649911
vt 0.196762 0.643140
vt 0.205434 0.656243
vt 0.738143 0.693696
vt 0.726293 0.688999
vt 0.736917 0.672391
vt 0.748430 0.675812
vt 0.759878 0.680569
vt 0.748620 0.698261
vt 0.390318 0.564000
vt 0.376518 0.563036
vt 0.368161 0.536075
vt 0.384353 0.546347
vt 0.399094 0.543605
vt 0.404316 0.566227
vt 0.604124 0.622509
vt 0.592623 0.618038
vt 0.598058 0.605987
vt 0.609075 0.610714
vt 0.620731 0.614918
vt 0.615933 0.627527
vt 0.437431 0.569375
vt 0.426927 0.571121
vt 0.428448 0.544605
vt 0.440848 0.544516
vt 0.457749 0.545082
vt 0.451286 0.567294
vt 0.512987 0.575859
vt 0.501589 0.571040
vt 0.512643 0.547962
vt 0.522853 0.552060
vt 0.533645 0.558943
vt 0.524411 0.582411
vt 0.803156 0.772862
vt 0.800478 0.765204
vt 0.815942 0.760998
vt 0.813226 0.771166
vt 0.121614 0.738750
vt 0.111594 0.732344
vt 0.115528 0.724788
vt 0.125957 0.732286
vt 0.630779 0.633798
vt 0.635757 0.619239
vt 0.652992 0.624369
vt 0.645809 0.639954
vt 0.269739 0.618363
vt 0.260807 0.623679
vt 0.253115 0.613345
vt 0.261878 0.607679
vt 0.269411 0.601242
vt 0.278091 0.612536
vt 0.694775 0.666324
vt 0.684159 0.658262
vt 0.691323 0.641964
vt 0.703733 0.649926
vt 0.714653 0.658886
vt 0.705662 0.675703
vt 0.535009 0.590880
vt 0.539826 0.576500
vt 0.715801 0.683212
vt 0.725785 0.666498
vt 0.369015 0.565096
vt 0.364469 0.567757
vt 0.356935 0.537273
vt 0.360504 0.536037
vt 0.170746 0.668952
vt 0.163007 0.674342
vt 0.154269 0.661868
vt 0.159571 0.658091
vt 0.778117 0.726928
vt 0.769575 0.716878
vt 0.779973 0.702407
vt 0.789161 0.717046
vt 0.795100 0.729444
vt 0.785699 0.736386
vt 0.491672 0.567736
vt 0.480875 0.566328
vt 0.491170 0.541033
vt 0.503066 0.543673
vt 0.252122 0.629252
vt 0.243170 0.634226
vt 0.235935 0.622994
vt 0.244346 0.618699
vt 0.796052 0.758521
vt 0.791365 0.751793
vt 0.800754 0.745059
vt 0.807939 0.752410
vt 0.143920 0.703373
vt 0.136564 0.709552
vt 0.127348 0.704129
vt 0.131816 0.696530
vt 0.139248 0.684765
vt 0.152524 0.695748
vt 0.675855 0.653401
vt 0.667928 0.649962
vt 0.672259 0.638662
vt 0.679696 0.641378
vt 0.578528 0.612401
vt 0.585259 0.599228
vt 0.341227 0.574337
vt 0.337608 0.554294
vt 0.346377 0.540740
vt 0.351827 0.569071
vt 0.157999 0.684560
vt 0.148270 0.670399
vt 0.213552 0.650080
vt 0.207270 0.637304
vt 0.216137 0.631633
vt 0.221842 0.643774
vt 0.764545 0.710833
vt 0.760155 0.706546
vt 0.768121 0.695435
vt 0.773338 0.698938
vt 0.232469 0.639040
vt 0.225734 0.627228
vt 0.466359 0.566557
vt 0.473771 0.549650
vt 0.285242 0.605137
vt 0.275515 0.593151
vt 0.279142 0.581306
vt 0.292386 0.598013
vt 0.133425 0.715943
vt 0.131103 0.722980
vt 0.121624 0.713718
vt 0.124835 0.708128
vt 0.658043 0.645446
vt 0.663483 0.634459
vt 0.284039 0.566077
vt 0.292162 0.562695
vt 0.289814 0.577547
vt 0.278150 0.569876
vt 0.276189 0.560530
vt 0.280356 0.556612
vt 0.285430 0.553931
vt 0.276172 0.549142
vt 0.280092 0.546987
vt 0.273482 0.552667
vt 0.270279 0.546591
vt 0.272091 0.543275
vt 0.275262 0.541261
vt 0.350255 0.518764
vt 0.352705 0.517044
vt 0.353149 0.538087
vt 0.348202 0.522944
vt 0.349491 0.516825
vt 0.351095 0.512342
vt 0.351719 0.512120
vt 0.283319 0.543983
vt 0.287518 0.542212
vt 0.295046 0.547177
vt 0.289741 0.550209
vt 0.277989 0.538818
vt 0.281447 0.537937
vt 0.299509 0.557326
vt 0.307212 0.552270
vt 0.301693 0.593814
vt 0.316365 0.616501
vt 0.328861 0.645613
vt 0.340805 0.681703
vt 0.373168 0.756383
vt 0.369823 0.746236
vt 0.373622 0.757421
vt 0.421772 0.524338
vt 0.430860 0.523395
vt 0.415653 0.544966
vt 0.410469 0.527455
vt 0.421303 0.509886
vt 0.428361 0.506728
vt 0.433324 0.506481
vt 0.431221 0.492721
vt 0.435344 0.493269
vt 0.426105 0.494963
vt 0.428631 0.483801
vt 0.433277 0.482252
vt 0.437214 0.483172
vt 0.435652 0.475116
vt 0.439005 0.476063
vt 0.431567 0.476187
vt 0.435026 0.469842
vt 0.438085 0.469120
vt 0.440504 0.470044
vt 0.440162 0.463486
vt 0.441313 0.464094
vt 0.438576 0.464024
vt 0.440382 0.461910
vt 0.441454 0.462412
vt 0.441549 0.462438
vt 0.512909 0.526295
vt 0.520456 0.529975
vt 0.505312 0.524859
vt 0.514322 0.514579
vt 0.520002 0.514620
vt 0.525171 0.516773
vt 0.528105 0.533281
vt 0.533879 0.537855
vt 0.530168 0.519064
vt 0.533952 0.522815
vt 0.531498 0.508752
vt 0.534657 0.511698
vt 0.527226 0.507436
vt 0.527870 0.499741
vt 0.532080 0.500811
vt 0.534866 0.503422
vt 0.522747 0.506270
vt 0.517525 0.507194
vt 0.518317 0.500183
vt 0.523470 0.498946
vt 0.531459 0.493673
vt 0.534646 0.496747
vt 0.527234 0.492433
vt 0.527116 0.486645
vt 0.529756 0.487375
vt 0.533737 0.489767
vt 0.523470 0.491154
vt 0.518746 0.491558
vt 0.521525 0.484397
vt 0.525110 0.485202
vt 0.529175 0.483516
vt 0.530534 0.484150
vt 0.528553 0.483343
vt 0.528931 0.482900
vt 0.529093 0.482954
vt 0.529709 0.483186
vt 0.528008 0.482715
vt 0.526860 0.482237
vt 0.528175 0.482251
vt 0.528774 0.482820
vt 0.595410 0.589006
vt 0.605664 0.594664
vt 0.586029 0.583871
vt 0.599359 0.576524
vt 0.606397 0.580047
vt 0.613821 0.584564
vt 0.635721 0.604078
vt 0.646788 0.606973
vt 0.623489 0.601275
vt 0.627189 0.589074
vt 0.636166 0.590785
vt 0.643989 0.592977
vt 0.614373 0.598041
vt 0.620308 0.587234
vt 0.639567 0.580920
vt 0.645080 0.583139
vt 0.633303 0.579631
vt 0.637699 0.571432
vt 0.641743 0.573033
vt 0.644749 0.575496
vt 0.627917 0.577702
vt 0.622773 0.574996
vt 0.630272 0.567026
vt 0.633888 0.569414
vt 0.617249 0.571176
vt 0.611946 0.568969
vt 0.622444 0.562465
vt 0.626676 0.564053
vt 0.632044 0.560122
vt 0.634050 0.561701
vt 0.629346 0.559520
vt 0.631189 0.559253
vt 0.633390 0.559427
vt 0.634838 0.559696
vt 0.641197 0.565695
vt 0.642918 0.567834
vt 0.638373 0.564460
vt 0.638145 0.561254
vt 0.639391 0.562208
vt 0.641057 0.564296
vt 0.636204 0.563123
vt 0.636552 0.560347
vt 0.753293 0.655210
vt 0.759877 0.658900
vt 0.744293 0.652838
vt 0.749931 0.633596
vt 0.756067 0.635724
vt 0.760639 0.639401
vt 0.736016 0.649492
vt 0.727707 0.644798
vt 0.739501 0.629170
vt 0.744686 0.631423
vt 0.718580 0.638275
vt 0.709104 0.633781
vt 0.726356 0.625056
vt 0.733607 0.626330
vt 0.744053 0.611819
vt 0.747964 0.611510
vt 0.738982 0.614168
vt 0.743663 0.607632
vt 0.749305 0.602775
vt 0.752964 0.600752
vt 0.760035 0.620247
vt 0.762123 0.625258
vt 0.755476 0.615846
vt 0.759248 0.604959
vt 0.761880 0.611470
vt 0.762760 0.618075
vt 0.751635 0.612968
vt 0.756076 0.601545
vt 0.806373 0.727906
vt 0.810391 0.735929
vt 0.796313 0.736499
vt 0.804427 0.720074
vt 0.815245 0.709399
vt 0.818063 0.717473
vt 0.821165 0.724845
vt 0.799137 0.706434
vt 0.792151 0.695295
vt 0.802844 0.685451
vt 0.809548 0.695881
vt 0.831593 0.705572
vt 0.834177 0.712030
vt 0.828316 0.698346
vt 0.843241 0.686391
vt 0.847478 0.691710
vt 0.849997 0.696417
vt 0.821864 0.686477
vt 0.814794 0.677416
vt 0.826119 0.673925
vt 0.834726 0.678455
vt 0.863829 0.676775
vt 0.865247 0.679260
vt 0.859708 0.673704
vt 0.870038 0.670524
vt 0.871905 0.672371
vt 0.872867 0.673744
vt 0.849387 0.671116
vt 0.836897 0.671771
vt 0.845416 0.668681
vt 0.859283 0.668816
vt 0.867678 0.682611
vt 0.868061 0.686949
vt 0.853824 0.708995
vt 0.853499 0.701677
vt 0.873276 0.675132
vt 0.872846 0.679186
vt 0.838237 0.720175
vt 0.838611 0.727863
vt 0.828700 0.740629
vt 0.826570 0.733445
vt 0.817650 0.743801
vt 0.822790 0.750848
vt 0.787864 0.743421
vt 0.775813 0.751943
vt 0.756275 0.768615
vt 0.722968 0.804662
vt 0.635745 0.979568
vt 0.648537 0.953981
vt 0.634395 0.982237
vt 0.128796 0.727795
vt 0.144682 0.741295
vt 0.118688 0.719055
vt 0.162355 0.757434
vt 0.191565 0.788362
vt 0.296933 0.926142
vt 0.283213 0.904507
vt 0.298403 0.928402
vt 0.443195 0.464781
vt 0.444663 0.466903
vt 0.445511 0.475439
vt 0.443054 0.472024
vt 0.441733 0.462491
vt 0.443369 0.463494
vt 0.442386 0.478789
vt 0.445977 0.483289
vt 0.445461 0.491661
vt 0.441288 0.486411
vt 0.439577 0.496889
vt 0.444231 0.502896
vt 0.445321 0.516883
vt 0.438439 0.510270
vt 0.440155 0.525976
vt 0.449980 0.530937
vt 0.416459 0.569660
vt 0.418538 0.598221
vt 0.419021 0.630329
vt 0.419278 0.667498
vt 0.422139 0.762766
vt 0.423540 0.750516
vt 0.421977 0.764035
vt 0.355289 0.517393
vt 0.359040 0.519936
vt 0.352511 0.511828
vt 0.355817 0.514972
vt 0.359241 0.567868
vt 0.366065 0.601956
vt 0.372055 0.634759
vt 0.377570 0.666457
vt 0.393521 0.717509
vt 0.393037 0.710916
vt 0.393629 0.718231
vt 0.755129 0.702259
vt 0.741347 0.721817
vt 0.763861 0.690545
vt 0.724281 0.743552
vt 0.691732 0.786464
vt 0.598580 0.985439
vt 0.612333 0.957322
vt 0.597350 0.988421
vt 0.272593 0.534691
vt 0.275139 0.533855
vt 0.270848 0.537010
vt 0.267088 0.534617
vt 0.268352 0.532423
vt 0.269971 0.531752
vt 0.268737 0.539188
vt 0.267718 0.542571
vt 0.264865 0.540452
vt 0.265571 0.536935
vt 0.264720 0.531701
vt 0.266405 0.530985
vt 0.263378 0.534018
vt 0.260217 0.533953
vt 0.261082 0.531585
vt 0.262854 0.530614
vt 0.261933 0.536294
vt 0.260989 0.539510
vt 0.257811 0.538003
vt 0.259024 0.535517
vt 0.258815 0.532256
vt 0.259934 0.530929
vt 0.258534 0.533409
vt 0.257827 0.532836
vt 0.257849 0.532548
vt 0.258252 0.531873
vt 0.257838 0.534130
vt 0.257117 0.535590
vt 0.257276 0.533763
vt 0.257555 0.533097
vt 0.257619 0.532527
vt 0.257634 0.532452
vt 0.257620 0.532558
vt 0.257599 0.532528
vt 0.257599 0.532527
vt 0.257599 0.532524
vt 0.257568 0.532606
vt 0.257445 0.532861
vt 0.257558 0.532573
vt 0.257598 0.532529
vt 0.257598 0.532528
vt 0.257599 0.532527
vt 0.257598 0.532528
vt 0.257598 0.532528
vt 0.257598 0.532528
vt 0.257598 0.532528
vt 0.257598 0.532528
vt 0.257598 0.532529
vt 0.257597 0.532529
vt 0.257598 0.532528
vt 0.546805 0.309304
vt 0.543316 0.296459
vt 0.558869 0.232104
vt 0.564918 0.236779
vt 0.571263 0.241382
vt 0.550398 0.321491
vt 0.532454 0.391086
vt 0.530909 0.371495
vt 0.529405 0.350921
vt 0.429071 0.267880
vt 0.423099 0.273122
vt 0.414826 0.217694
vt 0.421999 0.215752
vt 0.428935 0.214052
vt 0.434847 0.262991
vt 0.440568 0.302159
vt 0.435748 0.309783
vt 0.430876 0.317901
vt 0.623449 0.354009
vt 0.620622 0.352946
vt 0.650242 0.273322
vt 0.653607 0.274099
vt 0.656981 0.274403
vt 0.626595 0.354986
vt 0.603160 0.429765
vt 0.600055 0.427849
vt 0.597545 0.426162
vt 0.310182 0.352147
vt 0.303007 0.355644
vt 0.268566 0.265675
vt 0.277441 0.263273
vt 0.288605 0.260868
vt 0.319084 0.349080
vt 0.345536 0.424543
vt 0.338575 0.428650
vt 0.332985 0.433358
vt 0.510409 0.271474
vt 0.505227 0.264060
vt 0.511808 0.215897
vt 0.518470 0.218733
vt 0.525768 0.221555
vt 0.516289 0.278392
vt 0.507922 0.324775
vt 0.503295 0.313997
vt 0.499425 0.302346
vt 0.376228 0.317948
vt 0.371867 0.332735
vt 0.348315 0.243368
vt 0.356148 0.237920
vt 0.363175 0.232347
vt 0.379803 0.301891
vt 0.394984 0.359462
vt 0.394847 0.384795
vt 0.393770 0.407747
vt 0.501093 0.259538
vt 0.497729 0.256528
vt 0.502197 0.212650
vt 0.506410 0.213960
vt 0.496250 0.295296
vt 0.493505 0.290597
vt 0.260235 0.395124
vt 0.254718 0.397893
vt 0.215573 0.298120
vt 0.222131 0.295722
vt 0.229420 0.292288
vt 0.266210 0.389268
vt 0.296997 0.476864
vt 0.291717 0.484964
vt 0.286558 0.488024
vt 0.455466 0.240757
vt 0.449675 0.248745
vt 0.446735 0.209355
vt 0.453722 0.206957
vt 0.460785 0.205193
vt 0.461705 0.233871
vt 0.462567 0.254196
vt 0.457566 0.265441
vt 0.453104 0.278918
vt 0.568704 0.332408
vt 0.561897 0.330221
vt 0.584914 0.246822
vt 0.592631 0.249528
vt 0.600135 0.252020
vt 0.575567 0.334036
vt 0.555060 0.407210
vt 0.548646 0.405854
vt 0.542505 0.403565
vt 0.347692 0.342726
vt 0.340418 0.345380
vt 0.311637 0.254201
vt 0.319956 0.251471
vt 0.327920 0.249092
vt 0.354514 0.340091
vt 0.378577 0.416812
vt 0.372489 0.419793
vt 0.365848 0.422580
vt 0.445598 0.253388
vt 0.442275 0.256353
vt 0.438088 0.212755
vt 0.441900 0.211366
vt 0.449734 0.286676
vt 0.446875 0.291523
vt 0.403473 0.284235
vt 0.392782 0.287595
vt 0.379652 0.225904
vt 0.391727 0.223009
vt 0.402233 0.220675
vt 0.412762 0.281482
vt 0.422406 0.330782
vt 0.414146 0.334189
vt 0.404735 0.338258
vt 0.330172 0.347097
vt 0.300756 0.257545
vt 0.355867 0.423291
vt 0.522757 0.281517
vt 0.533171 0.223454
vt 0.541298 0.225392
vt 0.529813 0.283867
vt 0.519807 0.332258
vt 0.513668 0.329241
vt 0.631690 0.357427
vt 0.662152 0.276471
vt 0.201042 0.401809
vt 0.163909 0.321179
vt 0.169414 0.318176
vt 0.207198 0.400329
vt 0.235211 0.479282
vt 0.228720 0.479775
vt 0.608247 0.432883
vt 0.285100 0.363791
vt 0.278385 0.368444
vt 0.243493 0.281825
vt 0.250753 0.277367
vt 0.257296 0.273395
vt 0.291496 0.361688
vt 0.320651 0.438211
vt 0.314218 0.439605
vt 0.307943 0.445479
vt 0.385123 0.292624
vt 0.370583 0.228682
vt 0.398358 0.345304
vt 0.474155 0.236727
vt 0.470327 0.234591
vt 0.470453 0.205565
vt 0.474827 0.206206
vt 0.480632 0.207196
vt 0.479029 0.239876
vt 0.477544 0.263682
vt 0.473606 0.258875
vt 0.470291 0.255650
vt 0.582039 0.335141
vt 0.606893 0.253823
vt 0.613467 0.255560
vt 0.588284 0.336184
vt 0.568029 0.408316
vt 0.561565 0.407787
vt 0.272059 0.378712
vt 0.236400 0.287238
vt 0.302136 0.460813
vt 0.231065 0.398685
vt 0.224154 0.397243
vt 0.186530 0.308598
vt 0.193032 0.306613
vt 0.199959 0.304524
vt 0.238034 0.400207
vt 0.266698 0.488329
vt 0.259265 0.484123
vt 0.251819 0.479944
vt 0.537278 0.288428
vt 0.550723 0.228339
vt 0.525377 0.338665
vt 0.219549 0.397313
vt 0.215682 0.398257
vt 0.178095 0.313100
vt 0.182284 0.310578
vt 0.246972 0.478653
vt 0.243372 0.478824
vt 0.417925 0.277824
vt 0.408435 0.219213
vt 0.426753 0.325239
vt 0.606818 0.343309
vt 0.600851 0.340045
vt 0.626648 0.260071
vt 0.633811 0.262804
vt 0.639850 0.265802
vt 0.611919 0.346824
vt 0.590403 0.420457
vt 0.585898 0.416160
vt 0.580579 0.412098
vt 0.297099 0.358919
vt 0.262621 0.269241
vt 0.326956 0.436334
vt 0.363518 0.338466
vt 0.338054 0.246750
vt 0.386957 0.415563
vt 0.594532 0.337716
vt 0.619854 0.257617
vt 0.574468 0.409611
vt 0.485145 0.244846
vt 0.487664 0.208843
vt 0.494298 0.210555
vt 0.490865 0.249992
vt 0.487436 0.279995
vt 0.482611 0.271615
vt 0.250539 0.399122
vt 0.246621 0.399739
vt 0.207761 0.301417
vt 0.211153 0.299921
vt 0.282048 0.489030
vt 0.277106 0.489313
vt 0.555684 0.327535
vt 0.577970 0.244448
vt 0.536716 0.400200
vt 0.415993 0.177155
vt 0.423789 0.176812
vt 0.408192 0.177885
vt 0.402235 0.148467
vt 0.411026 0.148411
vt 0.419671 0.149014
vt 0.576054 0.193005
vt 0.584178 0.194464
vt 0.568028 0.191462
vt 0.573104 0.164739
vt 0.583046 0.166198
vt 0.592886 0.167488
vt 0.524343 0.180221
vt 0.532629 0.181764
vt 0.516651 0.178740
vt 0.521449 0.150149
vt 0.529326 0.152093
vt 0.537634 0.154156
vt 0.665636 0.227090
vt 0.670737 0.231769
vt 0.645156 0.269816
vt 0.660074 0.222062
vt 0.674161 0.198649
vt 0.679401 0.204031
vt 0.683889 0.209489
vt 0.260221 0.215610
vt 0.271391 0.212724
vt 0.251540 0.217942
vt 0.243194 0.194587
vt 0.251566 0.191803
vt 0.262402 0.188339
vt 0.345626 0.190455
vt 0.353642 0.188603
vt 0.336810 0.192554
vt 0.329962 0.166420
vt 0.338790 0.163983
vt 0.346941 0.161748
vt 0.501422 0.176142
vt 0.505268 0.176271
vt 0.498723 0.211683
vt 0.496514 0.176176
vt 0.497596 0.147268
vt 0.503390 0.147666
vt 0.508243 0.148002
vt 0.607908 0.202555
vt 0.615646 0.205748
vt 0.599979 0.199268
vt 0.609179 0.173130
vt 0.617612 0.175821
vt 0.626389 0.178161
vt 0.198531 0.247779
vt 0.208008 0.245282
vt 0.190026 0.249767
vt 0.178248 0.226779
vt 0.188237 0.225003
vt 0.198537 0.223101
vt 0.453034 0.174392
vt 0.460624 0.174757
vt 0.445534 0.175118
vt 0.445254 0.147317
vt 0.453060 0.145592
vt 0.461080 0.145552
vt 0.304900 0.200524
vt 0.313890 0.198020
vt 0.295737 0.203709
vt 0.287647 0.178917
vt 0.297055 0.175499
vt 0.306255 0.172830
vt 0.430512 0.178163
vt 0.435669 0.179090
vt 0.434055 0.213355
vt 0.427757 0.151432
vt 0.433684 0.153012
vt 0.383397 0.181021
vt 0.394361 0.178203
vt 0.371169 0.184490
vt 0.365066 0.155739
vt 0.376684 0.151913
vt 0.387180 0.148790
vt 0.138325 0.284844
vt 0.143123 0.280607
vt 0.683102 0.236352
vt 0.677897 0.233776
vt 0.691108 0.213604
vt 0.696383 0.217118
vt 0.123291 0.268291
vt 0.127768 0.263256
vt 0.283890 0.208270
vt 0.275411 0.183690
vt 0.540864 0.183416
vt 0.549512 0.185579
vt 0.546121 0.155948
vt 0.554845 0.158184
vt 0.231967 0.231766
vt 0.239656 0.225630
vt 0.223695 0.237723
vt 0.213243 0.216044
vt 0.221766 0.209057
vt 0.230450 0.201906
vt 0.361714 0.186789
vt 0.355445 0.158991
vt 0.623063 0.208027
vt 0.630268 0.210208
vt 0.635071 0.180591
vt 0.643039 0.183662
vt 0.215997 0.242007
vt 0.206185 0.220477
vt 0.466356 0.175935
vt 0.470762 0.176834
vt 0.466287 0.204983
vt 0.466803 0.147471
vt 0.471103 0.149054
vt 0.166088 0.261290
vt 0.173829 0.258045
vt 0.158985 0.264497
vt 0.143837 0.243729
vt 0.151753 0.239709
vt 0.160337 0.235833
vt 0.147221 0.276501
vt 0.151079 0.272295
vt 0.173965 0.315561
vt 0.131922 0.258529
vt 0.135939 0.253590
vt 0.401278 0.177751
vt 0.394685 0.148160
vt 0.559050 0.188663
vt 0.563873 0.161640
vt 0.245626 0.221042
vt 0.237070 0.197403
vt 0.653106 0.218897
vt 0.644924 0.216106
vt 0.657844 0.192523
vt 0.666544 0.195528
vt 0.325308 0.195327
vt 0.318177 0.169711
vt 0.489211 0.175746
vt 0.481519 0.175532
vt 0.481503 0.146181
vt 0.489579 0.146432
vt 0.637439 0.213084
vt 0.650264 0.188171
vt 0.592147 0.196601
vt 0.601237 0.170058
vt 0.178457 0.255723
vt 0.181784 0.253734
vt 0.204374 0.302905
vt 0.165319 0.233134
vt 0.168976 0.230892
vt 0.333498 0.144145
vt 0.341497 0.141184
vt 0.325432 0.147026
vt 0.321307 0.132105
vt 0.329913 0.131969
vt 0.337548 0.128089
vt 0.504675 0.125925
vt 0.511995 0.127043
vt 0.496996 0.123698
vt 0.496955 0.105317
vt 0.506310 0.110211
vt 0.515436 0.111609
vt 0.626783 0.154621
vt 0.637722 0.154088
vt 0.617396 0.153517
vt 0.623183 0.141378
vt 0.633300 0.140295
vt 0.646449 0.136103
vt 0.178769 0.206219
vt 0.189038 0.205011
vt 0.169549 0.207413
vt 0.162828 0.190412
vt 0.172244 0.190598
vt 0.181564 0.189240
vt 0.454265 0.122488
vt 0.462675 0.119998
vt 0.445895 0.125720
vt 0.446884 0.110984
vt 0.455217 0.107313
vt 0.464305 0.097212
vt 0.291605 0.159486
vt 0.301904 0.156142
vt 0.280942 0.163021
vt 0.276567 0.151319
vt 0.287401 0.148128
vt 0.297828 0.144386
vt 0.425840 0.129119
vt 0.432387 0.131038
vt 0.417082 0.126118
vt 0.415349 0.109218
vt 0.424643 0.112678
vt 0.431778 0.113723
vt 0.370164 0.126312
vt 0.379833 0.123950
vt 0.359981 0.130069
vt 0.354928 0.106781
vt 0.365088 0.105495
vt 0.373759 0.103667
vt 0.109078 0.256832
vt 0.113853 0.251511
vt 0.708840 0.201762
vt 0.703378 0.197329
vt 0.712259 0.185095
vt 0.718167 0.190168
vt 0.098286 0.249225
vt 0.101807 0.242120
vt 0.267513 0.167032
vt 0.254583 0.170723
vt 0.248680 0.156304
vt 0.262851 0.154533
vt 0.550367 0.134751
vt 0.559205 0.135755
vt 0.542410 0.133169
vt 0.546284 0.120249
vt 0.553642 0.121409
vt 0.562708 0.120810
vt 0.215256 0.189607
vt 0.223795 0.183009
vt 0.206348 0.196953
vt 0.200436 0.181109
vt 0.209598 0.174926
vt 0.217794 0.167657
vt 0.350480 0.135878
vt 0.346307 0.119960
vt 0.197941 0.202091
vt 0.190983 0.185973
vt 0.467986 0.120620
vt 0.471416 0.121920
vt 0.468599 0.098482
vt 0.471375 0.098881
vt 0.648386 0.154383
vt 0.656862 0.157436
vt 0.659268 0.133664
vt 0.668382 0.136353
vt 0.142049 0.225366
vt 0.150344 0.218239
vt 0.134439 0.232409
vt 0.128016 0.224369
vt 0.135306 0.214420
vt 0.143453 0.202841
vt 0.387849 0.122218
vt 0.396358 0.121914
vt 0.381856 0.101302
vt 0.390696 0.098002
vt 0.568906 0.137505
vt 0.579245 0.139311
vt 0.573210 0.119900
vt 0.584543 0.119693
vt 0.119535 0.247394
vt 0.125542 0.243223
vt 0.110731 0.239404
vt 0.118691 0.235416
vt 0.678673 0.176630
vt 0.687493 0.178882
vt 0.669505 0.173466
vt 0.677869 0.159996
vt 0.687549 0.162870
vt 0.697556 0.163372
vt 0.230491 0.179223
vt 0.236685 0.176758
vt 0.226118 0.167139
vt 0.232315 0.165345
vt 0.314309 0.151543
vt 0.310204 0.138858
vt 0.488313 0.121448
vt 0.480239 0.119997
vt 0.478828 0.097053
vt 0.487506 0.103830
vt 0.662800 0.165590
vt 0.672665 0.148239
vt 0.610370 0.149221
vt 0.602637 0.144083
vt 0.610728 0.126949
vt 0.617417 0.135338
vt 0.155145 0.214249
vt 0.159300 0.211516
vt 0.148021 0.201097
vt 0.152305 0.197795
vt 0.591330 0.141178
vt 0.598283 0.122143
vt 0.406841 0.123689
vt 0.403554 0.106500
vt 0.535187 0.129692
vt 0.528019 0.126475
vt 0.534771 0.106787
vt 0.540465 0.115074
vt 0.692500 0.184004
vt 0.696411 0.190192
vt 0.702569 0.168232
vt 0.705884 0.175285
vt 0.244474 0.173932
vt 0.239748 0.162531
vt 0.524773 0.099177
vt 0.524507 0.110028
vt 0.517171 0.099928
vt 0.518471 0.090458
vt 0.523854 0.090375
vt 0.529561 0.087782
vt 0.531738 0.095788
vt 0.524496 0.082046
vt 0.519754 0.081932
vt 0.521694 0.073538
vt 0.526320 0.074158
vt 0.530993 0.071836
vt 0.529430 0.079649
vt 0.474020 0.082328
vt 0.474249 0.098763
vt 0.471566 0.080815
vt 0.473034 0.065778
vt 0.475075 0.068461
vt 0.476587 0.071654
vt 0.476408 0.081954
vt 0.515177 0.080795
vt 0.513201 0.089355
vt 0.508722 0.085621
vt 0.511625 0.077165
vt 0.514139 0.068876
vt 0.517204 0.072503
vt 0.509686 0.098920
vt 0.503910 0.095104
vt 0.519934 0.126321
vt 0.514217 0.148783
vt 0.510212 0.177270
vt 0.494697 0.253627
vt 0.490810 0.285920
vt 0.436996 0.102137
vt 0.439021 0.113715
vt 0.431423 0.101113
vt 0.430790 0.089393
vt 0.434847 0.089933
vt 0.439367 0.089245
vt 0.442085 0.101551
vt 0.433943 0.077985
vt 0.429741 0.078135
vt 0.428492 0.067636
vt 0.433139 0.067138
vt 0.437494 0.065363
vt 0.438289 0.076685
vt 0.431884 0.058180
vt 0.427187 0.058806
vt 0.426248 0.049666
vt 0.430436 0.048869
vt 0.434106 0.046323
vt 0.436198 0.056092
vt 0.429038 0.036806
vt 0.425847 0.037661
vt 0.425314 0.023910
vt 0.427449 0.023083
vt 0.428918 0.022997
vt 0.431337 0.033545
vt 0.376656 0.086143
vt 0.369771 0.088001
vt 0.367705 0.075397
vt 0.373204 0.074317
vt 0.377689 0.070935
vt 0.381832 0.082254
vt 0.362894 0.089808
vt 0.356545 0.088887
vt 0.356843 0.075630
vt 0.362405 0.076847
vt 0.362459 0.066245
vt 0.357101 0.064224
vt 0.358181 0.055011
vt 0.363467 0.057545
vt 0.368274 0.057351
vt 0.367381 0.065654
vt 0.372513 0.065433
vt 0.373223 0.057347
vt 0.377201 0.054734
vt 0.377008 0.062644
vt 0.365752 0.050558
vt 0.360871 0.048314
vt 0.363037 0.042154
vt 0.367168 0.044104
vt 0.370877 0.043147
vt 0.370036 0.049865
vt 0.374190 0.049119
vt 0.374366 0.041990
vt 0.376958 0.038649
vt 0.377303 0.046306
vt 0.365940 0.036382
vt 0.362736 0.034113
vt 0.361672 0.026221
vt 0.363248 0.026442
vt 0.365501 0.025726
vt 0.368999 0.035537
vt 0.372007 0.034613
vt 0.367791 0.025165
vt 0.369742 0.023952
vt 0.373900 0.030935
vt 0.303032 0.128274
vt 0.291903 0.133090
vt 0.284630 0.121996
vt 0.293729 0.117350
vt 0.300207 0.111033
vt 0.310652 0.122123
vt 0.261872 0.141719
vt 0.251689 0.141630
vt 0.250541 0.128927
vt 0.259809 0.129110
vt 0.269888 0.126592
vt 0.274009 0.138722
vt 0.283076 0.135905
vt 0.277416 0.124646
vt 0.253481 0.118781
vt 0.245919 0.118889
vt 0.241648 0.108639
vt 0.247529 0.108317
vt 0.253808 0.104655
vt 0.261664 0.115920
vt 0.268532 0.113196
vt 0.259760 0.101122
vt 0.265701 0.097561
vt 0.275152 0.109829
vt 0.282596 0.105280
vt 0.271950 0.093844
vt 0.275565 0.088464
vt 0.287367 0.099288
vt 0.265448 0.084957
vt 0.260517 0.087146
vt 0.257086 0.077156
vt 0.260964 0.076353
vt 0.263412 0.074868
vt 0.268046 0.080599
vt 0.246529 0.095179
vt 0.241861 0.094718
vt 0.242588 0.083394
vt 0.245994 0.081457
vt 0.249574 0.079726
vt 0.251085 0.092254
vt 0.255739 0.089581
vt 0.253279 0.078288
vt 0.169289 0.174367
vt 0.161942 0.172950
vt 0.159154 0.155363
vt 0.166346 0.156423
vt 0.173379 0.154774
vt 0.177393 0.172970
vt 0.184655 0.171008
vt 0.179236 0.153441
vt 0.184957 0.152206
vt 0.192073 0.168257
vt 0.200356 0.164445
vt 0.191273 0.150921
vt 0.195268 0.147468
vt 0.205144 0.159271
vt 0.187293 0.128806
vt 0.181812 0.127243
vt 0.171619 0.106986
vt 0.176581 0.110343
vt 0.180631 0.113502
vt 0.188683 0.128174
vt 0.163060 0.136535
vt 0.155429 0.138162
vt 0.152230 0.125077
vt 0.156909 0.118772
vt 0.162688 0.110908
vt 0.169983 0.131439
vt 0.176190 0.128296
vt 0.167385 0.107048
vt 0.118273 0.220053
vt 0.125225 0.229746
vt 0.112191 0.225772
vt 0.105364 0.213804
vt 0.110292 0.208099
vt 0.114775 0.201604
vt 0.121955 0.213913
vt 0.129805 0.202627
vt 0.123373 0.190203
vt 0.128685 0.178257
vt 0.135889 0.191442
vt 0.100924 0.194636
vt 0.097333 0.199882
vt 0.085435 0.184798
vt 0.087948 0.180367
vt 0.092204 0.175479
vt 0.105155 0.188615
vt 0.113627 0.178172
vt 0.101304 0.167824
vt 0.107588 0.158145
vt 0.119134 0.166384
vt 0.069404 0.165026
vt 0.067363 0.168527
vt 0.048174 0.152735
vt 0.050471 0.149452
vt 0.056830 0.148249
vt 0.074551 0.162169
vt 0.086069 0.160061
vt 0.070675 0.151998
vt 0.081087 0.152726
vt 0.094600 0.156062
vt 0.064835 0.172501
vt 0.082345 0.189576
vt 0.077256 0.190901
vt 0.059651 0.173105
vt 0.045549 0.159815
vt 0.045651 0.156208
vt 0.092316 0.205768
vt 0.098096 0.220012
vt 0.089932 0.222802
vt 0.085793 0.208145
vt 0.103997 0.230978
vt 0.095829 0.232832
vt 0.130996 0.237539
vt 0.139986 0.247994
vt 0.155028 0.267857
vt 0.211819 0.399206
vt 0.239772 0.479000
vt 0.699683 0.194052
vt 0.687409 0.211856
vt 0.708708 0.180536
vt 0.674303 0.233096
vt 0.616466 0.350240
vt 0.594260 0.423732
vt 0.422407 0.039566
vt 0.421767 0.052399
vt 0.417074 0.052861
vt 0.419125 0.038554
vt 0.420914 0.026596
vt 0.423135 0.025040
vt 0.422387 0.062102
vt 0.423753 0.071077
vt 0.418610 0.072678
vt 0.417200 0.063421
vt 0.425506 0.081408
vt 0.426669 0.092123
vt 0.421772 0.093231
vt 0.420641 0.083041
vt 0.425590 0.102210
vt 0.420064 0.101694
vt 0.438784 0.129248
vt 0.438717 0.150800
vt 0.439966 0.177418
vt 0.438962 0.259356
vt 0.444053 0.296379
vt 0.469073 0.081778
vt 0.467470 0.080972
vt 0.469308 0.070564
vt 0.470676 0.067748
vt 0.474928 0.120878
vt 0.475567 0.147807
vt 0.475429 0.176277
vt 0.466534 0.232742
vt 0.466836 0.252519
vt 0.163722 0.209184
vt 0.172654 0.228715
vt 0.157320 0.195365
vt 0.185089 0.251720
vt 0.242710 0.400368
vt 0.272162 0.489611
vt 0.520352 0.063998
vt 0.517412 0.059851
vt 0.520930 0.052467
vt 0.523930 0.056973
vt 0.527891 0.059044
vt 0.524480 0.065635
vt 0.529082 0.067423
vt 0.532816 0.061222
vt 0.536859 0.058738
vt 0.534789 0.065458
vt 0.528377 0.052899
vt 0.525345 0.048572
vt 0.529536 0.046249
vt 0.532243 0.049957
vt 0.535193 0.050899
vt 0.532157 0.054440
vt 0.536232 0.055134
vt 0.537796 0.051226
vt 0.539139 0.049954
vt 0.538430 0.053163
vt 0.534136 0.047391
vt 0.532204 0.044092
vt 0.533346 0.041457
vt 0.534804 0.044665
vt 0.536544 0.045294
vt 0.536280 0.048186
vt 0.538186 0.048756
vt 0.538155 0.045874
vt 0.539881 0.044227
vt 0.539580 0.047560
vt 0.534369 0.040946
vt 0.533494 0.037788
vt 0.533636 0.034429
vt 0.534359 0.037399
vt 0.535757 0.038056
vt 0.536038 0.041607
vt 0.537654 0.042219
vt 0.537210 0.038679
vt 0.538831 0.036515
vt 0.539440 0.040187
vt 0.535462 0.035093
vt 0.534762 0.032043
vt 0.536172 0.028792
vt 0.536935 0.030904
vt 0.537665 0.031430
vt 0.536509 0.035662
vt 0.537591 0.036220
vt 0.538395 0.031959
vt 0.539067 0.030489
vt 0.538807 0.033935
vt 0.854906 0.664052
vt 0.838212 0.664051
vt 0.057814 0.141535
vt 0.076077 0.147653
vt 0.042498 0.135280
vt 0.868218 0.666534
vt 0.832320 0.545923
vt 0.832608 0.547959
vt 0.829084 0.548580
vt 0.828889 0.546539
vt 0.255786 0.505368
vt 0.252251 0.505369
vt 0.260688 0.507013
vt 0.837282 0.544531
vt 0.837673 0.546557
vt 0.521364 0.483353
vt 0.515934 0.488671
vt 0.372923 0.021455
vt 0.376704 0.030330
vt 0.367709 0.015085
vt 0.526689 0.479682
vt 0.447106 0.489934
vt 0.446775 0.481133
vt 0.414345 0.057539
vt 0.414476 0.046176
vt 0.415838 0.067272
vt 0.446665 0.498899
vt 0.293638 0.544619
vt 0.286953 0.540658
vt 0.512039 0.069564
vt 0.514011 0.060747
vt 0.509058 0.078705
vt 0.302344 0.548536
vt 0.860958 0.539829
vt 0.861631 0.541860
vt 0.855454 0.540907
vt 0.854873 0.538918
vt 0.281903 0.518448
vt 0.276051 0.516878
vt 0.287274 0.518201
vt 0.865777 0.542400
vt 0.866540 0.544500
vt 0.826429 0.668928
vt 0.818128 0.674625
vt 0.091417 0.147512
vt 0.104078 0.148070
vt 0.774362 0.535276
vt 0.773394 0.537050
vt 0.767675 0.532870
vt 0.768784 0.531196
vt 0.567976 0.433154
vt 0.561479 0.431921
vt 0.574011 0.435729
vt 0.780225 0.538777
vt 0.779418 0.540639
vt 0.579022 0.584226
vt 0.566685 0.587524
vt 0.310129 0.116275
vt 0.319523 0.124458
vt 0.299310 0.104043
vt 0.593164 0.577518
vt 0.257216 0.532595
vt 0.257191 0.532667
vt 0.538118 0.021517
vt 0.538796 0.022120
vt 0.536882 0.021639
vt 0.257216 0.532406
vt 0.727703 0.478528
vt 0.726363 0.479624
vt 0.711909 0.461491
vt 0.713247 0.460452
vt 0.525560 0.391902
vt 0.524805 0.368575
vt 0.526317 0.413815
vt 0.741780 0.495329
vt 0.740412 0.496453
vt 0.767207 0.609824
vt 0.761479 0.599357
vt 0.148177 0.107195
vt 0.154839 0.097998
vt 0.144378 0.118893
vt 0.764815 0.621316
vt 0.536038 0.545261
vt 0.535704 0.529914
vt 0.352482 0.083017
vt 0.352708 0.069102
vt 0.350035 0.097834
vt 0.537646 0.561948
vt 0.691088 0.394193
vt 0.689758 0.394573
vt 0.689038 0.389001
vt 0.690356 0.388667
vt 0.494636 0.306842
vt 0.492095 0.301632
vt 0.497456 0.314641
vt 0.692708 0.402086
vt 0.691365 0.402518
vt 0.762923 0.631889
vt 0.147344 0.132279
vt 0.152478 0.148638
vt 0.762308 0.646864
vt 0.647152 0.588689
vt 0.646565 0.580374
vt 0.241060 0.112652
vt 0.236665 0.102036
vt 0.245756 0.123309
vt 0.647375 0.598718
vt 0.536280 0.518296
vt 0.537585 0.509639
vt 0.352714 0.057026
vt 0.353672 0.047319
vt 0.128184 0.692312
vt 0.123603 0.701456
vt 0.693628 0.153927
vt 0.703847 0.153011
vt 0.683101 0.151071
vt 0.133364 0.681955
vt 0.820820 0.758117
vt 0.826200 0.747325
vt 0.088577 0.228999
vt 0.081795 0.218942
vt 0.093144 0.236584
vt 0.818986 0.767418
vt 0.706578 0.302985
vt 0.705496 0.302601
vt 0.708215 0.297505
vt 0.709273 0.297920
vt 0.451320 0.297520
vt 0.448593 0.302936
vt 0.454476 0.288792
vt 0.702825 0.310878
vt 0.701719 0.310522
vt 0.641929 0.560023
vt 0.639932 0.557761
vt 0.242137 0.069163
vt 0.245608 0.067780
vt 0.239169 0.074503
vt 0.643845 0.564330
vt 0.872132 0.209431
vt 0.872614 0.207914
vt 0.879800 0.209050
vt 0.879180 0.210541
vt 0.347641 0.452636
vt 0.342546 0.457751
vt 0.354012 0.448150
vt 0.864533 0.207698
vt 0.864806 0.206118
vt 0.402684 0.533705
vt 0.393285 0.539419
vt 0.442951 0.096997
vt 0.448413 0.103554
vt 0.440071 0.083662
vt 0.414998 0.516745
vt 0.203563 0.634356
vt 0.194196 0.637175
vt 0.621192 0.126519
vt 0.627006 0.133874
vt 0.615157 0.116626
vt 0.213466 0.629107
vt 0.756177 0.241421
vt 0.755711 0.240300
vt 0.770493 0.234635
vt 0.770866 0.235830
vt 0.402796 0.362017
vt 0.400152 0.377917
vt 0.408801 0.354202
vt 0.747675 0.245964
vt 0.747037 0.244954
vt 0.880925 0.543569
vt 0.881936 0.545729
vt 0.876279 0.548199
vt 0.875364 0.545997
vt 0.302387 0.513773
vt 0.297329 0.516980
vt 0.307369 0.504890
vt 0.948045 0.239345
vt 0.939627 0.233803
vt 0.941366 0.232386
vt 0.949920 0.237963
vt 0.530975 0.482626
vt 0.530537 0.481345
vt 0.360353 0.014382
vt 0.362420 0.013699
vt 0.359205 0.017461
vt 0.531704 0.484673
vt 0.446578 0.510951
vt 0.418139 0.078064
vt 0.419585 0.088686
vt 0.450129 0.525471
vt 0.315424 0.552504
vt 0.503697 0.088909
vt 0.496455 0.095659
vt 0.327681 0.552778
vt 0.271158 0.592265
vt 0.265572 0.597650
vt 0.543073 0.106660
vt 0.548763 0.112944
vt 0.539101 0.097770
vt 0.274864 0.584135
vt 0.256511 0.540695
vt 0.257626 0.544317
vt 0.541720 0.041781
vt 0.541037 0.045469
vt 0.541941 0.037232
vt 0.256641 0.537328
vt 0.875513 0.669105
vt 0.035381 0.135895
vt 0.032772 0.139360
vt 0.877201 0.674052
vt 0.814542 0.547758
vt 0.814406 0.549811
vt 0.807971 0.549728
vt 0.808237 0.547678
vt 0.600815 0.457902
vt 0.595708 0.454524
vt 0.237566 0.505712
vt 0.244163 0.505459
vt 0.821016 0.547567
vt 0.821021 0.549620
vt 0.440344 0.460352
vt 0.438965 0.463077
vt 0.425804 0.009400
vt 0.427955 0.012649
vt 0.423926 0.010276
vt 0.441911 0.459975
vt 0.349002 0.513393
vt 0.347936 0.519886
vt 0.477155 0.057082
vt 0.478327 0.064495
vt 0.475146 0.053960
vt 0.352019 0.507432
vt 0.386463 0.542146
vt 0.374641 0.536748
vt 0.456435 0.098976
vt 0.464479 0.087283
vt 0.259005 0.529552
vt 0.257741 0.531218
vt 0.532897 0.030172
vt 0.533076 0.026250
vt 0.532719 0.033732
vt 0.261416 0.527323
vt 0.763791 0.526396
vt 0.762580 0.527965
vt 0.758061 0.522624
vt 0.759348 0.521159
vt 0.554861 0.431533
vt 0.548285 0.431116
vt 0.699330 0.635433
vt 0.685569 0.638892
vt 0.203669 0.152570
vt 0.214505 0.159255
vt 0.193103 0.139028
vt 0.717134 0.627907
vt 0.689634 0.383142
vt 0.688327 0.383431
vt 0.687722 0.376358
vt 0.689014 0.376122
vt 0.489492 0.296402
vt 0.486225 0.289728
vt 0.443451 0.460882
vt 0.422049 0.011139
vt 0.419885 0.016360
vt 0.445196 0.464441
vt 0.705647 0.448590
vt 0.704285 0.449528
vt 0.700941 0.441400
vt 0.702331 0.440603
vt 0.521460 0.354849
vt 0.516421 0.347824
vt 0.731268 0.618668
vt 0.185118 0.117611
vt 0.178785 0.104252
vt 0.740029 0.609470
vt 0.280470 0.536187
vt 0.275360 0.531514
vt 0.516528 0.051427
vt 0.519485 0.043980
vt 0.688613 0.366104
vt 0.687347 0.366267
vt 0.687359 0.356413
vt 0.688602 0.356327
vt 0.481619 0.280213
vt 0.476903 0.271171
vt 0.512513 0.512901
vt 0.508422 0.519502
vt 0.379894 0.054848
vt 0.378088 0.063056
vt 0.380675 0.047789
vt 0.513108 0.506065
vt 0.144116 0.669482
vt 0.678469 0.137161
vt 0.675457 0.123731
vt 0.151742 0.659513
vt 0.720640 0.279234
vt 0.719678 0.278669
vt 0.724708 0.270148
vt 0.725642 0.270803
vt 0.438139 0.323161
vt 0.433581 0.332176
vt 0.442674 0.314714
vt 0.715484 0.286924
vt 0.714476 0.286429
vt 0.784754 0.692991
vt 0.776326 0.695642
vt 0.133444 0.182902
vt 0.140037 0.192515
vt 0.125119 0.169083
vt 0.795039 0.684934
vt 0.885671 0.211908
vt 0.886415 0.210442
vt 0.892961 0.212137
vt 0.892084 0.213579
vt 0.336461 0.460679
vt 0.329901 0.462300
vt 0.631463 0.556425
vt 0.628260 0.557719
vt 0.256551 0.065617
vt 0.260822 0.067039
vt 0.252849 0.066008
vt 0.634450 0.555734
vt 0.539308 0.502849
vt 0.538900 0.496402
vt 0.356811 0.040463
vt 0.359732 0.033997
vt 0.457286 0.536533
vt 0.418029 0.097426
vt 0.412144 0.101327
vt 0.463047 0.541870
vt 0.224192 0.623723
vt 0.602413 0.111028
vt 0.588289 0.108890
vt 0.235736 0.619471
vt 0.354312 0.513251
vt 0.472701 0.056319
vt 0.470334 0.063199
vt 0.358223 0.517110
vt 0.120257 0.707047
vt 0.116247 0.713205
vt 0.708519 0.157762
vt 0.711056 0.165004
vt 0.797647 0.228263
vt 0.797297 0.227001
vt 0.821269 0.218759
vt 0.821640 0.220111
vt 0.401034 0.406255
vt 0.401328 0.431362
vt 0.835048 0.737002
vt 0.848210 0.720074
vt 0.077373 0.203781
vt 0.068606 0.185409
vt 0.870580 0.544993
vt 0.871425 0.547165
vt 0.292634 0.517970
vt 0.645644 0.571758
vt 0.236864 0.087508
vt 0.804294 0.547288
vt 0.803954 0.549329
vt 0.800748 0.548691
vt 0.801145 0.546664
vt 0.592590 0.452271
vt 0.590142 0.450341
vt 0.436058 0.467143
vt 0.431675 0.474028
vt 0.430774 0.024276
vt 0.434090 0.038302
vt 0.345102 0.530000
vt 0.340977 0.542754
vt 0.478442 0.075443
vt 0.480868 0.086908
vt 0.666315 0.631093
vt 0.659057 0.625361
vt 0.237042 0.155737
vt 0.244094 0.149030
vt 0.229074 0.158853
vt 0.672933 0.634699
vt 0.256406 0.534786
vt 0.541170 0.032582
vt 0.540218 0.028522
vt 0.256689 0.533433
vt 0.774876 0.693938
vt 0.770692 0.691590
vt 0.143016 0.192970
vt 0.147344 0.189345
vt 0.825460 0.547123
vt 0.825568 0.549171
vt 0.248712 0.505373
vt 0.755372 0.515742
vt 0.754029 0.517104
vt 0.750340 0.511380
vt 0.751718 0.510119
vt 0.541948 0.429818
vt 0.535908 0.427451
vt 0.744937 0.601949
vt 0.171515 0.097157
vt 0.164996 0.093789
vt 0.749562 0.596674
vt 0.498567 0.529581
vt 0.485886 0.540640
vt 0.382234 0.075096
vt 0.390417 0.087641
vt 0.542990 0.574718
vt 0.343720 0.111464
vt 0.335113 0.121096
vt 0.551940 0.582711
vt 0.257339 0.531973
vt 0.534617 0.023274
vt 0.700878 0.434036
vt 0.699479 0.434687
vt 0.698146 0.427348
vt 0.699536 0.426804
vt 0.510502 0.344576
vt 0.504936 0.339663
vt 0.817333 0.773682
vt 0.091010 0.243639
vt 0.724232 0.181680
vt 0.717547 0.176135
vt 0.106341 0.730196
vt 0.109850 0.723090
vt 0.270034 0.549055
vt 0.272454 0.552947
vt 0.541216 0.056602
vt 0.537539 0.062564
vt 0.542681 0.053343
vt 0.266892 0.547015
vt 0.689070 0.350027
vt 0.687844 0.350048
vt 0.688565 0.345399
vt 0.689777 0.345445
vt 0.473353 0.265742
vt 0.470294 0.262129
vt 0.838038 0.201088
vt 0.837795 0.199357
vt 0.845005 0.199110
vt 0.845160 0.200846
vt 0.380590 0.443931
vt 0.374093 0.446743
vt 0.386497 0.440866
vt 0.832506 0.204771
vt 0.832203 0.203137
vt 0.606264 0.570465
vt 0.286064 0.091388
vt 0.273935 0.079882
vt 0.616903 0.564211
vt 0.158893 0.654856
vt 0.666020 0.121334
vt 0.652726 0.125387
vt 0.170213 0.650656
vt 0.270991 0.527693
vt 0.266588 0.525986
vt 0.523886 0.040173
vt 0.528422 0.038093
vt 0.690588 0.340848
vt 0.689383 0.340718
vt 0.690973 0.336537
vt 0.692151 0.336790
vt 0.467102 0.258638
vt 0.463169 0.260545
vt 0.728753 0.262621
vt 0.727792 0.261888
vt 0.731135 0.255483
vt 0.732099 0.256257
vt 0.429873 0.340253
vt 0.425875 0.346274
vt 0.623781 0.560266
vt 0.266192 0.071727
vt 0.898244 0.215506
vt 0.899289 0.214103
vt 0.907894 0.216682
vt 0.906607 0.218041
vt 0.323451 0.463498
vt 0.317352 0.469783
vt 0.513211 0.497095
vt 0.379016 0.039145
vt 0.244755 0.614879
vt 0.577114 0.110384
vt 0.566415 0.112733
vt 0.253325 0.608991
vt 0.828569 0.212017
vt 0.828211 0.210540
vt 0.394876 0.439777
vt 0.806727 0.677790
vt 0.115347 0.156297
vt 0.845897 0.541373
vt 0.846387 0.543368
vt 0.268323 0.511924
vt 0.534939 0.489274
vt 0.359840 0.025152
vt 0.428130 0.481197
vt 0.425168 0.489332
vt 0.436611 0.048875
vt 0.438083 0.058705
vt 0.274251 0.559215
vt 0.275086 0.567294
vt 0.533319 0.071961
vt 0.532920 0.081071
vt 0.335014 0.549630
vt 0.487901 0.094339
vt 0.711968 0.292857
vt 0.710931 0.292406
vt 0.445934 0.308327
vt 0.863570 0.695326
vt 0.872376 0.681281
vt 0.049928 0.166293
vt 0.033443 0.150712
vt 0.786417 0.541996
vt 0.785752 0.543927
vt 0.579154 0.440087
vt 0.583469 0.444671
vt 0.792394 0.544520
vt 0.791839 0.546501
vt 0.762729 0.666665
vt 0.156378 0.166755
vt 0.156675 0.181161
vt 0.765385 0.682541
vt 0.446343 0.471437
vt 0.416981 0.030392
vt 0.364444 0.525935
vt 0.468438 0.074135
vt 0.472789 0.545888
vt 0.401533 0.097584
vt 0.678169 0.637188
vt 0.222405 0.160492
vt 0.257176 0.532758
vt 0.257118 0.532922
vt 0.539464 0.022722
vt 0.539991 0.023772
vt 0.748180 0.504185
vt 0.746789 0.505355
vt 0.530213 0.423856
vt 0.754588 0.596171
vt 0.160332 0.093571
vt 0.651793 0.612692
vt 0.247295 0.136729
vt 0.559630 0.586060
vt 0.327240 0.125568
vt 0.768310 0.687530
vt 0.152642 0.187034
vt 0.256981 0.533073
vt 0.540062 0.025670
vt 0.873922 0.677001
vt 0.030153 0.142814
vt 0.696186 0.414756
vt 0.694823 0.415244
vt 0.500818 0.327656
vt 0.112975 0.718120
vt 0.713675 0.170863
vt 0.696991 0.324624
vt 0.695852 0.324304
vt 0.458608 0.273468
vt 0.854827 0.203910
vt 0.854849 0.202231
vt 0.364131 0.447099
vt 0.637313 0.556305
vt 0.249192 0.066730
vt 0.184104 0.644966
vt 0.638487 0.131707
vt 0.262062 0.546275
vt 0.542505 0.049432
vt 0.797232 0.545899
vt 0.796764 0.547909
vt 0.587098 0.447944
vt 0.739003 0.251006
vt 0.738159 0.250136
vt 0.417894 0.349855
vt 0.923197 0.225313
vt 0.924742 0.223937
vt 0.311978 0.486882
vt 0.529660 0.480585
vt 0.364544 0.013216
vt 0.421952 0.501005
vt 0.438977 0.070485
vt 0.275681 0.575550
vt 0.535421 0.089369
vt 0.260564 0.603102
vt 0.556712 0.114127
vt 0.263402 0.526039
vt 0.531501 0.036122
vt 0.650422 0.877587
vt 0.655610 0.878452
vt 0.646145 0.876152
vt 0.391135 0.691592
vt 0.397098 0.692141
vt 0.386786 0.693882
vt 0.426679 0.715101
vt 0.431814 0.718472
vt 0.422516 0.712350
vt 0.245093 0.844765
vt 0.249211 0.839911
vt 0.241250 0.848837
vt 0.684642 0.883535
vt 0.689621 0.885725
vt 0.680461 0.881684
vt 0.360754 0.716935
vt 0.364637 0.712654
vt 0.357722 0.720366
vt 0.305611 0.802782
vt 0.310211 0.795494
vt 0.299425 0.807317
vt 0.641851 0.874734
vt 0.637271 0.872645
vt 0.370564 0.706567
vt 0.377080 0.700604
vt 0.265939 0.825406
vt 0.272279 0.821828
vt 0.259668 0.829765
vt 0.516701 0.795071
vt 0.526993 0.797833
vt 0.507146 0.788555
vt 0.591910 0.825746
vt 0.598056 0.829603
vt 0.585390 0.821380
vt 0.253940 0.834864
vt 0.452607 0.732629
vt 0.458823 0.736263
vt 0.446290 0.728086
vt 0.676266 0.879836
vt 0.671205 0.878691
vt 0.318668 0.760910
vt 0.326175 0.754463
vt 0.313410 0.770167
vt 0.663455 0.878530
vt 0.619007 0.850229
vt 0.624940 0.861742
vt 0.612469 0.838915
vt 0.278738 0.818711
vt 0.285442 0.815468
vt 0.382473 0.696629
vt 0.491434 0.748759
vt 0.497752 0.758163
vt 0.482402 0.743295
vt 0.605142 0.832982
vt 0.230531 0.856919
vt 0.235368 0.852834
vt 0.696213 0.888602
vt 0.333600 0.750237
vt 0.340259 0.745527
vt 0.554660 0.808348
vt 0.567222 0.812161
vt 0.543043 0.805023
vt 0.469810 0.739353
vt 0.418320 0.709668
vt 0.413044 0.705456
vt 0.534772 0.801350
vt 0.292501 0.811637
vt 0.405315 0.698185
vt 0.631274 0.868742
vt 0.354343 0.724018
vt 0.350353 0.729296
vt 0.502054 0.773930
vt 0.345698 0.737536
vt 0.577317 0.816681
vt 0.238478 0.850831
vt 0.438955 0.723073
vt 0.311909 0.783110
vt 0.933616 0.216169
vt 0.933955 0.214707
vt 0.951644 0.222864
vt 0.951154 0.224379
vt 0.949067 0.226107
vt 0.931716 0.217817
vt 0.913798 0.210492
vt 0.915436 0.208830
vt 0.915838 0.207424
vt 0.733309 0.245248
vt 0.732613 0.244639
vt 0.742622 0.238442
vt 0.743291 0.239081
vt 0.744116 0.240356
vt 0.734345 0.246273
vt 0.726962 0.252095
vt 0.725832 0.251181
vt 0.725020 0.250801
vt 0.794095 0.559325
vt 0.793424 0.560693
vt 0.787975 0.559069
vt 0.788756 0.557770
vt 0.789398 0.555355
vt 0.794673 0.556870
vt 0.798973 0.557742
vt 0.798483 0.560235
vt 0.797899 0.561645
vt 0.854823 0.192665
vt 0.855154 0.191340
vt 0.866725 0.195486
vt 0.866441 0.196806
vt 0.866093 0.198853
vt 0.854855 0.194684
vt 0.844311 0.191556
vt 0.844119 0.189542
vt 0.844169 0.188201
vt 0.689329 0.322455
vt 0.688633 0.322510
vt 0.694690 0.308554
vt 0.695409 0.308478
vt 0.696773 0.308923
vt 0.690743 0.322859
vt 0.685592 0.335428
vt 0.684087 0.335115
vt 0.683387 0.335107
vt 0.687054 0.418035
vt 0.686124 0.417918
vt 0.682781 0.404874
vt 0.683670 0.404993
vt 0.685330 0.404458
vt 0.688725 0.417431
vt 0.691996 0.429746
vt 0.690317 0.430396
vt 0.689348 0.430378
vt 0.739030 0.511781
vt 0.737771 0.512166
vt 0.731406 0.502942
vt 0.732702 0.502809
vt 0.734346 0.501441
vt 0.740681 0.510419
vt 0.744208 0.516831
vt 0.742490 0.518306
vt 0.741272 0.519032
vt 0.782052 0.555071
vt 0.781213 0.556326
vt 0.773973 0.552761
vt 0.774783 0.551489
vt 0.775783 0.549122
vt 0.782823 0.552664
vt 0.705007 0.289829
vt 0.704249 0.289841
vt 0.707950 0.283583
vt 0.708722 0.283602
vt 0.709962 0.284211
vt 0.706286 0.290387
vt 0.703470 0.295646
vt 0.702162 0.295136
vt 0.701414 0.295168
vt 0.849233 0.554835
vt 0.848850 0.556413
vt 0.839542 0.559976
vt 0.839891 0.558380
vt 0.839400 0.555788
vt 0.848606 0.552352
vt 0.858064 0.549803
vt 0.858788 0.552241
vt 0.858443 0.553826
vt 0.826129 0.202350
vt 0.825410 0.201380
vt 0.829644 0.192550
vt 0.830186 0.193789
vt 0.830667 0.195876
vt 0.826616 0.204078
vt 0.819645 0.212742
vt 0.819205 0.211103
vt 0.818178 0.210426
vt 0.905370 0.205696
vt 0.905978 0.204433
vt 0.904022 0.207570
vt 0.896805 0.205638
vt 0.897825 0.203803
vt 0.898462 0.202652
vt 0.722386 0.257723
vt 0.721535 0.257581
vt 0.723533 0.258620
vt 0.720504 0.267201
vt 0.719350 0.266387
vt 0.718523 0.266308
vt 0.682266 0.340050
vt 0.681539 0.339951
vt 0.683828 0.340178
vt 0.683080 0.345267
vt 0.681589 0.345260
vt 0.680889 0.345095
vt 0.836462 0.189643
vt 0.836126 0.188355
vt 0.836735 0.191730
vt 0.680820 0.350203
vt 0.680113 0.350040
vt 0.682337 0.350165
vt 0.681775 0.356806
vt 0.680237 0.356915
vt 0.679522 0.356759
vt 0.691483 0.438266
vt 0.690470 0.438433
vt 0.693229 0.437514
vt 0.694601 0.444958
vt 0.692805 0.445944
vt 0.691747 0.446189
vt 0.746389 0.524687
vt 0.745329 0.525603
vt 0.748043 0.523068
vt 0.752311 0.529070
vt 0.750717 0.530822
vt 0.749807 0.531891
vt 0.826085 0.560929
vt 0.825898 0.562472
vt 0.820755 0.562890
vt 0.820997 0.561368
vt 0.821011 0.558833
vt 0.825995 0.558394
vt 0.829875 0.557825
vt 0.830040 0.560366
vt 0.829879 0.561936
vt 0.802030 0.560933
vt 0.801514 0.562359
vt 0.802441 0.558436
vt 0.806788 0.558874
vt 0.806457 0.561378
vt 0.806027 0.562841
vt 0.876129 0.559191
vt 0.876154 0.560844
vt 0.870671 0.558082
vt 0.870856 0.556420
vt 0.869914 0.553861
vt 0.875139 0.556699
vt 0.880151 0.557782
vt 0.881066 0.560330
vt 0.881514 0.561902
vt 0.795304 0.219791
vt 0.794354 0.219221
vt 0.795731 0.221342
vt 0.768826 0.229252
vt 0.768376 0.227785
vt 0.767549 0.227236
vt 0.890532 0.202160
vt 0.891025 0.200960
vt 0.889661 0.203957
vt 0.882602 0.202508
vt 0.883370 0.200766
vt 0.883626 0.199506
vt 0.714162 0.275435
vt 0.713368 0.275379
vt 0.715355 0.276133
vt 0.680099 0.367207
vt 0.679354 0.367058
vt 0.681663 0.367004
vt 0.681928 0.377419
vt 0.680333 0.377712
vt 0.679549 0.377575
vt 0.696416 0.454965
vt 0.695305 0.455169
vt 0.698110 0.453788
vt 0.705894 0.466183
vt 0.704248 0.467473
vt 0.703067 0.467633
vt 0.680848 0.385082
vt 0.680031 0.384957
vt 0.682463 0.384726
vt 0.683125 0.390493
vt 0.681495 0.390902
vt 0.680653 0.390788
vt 0.755594 0.536838
vt 0.754786 0.538026
vt 0.757122 0.534930
vt 0.762655 0.540384
vt 0.761245 0.542459
vt 0.760479 0.543714
vt 0.813604 0.561526
vt 0.813276 0.563024
vt 0.813783 0.559000
vt 0.887351 0.558225
vt 0.888085 0.559718
vt 0.886299 0.555499
vt 0.960593 0.229886
vt 0.958279 0.231683
vt 0.961266 0.228342
vt 0.753010 0.233794
vt 0.752268 0.233220
vt 0.753590 0.235195
vt 0.875550 0.199202
vt 0.875697 0.197918
vt 0.874891 0.201054
vt 0.699340 0.300419
vt 0.698606 0.300476
vt 0.700665 0.300890
vt 0.682132 0.396744
vt 0.681268 0.396632
vt 0.683781 0.396275
vt 0.718715 0.485900
vt 0.717459 0.486005
vt 0.720358 0.484548
vt 0.767783 0.547318
vt 0.767010 0.548612
vt 0.769011 0.545087
vt 0.865440 0.553426
vt 0.865172 0.555045
vt 0.864625 0.550937
vt 0.834126 0.559870
vt 0.833903 0.561481
vt 0.833818 0.557253
vt 0.928163 0.220919
vt 0.945171 0.229287
vt 0.910764 0.213655
vt 0.736291 0.248227
vt 0.745616 0.242707
vt 0.729054 0.253799
vt 0.795734 0.552324
vt 0.790625 0.550860
vt 0.799875 0.553144
vt 0.854875 0.198523
vt 0.865427 0.202586
vt 0.844668 0.195347
vt 0.693344 0.323596
vt 0.699287 0.309738
vt 0.688350 0.335992
vt 0.691824 0.416317
vt 0.688402 0.403470
vt 0.695107 0.428535
vt 0.743757 0.507879
vt 0.737415 0.498912
vt 0.747322 0.514100
vt 0.784297 0.548205
vt 0.777635 0.544776
vt 0.708647 0.291414
vt 0.712258 0.285338
vt 0.705884 0.296592
vt 0.847471 0.547776
vt 0.838521 0.551058
vt 0.856734 0.545283
vt 0.827433 0.207326
vt 0.831482 0.199571
vt 0.820462 0.215793
vt 0.901603 0.210950
vt 0.894874 0.208955
vt 0.725688 0.260281
vt 0.722644 0.268703
vt 0.686688 0.340443
vt 0.685876 0.345315
vt 0.837256 0.195582
vt 0.685140 0.350101
vt 0.684617 0.356605
vt 0.696404 0.436099
vt 0.697853 0.443151
vt 0.751083 0.520062
vt 0.755234 0.525817
vt 0.825795 0.553699
vt 0.821025 0.554146
vt 0.829496 0.553107
vt 0.803208 0.553813
vt 0.807390 0.554231
vt 0.873253 0.551906
vt 0.868207 0.549113
vt 0.878249 0.552982
vt 0.796526 0.224221
vt 0.769672 0.231996
vt 0.888033 0.207239
vt 0.881172 0.205801
vt 0.717555 0.277423
vt 0.684555 0.366628
vt 0.684875 0.376879
vt 0.701264 0.451609
vt 0.708956 0.463790
vt 0.685446 0.384068
vt 0.686134 0.389735
vt 0.759907 0.531402
vt 0.765223 0.536561
vt 0.814104 0.554329
vt 0.884142 0.550506
vt 0.954044 0.234899
vt 0.754675 0.237809
vt 0.873704 0.204552
vt 0.703119 0.301759
vt 0.686825 0.395409
vt 0.723411 0.482041
vt 0.771253 0.540982
vt 0.863108 0.546329
vt 0.833221 0.552489
vn -0.8722 0.0852 0.4817
vn -0.9661 0.0346 0.2557
vn -0.9039 0.0484 0.4249
vn -0.8310 0.1032 0.5466
vn -0.4890 0.2745 0.8279
vn -0.5472 0.2239 0.8065
vn -0.7017 0.2790 0.6555
vn -0.9366 0.0718 0.3429
vn -0.9870 0.0129 0.1599
vn 0.3304 0.0687 0.9413
vn 0.3979 0.0003 0.9174
vn 0.1834 0.0020 0.9830
vn 0.1238 0.0621 0.9904
vn -0.2094 0.3192 0.9243
vn -0.0685 0.3873 0.9194
vn -0.0933 0.4127 0.9061
vn 0.3267 0.0751 0.9421
vn 0.4059 0.0000 0.9139
vn -0.5892 0.0693 -0.8050
vn -0.5119 0.0071 -0.8590
vn -0.5222 0.0180 -0.8526
vn -0.6259 0.0799 -0.7758
vn -0.6722 0.4505 -0.5875
vn -0.6321 0.4429 -0.6358
vn -0.5520 0.4426 -0.7067
vn -0.5116 0.0634 -0.8568
vn -0.4754 0.0013 -0.8797
vn 0.8137 0.0275 -0.5806
vn 0.7817 -0.0193 -0.6233
vn 0.8185 -0.0248 -0.5739
vn 0.8208 0.0286 -0.5705
vn 0.7995 0.3730 -0.4708
vn 0.8213 0.3497 -0.4506
vn 0.6551 0.3530 -0.6679
vn 0.6948 0.0338 -0.7184
vn 0.6801 -0.0099 -0.7330
vn -0.5332 0.0788 0.8423
vn -0.6441 0.0008 0.7649
vn -0.5893 0.0056 0.8079
vn -0.4695 0.0849 0.8788
vn -0.0356 0.3222 0.9460
vn -0.1291 0.3185 0.9391
vn -0.3312 0.4201 0.8448
vn -0.6363 0.0851 0.7667
vn -0.7071 0.0000 0.7071
vn 0.7990 0.0329 0.6004
vn 0.8798 -0.0085 0.4752
vn 0.7965 -0.0119 0.6045
vn 0.7344 0.0287 0.6781
vn 0.5321 0.1909 0.8249
vn 0.4898 0.1556 0.8578
vn 0.5194 0.2171 0.8265
vn 0.8460 0.0423 0.5314
vn 0.8972 -0.0036 0.4415
vn -0.4044 0.0986 0.9092
vn -0.5308 0.0156 0.8473
vn -0.4626 0.0225 0.8863
vn -0.3499 0.1127 0.9300
vn 0.0528 0.3953 0.9170
vn 0.0068 0.3622 0.9321
vn 0.3233 -0.0118 -0.9462
vn 0.3032 -0.0794 -0.9496
vn -0.1847 -0.0811 -0.9794
vn -0.2475 -0.0161 -0.9687
vn -0.2154 0.3854 -0.8972
vn 0.4097 0.3759 -0.8311
vn 0.7961 0.2601 -0.5463
vn 0.7013 -0.0023 -0.7128
vn 0.6433 -0.0553 -0.7636
vn -0.1296 0.1312 0.9828
vn 0.1014 0.0051 0.9948
vn 0.1702 0.0000 0.9854
vn -0.0379 0.1076 0.9934
vn -0.5612 0.3826 0.7339
vn -0.6729 0.3963 0.6246
vn -0.4569 0.5653 0.6867
vn -0.0401 0.1488 0.9880
vn 0.1009 0.0343 0.9943
vn -0.9920 0.0308 -0.1220
vn -0.9785 -0.0303 -0.2037
vn -0.9959 -0.0123 -0.0895
vn -0.9987 0.0480 -0.0121
vn -0.9053 0.4198 0.0643
vn -0.9026 0.4208 -0.0905
vn -0.8769 0.4227 -0.2287
vn -0.9796 0.0219 -0.1996
vn -0.9802 -0.0406 -0.1935
vn 0.9922 0.0347 -0.1195
vn 0.9928 -0.0203 -0.1176
vn 0.8072 -0.0142 -0.5901
vn 0.7981 0.0444 -0.6009
vn 0.7186 0.4067 -0.5640
vn 0.9216 0.3784 -0.0861
vn 0.8723 0.3017 0.3847
vn 0.9120 0.0200 0.4096
vn 0.9113 -0.0188 0.4114
vn 0.1114 0.0949 0.9892
vn 0.2525 0.0000 0.9676
vn 0.2903 0.0000 0.9569
vn 0.1912 0.0842 0.9779
vn -0.2809 0.4269 0.8596
vn -0.3891 0.4195 0.8201
vn 0.8831 0.0627 0.4649
vn 0.8907 0.0022 0.4545
vn 0.9087 0.0007 0.4174
vn 0.8994 0.0519 0.4340
vn 0.7659 0.3903 0.5109
vn 0.7631 0.4405 0.4728
vn 0.4301 0.4520 0.7814
vn 0.6153 0.0776 0.7844
vn 0.6435 0.0048 0.7654
vn 0.6256 0.0405 -0.7790
vn 0.6402 -0.0081 -0.7682
vn 0.5288 0.3573 -0.7698
vn -0.7483 0.0819 0.6582
vn -0.7611 0.0024 0.6486
vn -0.5610 0.4797 0.6746
vn -0.6210 0.4229 0.6599
vn -0.7967 0.0801 0.5990
vn -0.7826 0.0143 0.6223
vn -0.4560 0.0613 -0.8878
vn -0.4495 0.0004 -0.8933
vn -0.4945 0.4392 -0.7501
vn -0.4538 0.4354 -0.7775
vn -0.4151 0.0641 -0.9075
vn -0.4389 0.0043 -0.8985
vn 0.7263 0.0412 -0.6861
vn 0.7170 -0.0019 -0.6970
vn 0.7769 -0.0100 -0.6295
vn 0.8195 0.0316 -0.5722
vn 0.8757 0.2657 -0.4031
vn 0.7107 0.3431 -0.6141
vn 0.6022 0.4045 -0.6883
vn 0.7051 0.0480 -0.7075
vn 0.7396 -0.0053 -0.6731
vn 0.8717 0.0466 0.4878
vn 0.8938 -0.0005 0.4484
vn 0.6485 0.3150 0.6929
vn 0.0067 0.1936 0.9810
vn -0.2126 0.0774 0.9741
vn -0.0487 0.1108 0.9926
vn 0.0971 0.2341 0.9673
vn 0.4143 0.5459 0.7282
vn 0.3711 0.5019 0.7812
vn 0.3194 0.4477 0.8352
vn -0.0850 0.1427 0.9861
vn -0.2668 0.0285 0.9633
vn -0.9595 0.0318 -0.2797
vn -0.9822 -0.0306 -0.1853
vn -0.8401 0.4248 -0.3372
vn -0.8024 0.4300 -0.4137
vn -0.9173 0.0496 -0.3950
vn -0.9477 -0.0113 -0.3190
vn 0.8470 0.0157 -0.5313
vn 0.7933 -0.0278 -0.6082
vn 0.9181 0.2116 -0.3349
vn -0.2445 0.0769 -0.9666
vn -0.0712 0.0218 -0.9972
vn -0.1392 0.0351 -0.9896
vn -0.2244 0.0874 -0.9705
vn -0.4598 0.3994 -0.7931
vn -0.5616 0.3738 -0.7382
vn -0.7020 0.3422 -0.6244
vn -0.4973 0.0563 -0.8657
vn -0.3288 0.0000 -0.9444
vn -0.8133 0.0981 0.5734
vn -0.8161 0.0358 0.5768
vn -0.5546 0.3613 0.7496
vn -0.3095 0.0863 -0.9470
vn -0.3428 0.0333 -0.9388
vn -0.4231 0.0231 -0.9058
vn -0.3467 0.0826 -0.9343
vn -0.3897 0.4465 -0.8055
vn -0.4082 0.4176 -0.8117
vn 0.1466 0.0597 0.9874
vn 0.1887 0.0047 0.9820
vn -0.0799 0.3172 0.9449
vn -0.8557 0.0884 -0.5098
vn -0.8829 0.0288 -0.4687
vn -0.8905 0.0136 -0.4548
vn -0.8640 0.0711 -0.4984
vn -0.8168 0.4269 -0.3880
vn -0.8361 0.4290 -0.3417
vn -0.7917 0.4472 -0.4162
vn -0.7838 0.1005 -0.6128
vn -0.7663 0.0379 -0.6413
vn 0.7597 0.0370 -0.6492
vn 0.7962 -0.0171 -0.6048
vn 0.6840 0.3932 -0.6144
vn 0.7520 0.0242 0.6587
vn 0.7599 -0.0143 0.6498
vn 0.7115 0.2998 0.6355
vn -0.8722 0.0615 -0.4853
vn -0.8909 0.0021 -0.4542
vn -0.7866 0.4348 -0.4383
vn -0.1546 0.1139 0.9814
vn -0.2878 0.0057 0.9576
vn 0.2598 0.4093 0.8746
vn 0.1766 0.3967 0.9008
vn -0.2221 0.1072 0.9691
vn -0.3140 0.0080 0.9494
vn -0.6860 -0.0094 -0.7275
vn -0.5985 -0.0580 -0.7990
vn -0.7292 -0.0352 -0.6834
vn -0.8093 0.0038 -0.5874
vn -0.8275 0.2411 -0.5071
vn -0.6867 0.2991 -0.6625
vn -0.9875 0.0665 0.1429
vn -0.9982 -0.0000 0.0600
vn -0.8433 0.4075 0.3503
vn 0.3829 0.3645 0.8488
vn 0.3940 0.1532 0.9062
vn 0.4679 0.1745 0.8664
vn 0.5575 0.3712 0.7425
vn 0.5194 0.5150 0.6819
vn 0.2566 0.5619 0.7863
vn 0.1098 0.5706 0.8138
vn 0.1734 0.3384 0.9249
vn 0.1686 0.1306 0.9770
vn -0.9618 0.2709 0.0400
vn -0.9957 0.0923 0.0086
vn -0.9953 0.0877 -0.0394
vn -0.9576 0.2867 -0.0283
vn -0.8287 0.5532 -0.0846
vn -0.8246 0.5616 0.0682
vn -0.7511 0.5480 0.3681
vn -0.8879 0.2716 0.3713
vn -0.9187 0.1052 0.3807
vn -0.6465 0.3125 0.6959
vn -0.6379 0.1315 0.7588
vn -0.6931 0.1230 0.7102
vn -0.6792 0.2965 0.6714
vn -0.6753 0.4390 0.5925
vn -0.6870 0.4840 0.5420
vn -0.6658 0.5359 0.5192
vn -0.6625 0.3300 0.6724
vn -0.6443 0.1441 0.7510
vn -0.3820 0.2982 -0.8747
vn -0.4066 0.1144 -0.9064
vn -0.2302 0.0963 -0.9684
vn -0.1628 0.2581 -0.9523
vn -0.1120 0.4302 -0.8957
vn -0.3352 0.5011 -0.7978
vn -0.7017 0.5281 -0.4783
vn -0.7681 0.3173 -0.5562
vn -0.7854 0.1248 -0.6062
vn 0.6254 0.2876 -0.7253
vn 0.6882 0.0921 -0.7197
vn 0.6163 0.0934 -0.7819
vn 0.5493 0.2742 -0.7893
vn 0.4779 0.4214 -0.7707
vn 0.5645 0.4498 -0.6921
vn 0.7458 0.4771 -0.4649
vn 0.8084 0.3092 -0.5007
vn 0.8396 0.0957 -0.5346
vn 0.8571 0.3215 0.4025
vn 0.8871 0.1140 0.4473
vn 0.8961 0.1348 0.4229
vn 0.8700 0.3401 0.3570
vn 0.8240 0.5148 0.2363
vn 0.8008 0.4867 0.3489
vn 0.6809 0.4475 0.5797
vn 0.7546 0.2979 0.5847
vn 0.8017 0.0953 0.5900
vn -0.0998 0.3554 0.9293
vn -0.1798 0.1782 0.9674
vn -0.4283 0.1806 0.8854
vn -0.3875 0.3759 0.8418
vn -0.3039 0.5676 0.7651
vn -0.0460 0.5236 0.8507
vn -0.1280 0.5249 0.8415
vn -0.1339 0.3482 0.9278
vn -0.1733 0.1700 0.9701
vn -0.9039 0.3403 -0.2589
vn -0.9166 0.0951 -0.3883
vn -0.9778 0.0994 -0.1842
vn -0.9166 0.3746 -0.1398
vn -0.7845 0.6193 0.0297
vn -0.8441 0.5358 0.0183
vn -0.8754 0.4788 -0.0667
vn -0.9397 0.2998 -0.1642
vn -0.9654 0.0933 -0.2434
vn -0.1487 0.3085 -0.9395
vn 0.1394 0.0695 -0.9878
vn 0.3754 0.1202 -0.9190
vn 0.0812 0.4155 -0.9059
vn -0.0239 0.4690 -0.8828
vn -0.2842 0.3938 -0.8741
vn -0.2112 0.4239 -0.8807
vn -0.1329 0.2734 -0.9526
vn -0.0036 0.0445 -0.9990
vn 0.1031 0.3572 0.9283
vn 0.0856 0.1892 0.9782
vn 0.2601 0.2002 0.9446
vn 0.2644 0.3591 0.8950
vn 0.3455 0.5111 0.7870
vn 0.2233 0.4740 0.8517
vn -0.1680 0.4284 0.8878
vn -0.1279 0.3458 0.9295
vn 0.0130 0.1872 0.9822
vn 0.8942 0.4402 -0.0813
vn 0.9844 0.1476 -0.0954
vn 0.8938 0.1279 0.4298
vn 0.8062 0.3731 0.4592
vn 0.7151 0.5239 0.4627
vn 0.7901 0.6091 -0.0684
vn 0.6354 0.5350 -0.5567
vn 0.7300 0.3737 -0.5722
vn 0.8114 0.1266 -0.5706
vn 0.5940 0.3883 0.7045
vn 0.4333 0.2010 0.8785
vn 0.2583 0.2151 0.9418
vn 0.2164 0.4234 0.8797
vn 0.1473 0.5101 0.8473
vn 0.6417 0.4653 0.6096
vn 0.8199 0.3884 0.4205
vn 0.8816 0.1443 0.4493
vn 0.6271 0.1485 0.7646
vn 0.5902 0.4044 0.6986
vn 0.4820 0.6854 0.5458
vn 0.6795 0.6606 0.3192
vn 0.7451 0.6187 0.2490
vn 0.8466 0.3755 0.3772
vn 0.8975 0.1437 0.4169
vn -0.4598 0.2814 -0.8422
vn -0.4726 0.0957 -0.8760
vn -0.5708 0.0954 -0.8155
vn -0.5898 0.2713 -0.7606
vn -0.5613 0.4377 -0.7024
vn -0.4245 0.4538 -0.7835
vn -0.2475 0.4464 -0.8599
vn -0.2953 0.2838 -0.9123
vn -0.3572 0.0999 -0.9287
vn 0.5690 0.2957 -0.7673
vn 0.6364 0.1027 -0.7645
vn 0.4845 0.4384 -0.7570
vn -0.7044 0.2926 0.6467
vn -0.7335 0.1211 0.6688
vn -0.7084 0.1181 0.6958
vn -0.6852 0.2910 0.6677
vn -0.5804 0.4720 0.6635
vn -0.6328 0.4394 0.6376
vn 0.8666 0.3630 -0.3424
vn 0.7952 0.1531 -0.5867
vn 0.8995 0.1126 -0.4221
vn 0.9351 0.2963 -0.1941
vn 0.9066 0.4092 -0.1034
vn 0.8739 0.4303 -0.2261
vn 0.7315 0.4909 -0.4732
vn 0.7206 0.4513 -0.5263
vn 0.7095 0.1835 -0.6803
vn 0.8491 0.3602 0.3864
vn 0.8831 0.1429 0.4467
vn 0.7917 0.5651 0.2321
vn -0.9252 0.3778 -0.0344
vn -0.9949 0.0951 0.0323
vn -0.9861 0.0953 -0.1358
vn -0.9055 0.3666 -0.2134
vn -0.6606 0.6806 -0.3168
vn -0.7358 0.6742 -0.0633
vn 0.4434 0.4896 -0.7508
vn 0.5922 0.1719 -0.7872
vn 0.4003 0.5266 -0.7500
vn 0.2930 0.3466 0.8910
vn 0.3357 0.2010 0.9203
vn -0.0616 0.2058 0.9766
vn -0.0772 0.3431 0.9361
vn -0.0774 0.5482 0.8327
vn 0.2839 0.5396 0.7926
vn 0.4881 0.3040 -0.8181
vn 0.3608 0.1221 -0.9246
vn 0.2676 0.0971 -0.9586
vn 0.4208 0.2849 -0.8613
vn 0.4538 0.4498 -0.7692
vn 0.5431 0.4582 -0.7036
vn 0.0681 0.6133 -0.7869
vn 0.0430 0.3931 -0.9185
vn -0.0112 0.1579 -0.9874
vn -0.7041 0.2586 -0.6613
vn -0.6642 0.0983 -0.7411
vn -0.7000 0.1063 -0.7062
vn -0.7511 0.2565 -0.6083
vn -0.7643 0.3807 -0.5205
vn -0.6880 0.4034 -0.6032
vn 0.1940 0.3478 0.9172
vn 0.1632 0.1260 0.9785
vn 0.1858 0.6183 0.7637
vn -0.7200 0.2808 0.6347
vn -0.7335 0.1115 0.6705
vn -0.6062 0.5111 0.6093
vn 0.9319 0.2887 -0.2193
vn 0.9348 0.0933 -0.3425
vn 0.8802 0.4408 -0.1756
vn -0.9404 0.2670 -0.2104
vn -0.9646 0.1027 -0.2428
vn -0.8608 0.4626 -0.2121
vn -0.7815 0.5133 -0.3546
vn -0.9187 0.2833 -0.2752
vn -0.9562 0.0958 -0.2765
vn 0.6793 0.2925 0.6730
vn 0.7510 0.0976 0.6531
vn 0.5973 0.4249 0.6802
vn -0.2803 0.3529 0.8927
vn -0.2806 0.1715 0.9444
vn -0.3044 0.5336 0.7891
vn -0.4089 0.5343 0.7398
vn -0.4088 0.3435 0.8455
vn -0.4227 0.1732 0.8896
vn -0.8652 0.3251 -0.3816
vn -0.9323 0.0959 -0.3487
vn -0.6339 0.5965 -0.4924
vn -0.9570 0.2886 -0.0306
vn -0.9956 0.0905 -0.0240
vn -0.8547 0.5024 -0.1309
vn 0.1745 0.2868 -0.9420
vn -0.0110 0.0768 -0.9970
vn -0.1463 0.0576 -0.9875
vn 0.0528 0.2830 -0.9576
vn 0.0608 0.4925 -0.8682
vn 0.1644 0.4800 -0.8617
vn 0.7806 0.5282 0.3340
vn 0.8269 0.5499 0.1170
vn 0.9996 -0.0102 0.0246
vn 0.9051 -0.0024 0.4250
vn 0.4353 0.3538 0.8278
vn 0.6146 0.5008 0.6095
vn 0.0522 0.6666 0.7435
vn -0.2105 0.7464 0.6313
vn -0.1244 0.9108 0.3935
vn 0.2381 0.7739 0.5868
vn 0.2423 0.3244 0.9143
vn -0.0804 0.6500 0.7556
vn -0.8025 0.5230 0.2870
vn -0.7199 0.6475 0.2500
vn -0.8933 0.1288 0.4305
vn -0.8497 -0.0213 0.5268
vn -0.9851 -0.1704 -0.0200
vn -0.8581 0.5124 -0.0335
vn -0.2615 0.4327 -0.8627
vn 0.0215 0.4496 -0.8929
vn -0.1031 0.7620 -0.6393
vn -0.3896 0.6264 -0.6752
vn -0.5277 -0.0714 -0.8464
vn -0.2092 0.4734 -0.8556
vn 0.4487 0.4741 0.7575
vn 0.5661 0.5388 0.6238
vn 0.8463 0.3915 0.3612
vn 0.7280 0.0204 0.6852
vn -0.3320 0.0071 0.9432
vn -0.1182 0.4723 0.8734
vn 0.6625 0.7469 -0.0567
vn 0.6049 0.6305 0.4863
vn 0.3357 0.7990 0.4988
vn 0.3224 0.9462 -0.0281
vn 0.2185 0.8196 -0.5296
vn 0.5051 0.6553 -0.5616
vn 0.5946 0.5257 0.6084
vn 0.0560 0.5592 0.8271
vn 0.0085 0.8339 0.5517
vn 0.6459 0.6207 0.4444
vn 0.5549 -0.0060 0.8319
vn 0.4044 0.5878 0.7007
vn 0.5587 0.8205 0.1210
vn 0.3308 0.8985 0.2886
vn 0.1755 0.9768 0.1227
vn 0.5023 0.8557 -0.1245
vn 0.9186 0.2587 -0.2987
vn 0.6862 0.7259 0.0459
vn -0.4372 0.4902 -0.7540
vn -0.5852 0.5144 -0.6268
vn -0.8946 0.3455 -0.2835
vn -0.5542 -0.1958 -0.8090
vn -0.2466 -0.2124 -0.9455
vn -0.2351 0.4626 -0.8548
vn 0.3769 0.5218 -0.7652
vn 0.1499 0.6430 -0.7510
vn 0.2192 0.1552 -0.9632
vn 0.4107 0.4724 -0.7798
vn -0.5601 0.4658 0.6850
vn -0.4396 0.5224 0.7306
vn -0.4554 -0.0033 0.8903
vn -0.5617 -0.1007 0.8212
vn -0.8641 -0.1455 0.4818
vn -0.7201 0.4647 0.5152
vn 0.8517 0.4618 -0.2474
vn 0.8860 0.4502 -0.1105
vn 0.9975 0.0699 -0.0087
vn 0.7659 0.6371 -0.0867
vn 0.5947 0.7578 -0.2684
vn 0.7244 0.4621 -0.5116
vn 0.7812 0.6229 0.0427
vn 0.9846 0.1039 -0.1404
vn 0.4282 0.4556 -0.7804
vn 0.2850 0.8208 -0.4950
vn 0.4058 0.6738 0.6175
vn -0.0633 0.7485 0.6601
vn -0.0396 0.9062 0.4209
vn 0.5357 0.7574 0.3733
vn -0.6295 0.7768 0.0106
vn -0.4571 0.7970 -0.3947
vn -0.7464 0.1581 -0.6464
vn -0.9809 0.1929 0.0247
vn 0.6081 0.5934 -0.5272
vn 0.5043 0.5340 -0.6785
vn 0.6719 0.6561 -0.3436
vn 0.5490 0.7957 -0.2559
vn -0.0162 0.8885 -0.4587
vn 0.0597 0.8038 -0.5919
vn 0.0109 0.8694 0.4940
vn -0.1335 0.7465 0.6518
vn -0.4317 0.3308 0.8391
vn -0.1617 0.9070 0.3888
vn -0.4532 0.6136 0.6465
vn -0.6049 0.7040 0.3721
vn -0.8303 0.1583 0.5344
vn -0.5768 0.0985 0.8109
vn -0.6876 0.5087 -0.5181
vn -0.7844 0.4624 -0.4134
vn -0.7655 0.5680 -0.3021
vn -0.6784 0.6634 -0.3157
vn -0.8199 0.5303 -0.2158
vn -0.6714 0.5884 -0.4505
vn -0.7914 -0.0942 -0.6039
vn -0.9645 -0.1234 -0.2335
vn -0.6472 -0.0925 -0.7566
vn -0.6384 0.6071 -0.4730
vn 0.8646 0.4668 -0.1861
vn 0.7369 0.4927 -0.4628
vn 0.8267 -0.1650 -0.5379
vn 0.9593 -0.0957 -0.2655
vn 0.5109 0.4975 0.7010
vn 0.3092 0.6117 0.7282
vn -0.3562 0.6299 0.6901
vn -0.5681 0.0519 0.8213
vn -0.9272 0.0494 0.3712
vn -0.5233 0.6156 0.5892
vn -0.3698 0.6706 -0.6430
vn -0.2822 0.0915 -0.9550
vn -0.7605 0.5605 -0.3277
vn -0.8242 -0.0452 -0.5645
vn -0.9601 0.0296 -0.2781
vn -0.7148 0.6637 -0.2204
vn 0.1275 0.5366 -0.8341
vn -0.0013 0.5252 -0.8509
vn -0.0376 -0.1179 -0.9923
vn 0.0663 0.1119 -0.9915
vn -0.6983 0.7141 0.0488
vn -0.9797 0.1148 0.1643
vn 0.0125 0.6460 0.7632
vn -0.2546 0.0839 0.9634
vn -0.7898 0.5315 0.3062
vn -0.9969 -0.0048 0.0788
vn -0.9955 0.0938 -0.0119
vn -0.7139 0.6503 0.2597
vn -0.2539 0.5509 -0.7950
vn -0.0397 0.4543 -0.8900
vn 0.0316 -0.1279 -0.9913
vn -0.2733 -0.0921 -0.9575
vn 0.5473 0.4769 -0.6878
vn 0.6507 -0.1331 -0.7476
vn -0.5945 0.8010 -0.0693
vn -0.0568 0.9851 0.1625
vn -0.5580 0.8186 0.1357
vn -0.9868 -0.1087 -0.1202
vn -0.9400 0.0542 -0.3368
vn -0.5175 0.8387 -0.1697
vn -0.0545 0.9826 0.1776
vn -0.2843 0.9496 -0.1321
vn -0.0313 0.9771 0.2105
vn -0.7313 0.4046 -0.5490
vn -0.1552 0.9344 -0.3205
vn -0.0698 0.9975 -0.0043
vn 0.0502 0.9832 0.1754
vn -0.5755 0.8035 0.1521
vn -0.0170 0.9861 0.1654
vn -0.5864 0.7357 0.3388
vn -0.9489 -0.2824 0.1410
vn -0.9323 -0.3396 0.1240
vn -0.8851 -0.0740 0.4595
vn -0.0289 -0.0169 0.9994
vn 0.3255 0.8374 0.4389
vn 0.5807 0.5759 0.5754
vn 0.6269 0.5732 0.5277
vn 0.4150 0.7938 0.4445
vn 0.2737 0.8856 0.3753
vn 0.6482 0.2285 0.7263
vn 0.4111 0.8067 0.4245
vn 0.6487 0.3957 0.6500
vn -0.5364 0.7439 0.3986
vn -0.5853 0.5654 0.5811
vn -0.6413 0.3494 0.6830
vn -0.6300 0.1600 0.7598
vn -0.2987 0.1122 0.9477
vn -0.3771 0.0184 0.9260
vn 0.0963 0.4007 0.9111
vn -0.6943 0.7019 0.1591
vn 0.0943 0.9895 0.1090
vn -0.6312 0.5405 0.5562
vn -0.7537 0.6339 0.1733
vn -0.7614 0.6479 0.0191
vn -0.6461 0.7622 0.0385
vn 0.1579 0.9873 -0.0148
vn -0.6048 0.7870 0.1222
vn 0.1112 0.9936 0.0200
vn -0.6490 0.7567 0.0783
vn -0.6873 0.7107 0.1498
vn -0.5820 0.8058 0.1087
vn 0.0077 0.9998 0.0175
vn -0.5719 0.8124 0.1137
vn 0.0020 0.9992 0.0397
vn -0.8252 0.5457 0.1458
vn -0.8420 0.5110 0.1727
vn -0.5315 0.8327 0.1551
vn 0.0491 0.9908 0.1260
vn -0.4593 0.8604 0.2205
vn 0.0867 0.9703 0.2256
vn -0.9471 0.2157 0.2375
vn -0.8881 -0.2736 0.3694
vn -0.4952 -0.1135 0.8613
vn 0.2568 -0.0586 0.9647
vn -0.2217 0.9342 0.2793
vn 0.1518 0.9884 0.0020
vn -0.6019 0.2901 0.7439
vn -0.5074 0.7938 0.3353
vn -0.0978 0.9854 0.1390
vn 0.1738 0.9846 -0.0148
vn 0.4922 0.8248 -0.2781
vn 0.8882 0.0379 -0.4579
vn 0.5507 0.7839 -0.2868
vn 0.8806 -0.0968 -0.4638
vn 0.6143 0.7606 -0.2098
vn 0.9040 -0.2379 -0.3551
vn 0.3272 0.9420 -0.0748
vn 0.3191 0.9467 -0.0432
vn 0.7128 0.6980 -0.0686
vn 0.9198 -0.3577 -0.1612
vn 0.0505 0.9975 0.0482
vn -0.3698 0.9202 0.1285
vn -0.3478 0.9365 0.0440
vn 0.0837 0.9964 -0.0130
vn 0.7267 0.6862 -0.0309
vn 0.8789 -0.4766 -0.0204
vn 0.3316 0.9434 -0.0002
vn 0.3011 0.9515 0.0628
vn 0.5689 0.8124 -0.1274
vn 0.9273 -0.2613 -0.2678
vn 0.1049 0.9937 0.0403
vn -0.3865 0.9161 0.1066
vn -0.5099 0.5272 0.6797
vn 0.0943 0.9312 0.3521
vn 0.5175 0.8471 -0.1207
vn 0.8793 -0.0021 -0.4762
vn 0.2676 0.9399 0.2117
vn 0.7154 -0.1170 0.6888
vn 0.9678 -0.1594 0.1945
vn 0.8725 -0.3491 -0.3417
vn -0.0821 0.5942 0.8001
vn -0.2723 -0.3600 0.8923
vn -0.1880 -0.7679 0.6123
vn 0.2380 -0.2031 0.9498
vn 0.1964 0.6663 0.7193
vn 0.1841 0.8596 0.4767
vn 0.2123 0.4199 0.8824
vn 0.3800 0.1427 0.9139
vn 0.3344 0.6750 0.6577
vn 0.3225 0.8587 0.3983
vn -0.0700 0.7411 -0.6677
vn -0.1304 0.4653 -0.8755
vn 0.0001 0.8879 -0.4601
vn 0.0202 0.9035 -0.4281
vn -0.1364 0.7964 -0.5892
vn -0.2288 0.7170 -0.6584
vn 0.1103 0.9939 0.0052
vn 0.2172 0.9757 -0.0266
vn -0.0751 0.8462 -0.5276
vn -0.2091 0.7389 -0.6405
vn 0.0981 0.9086 -0.4059
vn 0.1636 0.9290 -0.3317
vn 0.0474 0.8637 -0.5017
vn -0.0909 -0.1078 -0.9900
vn 0.3162 0.9429 -0.1048
vn 0.4253 0.8736 0.2365
vn 0.3415 0.9338 0.1064
vn 0.2831 0.9508 -0.1253
vn 0.4329 0.7494 0.5010
vn 0.5214 -0.0501 0.8518
vn 0.5677 -0.1214 0.8142
vn 0.3486 0.8786 0.3263
vn 0.3798 0.8835 0.2742
vn 0.2898 0.9564 0.0364
vn 0.6254 -0.1520 0.7653
vn 0.6921 -0.4410 0.5713
vn 0.9568 -0.1367 0.2568
vn 0.9941 -0.0998 -0.0416
vn 0.2863 0.6315 -0.7205
vn 0.1415 -0.2548 -0.9565
vn 0.2131 0.9502 -0.2272
vn 0.8936 -0.0982 -0.4380
vn 0.7160 -0.1060 -0.6900
vn 0.2730 -0.6808 -0.6796
vn 0.2674 0.9583 -0.1010
vn 0.9661 -0.0918 -0.2411
vn -0.4806 0.7440 -0.4642
vn -0.7649 -0.0479 -0.6423
vn -0.2378 0.9155 -0.3245
vn -0.0686 0.9294 -0.3625
vn -0.2842 0.8470 -0.4492
vn -0.7359 -0.0922 -0.6708
vn 0.0764 0.9892 -0.1251
vn 0.3953 0.9167 0.0586
vn 0.4031 0.9141 0.0429
vn 0.1729 0.9663 -0.1907
vn 0.6162 0.7711 0.1602
vn 0.9486 0.2122 0.2348
vn 0.4315 0.8769 0.2116
vn 0.4715 0.8662 0.1656
vn 0.4024 0.9142 -0.0484
vn 0.4065 0.8866 -0.2205
vn 0.3471 0.9324 0.1004
vn 0.6996 0.6994 0.1462
vn 0.7906 0.6117 -0.0263
vn 0.9334 0.2635 -0.2434
vn 0.0440 0.8824 -0.4684
vn -0.6189 -0.0736 -0.7819
vn 0.2496 0.8892 -0.3835
vn 0.2539 -0.0991 -0.9621
vn -0.0240 0.0020 -0.9997
vn -0.3965 -0.0716 -0.9152
vn 0.3570 0.8723 -0.3340
vn 0.6851 -0.0899 -0.7228
vn -0.5848 0.7261 -0.3615
vn -0.6658 0.7098 -0.2298
vn -0.6683 0.6436 -0.3731
vn -0.0205 0.9316 -0.3629
vn 0.0226 0.9792 -0.2015
vn -0.4145 0.8853 -0.2107
vn -0.5223 0.8397 -0.1483
vn 0.3907 0.9106 -0.1348
vn 0.6136 0.7739 0.1565
vn 0.5234 0.8520 -0.0149
vn 0.3041 0.9430 -0.1350
vn -0.2812 0.9585 -0.0464
vn -0.4282 0.9032 -0.0283
vn 0.0735 0.9945 -0.0748
vn 0.1295 0.9847 -0.1162
vn -0.1377 0.9899 -0.0328
vn -0.3099 0.9501 0.0361
vn 0.2887 0.9533 -0.0880
vn 0.5407 0.8335 -0.1132
vn 0.8907 -0.0482 -0.4519
vn 0.3497 0.9130 -0.2101
vn 0.1069 0.9849 -0.1364
vn -0.1342 0.9909 -0.0106
vn 0.3284 0.8958 -0.2995
vn 0.2771 -0.2156 -0.9363
vn -0.5156 0.1372 -0.8457
vn -0.6078 0.3005 -0.7350
vn 0.7161 0.3061 -0.6273
vn 0.7435 -0.2767 -0.6088
vn 0.3038 -0.9108 -0.2794
vn 0.6626 -0.4197 -0.6203
vn -0.3942 0.9154 0.0816
vn -0.8267 0.5368 0.1687
vn -0.7895 0.6071 0.0904
vn -0.4248 0.9021 0.0752
vn -0.3666 0.1218 -0.9224
vn -0.9957 -0.0740 -0.0552
vn -0.4406 0.8969 -0.0383
vn -0.9785 -0.0595 -0.1973
vn -0.9857 -0.0593 -0.1578
vn -0.4433 0.8904 -0.1027
vn -0.5553 0.8218 -0.1278
vn -0.8335 0.5524 0.0143
vn -0.6747 0.5857 -0.4490
vn -0.6207 0.4930 -0.6096
vn -0.5869 0.3258 -0.7412
vn -0.5383 0.1376 -0.8314
vn -0.3687 0.0719 -0.9267
vn -0.4288 0.0125 -0.9033
vn -0.4096 0.4388 -0.7998
vn -0.0527 0.4332 -0.8997
vn -0.0832 0.4163 -0.9054
vn -0.0202 -0.1799 -0.9835
vn -0.1449 0.2576 -0.9553
vn -0.2414 0.0936 -0.9659
vn -0.6739 0.0947 -0.7326
vn -0.5910 0.0315 -0.8061
vn -0.7093 0.4576 -0.5362
vn 0.7487 0.6325 0.1982
vn 0.9353 -0.3352 0.1136
vn 0.9944 -0.1056 0.0086
vn 0.6267 0.7774 0.0533
vn 0.7783 -0.1873 0.5993
vn 0.7840 -0.5886 0.1973
vn 0.5517 0.8323 -0.0535
vn 0.9199 0.3775 -0.1053
vn 0.6609 0.7327 -0.1619
vn 0.5445 0.8322 -0.1042
vn 0.6329 0.7653 -0.1173
vn 0.6659 0.7270 -0.1674
vn 0.8468 0.5229 -0.0976
vn 0.7206 0.6883 -0.0834
vn 0.7522 0.6508 0.1031
vn 0.9691 -0.1017 0.2246
vn -0.4858 0.4224 0.7652
vn -0.3993 0.3912 0.8292
vn -0.2100 0.3630 0.9078
vn 0.0556 0.2050 0.9772
vn 0.2363 0.0797 0.9684
vn 0.3276 0.0000 0.9448
vn -0.2057 0.4157 0.8859
vn 0.4122 0.8984 0.1513
vn 0.5691 0.8134 0.1199
vn 0.8391 -0.0114 0.5437
vn 0.7475 0.6467 0.1516
vn -0.4704 0.6732 0.5705
vn -0.4027 0.5306 0.7458
vn -0.4331 0.3260 0.8403
vn -0.4590 0.1776 0.8704
vn 0.0350 0.1826 0.9825
vn 0.1286 0.0860 0.9879
vn 0.1197 0.5994 0.7914
vn 0.0366 0.5317 -0.8461
vn 0.0154 0.4856 -0.8740
vn 0.0104 -0.1478 -0.9890
vn 0.0000 0.2811 -0.9597
vn -0.0995 0.0439 -0.9940
vn -0.7410 0.0267 -0.6709
vn -0.6375 -0.0193 -0.7701
vn -0.7935 0.2878 -0.5361
vn 0.2328 0.8678 0.4390
vn 0.5575 -0.1339 0.8193
vn 0.0616 0.9818 0.1793
vn 0.0333 0.9814 0.1891
vn 0.1542 0.7295 0.6664
vn 0.3694 -0.2897 0.8829
vn -0.0205 0.9985 0.0496
vn -0.0805 0.9859 -0.1463
vn -0.0572 0.9937 -0.0962
vn -0.0131 0.9984 0.0548
vn 0.0412 0.5116 0.8582
vn 0.1265 -0.5400 0.8321
vn -0.0057 0.9818 0.1897
vn -0.0256 0.9853 0.1690
vn 0.1024 0.5619 0.8208
vn 0.0176 -0.7669 0.6415
vn -0.0479 0.9982 0.0358
vn -0.0952 0.9867 -0.1316
vn -0.2978 0.9182 -0.2611
vn -0.1219 0.9925 -0.0038
vn 0.1913 0.8836 0.4274
vn 0.1383 -0.7296 0.6697
vn -0.0260 0.9916 0.1262
vn -0.0188 0.9976 0.0662
vn 0.1735 0.9641 0.2008
vn 0.4241 0.7485 0.5098
vn -0.2709 0.9602 -0.0672
vn -0.7678 0.3822 -0.5142
vn -0.8830 -0.0353 -0.4679
vn -0.4544 0.8746 -0.1688
vn 0.1720 0.9736 0.1498
vn 0.2945 0.9226 0.2488
vn -0.0206 0.9995 0.0224
vn -0.0245 0.9994 0.0249
vn 0.3043 0.8653 0.3983
vn 0.6892 -0.1338 0.7121
vn -0.5349 0.8067 -0.2512
vn -0.8435 -0.3416 -0.4144
vn -0.7733 -0.5022 -0.3870
vn -0.4165 0.8767 -0.2404
vn -0.1167 -0.0566 0.9915
vn 0.4558 -0.4841 0.7469
vn -0.8376 0.0592 0.5431
vn -0.0188 -0.9994 0.0286
vn -0.1239 -0.9920 -0.0241
vn -0.1330 -0.9900 -0.0471
vn -0.9902 -0.1329 -0.0433
vn -0.7679 -0.5529 -0.3234
vn 0.2476 -0.9419 0.2268
vn 0.1676 -0.9728 0.1594
vn 0.9937 -0.0368 -0.1057
vn 0.9214 -0.0477 -0.3857
vn 0.9196 -0.0875 -0.3829
vn 0.9969 -0.0768 -0.0137
vn 0.9967 -0.0722 0.0361
vn 0.9985 -0.0187 -0.0516
vn 0.9907 0.0029 -0.1360
vn 0.9734 -0.0155 -0.2285
vn 0.9153 -0.0271 -0.4017
vn -0.3903 -0.0228 -0.9204
vn -0.1698 -0.0194 -0.9853
vn -0.1687 -0.1080 -0.9797
vn -0.3951 -0.1272 -0.9098
vn -0.4699 -0.1454 -0.8707
vn -0.4072 -0.0255 -0.9130
vn -0.4232 0.0155 -0.9059
vn -0.4133 0.0140 -0.9105
vn -0.1997 0.0114 -0.9798
vn 0.3877 -0.0167 0.9216
vn 0.3756 -0.0244 0.9265
vn 0.2350 -0.0786 0.9688
vn 0.2454 -0.0768 0.9664
vn 0.3584 -0.0829 0.9299
vn 0.4262 -0.0125 0.9045
vn 0.4761 0.0117 0.8793
vn 0.5187 0.0073 0.8549
vn 0.5317 -0.0018 0.8469
vn -0.7403 0.0019 0.6722
vn -0.8295 0.0073 0.5585
vn -0.8407 -0.0794 0.5356
vn -0.6900 -0.0757 0.7198
vn -0.6181 -0.0766 0.7823
vn -0.6558 -0.0050 0.7549
vn -0.6818 0.0177 0.7313
vn -0.7832 0.0262 0.6212
vn -0.8167 0.0317 0.5761
vn 0.6434 -0.0184 -0.7653
vn 0.6134 -0.0259 -0.7893
vn 0.6455 -0.1198 -0.7543
vn 0.6392 -0.1086 -0.7613
vn 0.6947 -0.1011 -0.7121
vn 0.7049 -0.0145 -0.7092
vn 0.7228 0.0186 -0.6908
vn 0.6689 0.0175 -0.7431
vn 0.6109 0.0141 -0.7916
vn -0.8884 -0.0072 -0.4590
vn -0.8064 0.0001 -0.5914
vn -0.8022 -0.0772 -0.5920
vn -0.8882 -0.0936 -0.4497
vn -0.8984 -0.1119 -0.4246
vn -0.9000 -0.0158 -0.4355
vn -0.9060 0.0135 -0.4230
vn -0.8942 0.0171 -0.4472
vn -0.8083 0.0193 -0.5884
vn 0.5791 -0.0359 -0.8145
vn 0.4602 -0.0433 -0.8867
vn 0.4310 -0.1499 -0.8898
vn 0.6315 -0.1331 -0.7638
vn 0.5489 0.0066 -0.8358
vn 0.4883 0.0023 -0.8727
vn -0.2862 0.0522 0.9567
vn 0.0607 0.0553 0.9966
vn 0.0076 -0.0350 0.9993
vn -0.1409 -0.0550 0.9885
vn -0.3811 -0.0962 0.9195
vn -0.5679 0.0318 0.8225
vn -0.6400 0.0577 0.7661
vn -0.2976 0.0808 0.9513
vn 0.1971 0.0813 0.9770
vn -0.0981 -0.0380 -0.9944
vn -0.1325 -0.0313 -0.9907
vn -0.0103 -0.1561 -0.9877
vn -0.0842 -0.1583 -0.9838
vn -0.2590 -0.1688 -0.9510
vn -0.1946 -0.0675 -0.9785
vn -0.1076 -0.0036 -0.9942
vn -0.1484 0.0217 -0.9887
vn -0.2160 0.0221 -0.9761
vn 0.9455 0.0105 0.3254
vn 0.9818 -0.0015 0.1899
vn 0.9675 -0.0763 0.2410
vn 0.9192 -0.0777 0.3860
vn 0.9794 -0.0812 0.1849
vn 0.9816 0.0179 0.1901
vn 0.9801 0.0469 0.1926
vn 0.9807 0.0382 0.1914
vn 0.9963 0.0230 0.0822
vn -0.9942 -0.0019 0.1077
vn -0.8180 -0.0031 0.5752
vn -0.8141 -0.1036 0.5714
vn -0.9880 -0.1208 0.0959
vn -0.8968 -0.1050 -0.4296
vn -0.9114 -0.0023 -0.4115
vn -0.9107 0.0240 -0.4124
vn -0.9925 0.0285 0.1192
vn -0.8063 0.0240 0.5910
vn -0.2170 -0.0335 -0.9756
vn -0.2839 -0.0349 -0.9582
vn -0.2622 -0.1780 -0.9484
vn -0.0564 -0.1709 -0.9837
vn -0.2829 0.0193 -0.9589
vn -0.3119 0.0173 -0.9499
vn -0.8916 -0.0218 -0.4523
vn -0.9081 -0.0223 -0.4181
vn -0.9004 -0.1193 -0.4183
vn -0.8845 -0.1194 -0.4510
vn -0.6298 -0.1223 -0.7670
vn -0.6387 -0.0220 -0.7691
vn -0.6503 0.0112 -0.7596
vn -0.8915 0.0108 -0.4528
vn -0.9102 0.0103 -0.4140
vn -0.6478 -0.0062 0.7618
vn -0.6377 -0.0843 0.7656
vn -0.6411 0.0170 0.7673
vn 0.7476 -0.0173 -0.6639
vn 0.7355 -0.1000 -0.6701
vn 0.7111 -0.0979 -0.6962
vn 0.7381 -0.0259 -0.6742
vn 0.7898 0.0021 -0.6132
vn 0.7664 0.0148 -0.6421
vn 0.4614 -0.0110 0.8871
vn 0.4733 -0.0790 0.8773
vn 0.5709 -0.0785 0.8173
vn 0.5024 -0.0139 0.8645
vn 0.4310 0.0089 0.9022
vn 0.4457 0.0123 0.8951
vn -0.7249 -0.0186 0.6885
vn -0.7270 -0.0153 0.6864
vn -0.7138 -0.1524 0.6836
vn -0.7977 -0.1265 0.5896
vn -0.8996 -0.0923 0.4268
vn -0.8013 -0.0092 0.5982
vn -0.7366 0.0154 0.6762
vn -0.7169 0.0108 0.6971
vn -0.7769 0.0174 0.6293
vn -0.8923 -0.0217 -0.4509
vn -0.8859 -0.1189 -0.4484
vn -0.8980 0.0108 -0.4399
vn 0.3669 -0.0825 -0.9266
vn 0.0659 -0.1092 -0.9918
vn 0.0612 -0.1722 -0.9832
vn 0.4575 -0.1488 -0.8766
vn 0.4223 -0.1451 -0.8947
vn 0.3612 -0.0508 -0.9311
vn 0.2860 0.0040 -0.9582
vn 0.2262 -0.0355 -0.9734
vn 0.0817 -0.0617 -0.9947
vn 0.9988 0.0111 0.0470
vn 0.9966 -0.0778 -0.0285
vn 0.9871 -0.0781 0.1396
vn 0.9786 -0.0028 0.2054
vn 0.9449 0.0221 0.3266
vn 0.9799 0.0383 0.1954
vn -0.7181 0.0044 0.6959
vn -0.5972 -0.1410 0.7896
vn -0.7917 0.0326 0.6100
vn -0.1350 -0.0305 0.9904
vn 0.0725 -0.0443 0.9964
vn 0.0121 -0.1306 0.9913
vn -0.3579 -0.1009 0.9283
vn -0.2626 -0.0799 0.9616
vn 0.0565 -0.0106 0.9983
vn 0.3371 0.0119 0.9414
vn 0.0730 -0.0067 0.9973
vn 0.1326 -0.0182 0.9910
vn 0.7649 -0.0387 -0.6430
vn 0.7362 -0.0926 -0.6704
vn 0.8294 -0.0164 -0.5583
vn 0.4368 -0.0406 0.8986
vn 0.5660 -0.0285 0.8239
vn 0.6995 -0.0879 0.7092
vn 0.5375 -0.1142 0.8355
vn 0.3294 -0.0168 0.9440
vn 0.4070 -0.0072 0.9134
vn -0.1708 -0.0206 -0.9851
vn -0.1647 -0.1041 -0.9808
vn -0.2027 0.0084 -0.9792
vn 0.9342 -0.0326 0.3552
vn 0.9316 -0.0212 0.3628
vn 0.9571 -0.0792 0.2786
vn 0.9655 -0.0852 0.2459
vn 0.7864 -0.1035 0.6090
vn 0.7718 -0.0414 0.6344
vn 0.7607 -0.0184 0.6488
vn 0.8752 -0.0116 0.4835
vn 0.8858 0.0008 0.4640
vn -0.8644 0.0022 0.5027
vn -0.9355 -0.0767 0.3450
vn -0.7906 0.0252 0.6117
vn -0.7648 0.0004 -0.6443
vn -0.7523 -0.0797 -0.6540
vn -0.7602 0.0199 -0.6494
vn 0.9174 -0.0129 0.3977
vn 0.9331 -0.0790 0.3507
vn 0.8885 0.0107 0.4588
vn 0.2873 -0.0339 -0.9572
vn 0.2810 -0.1431 -0.9490
vn 0.1740 -0.1416 -0.9745
vn 0.2514 -0.0342 -0.9673
vn 0.3469 0.0167 -0.9377
vn 0.3182 0.0209 -0.9478
vn 0.3893 0.0427 0.9201
vn 0.5094 0.0247 0.8601
vn 0.1550 -0.0464 0.9868
vn 0.1069 -0.0348 0.9937
vn 0.6118 0.0580 0.7889
vn 0.7398 0.0370 0.6718
vn 0.9999 -0.0088 -0.0074
vn 0.9970 -0.0741 0.0224
vn 0.9985 0.0139 -0.0532
vn -0.3902 -0.3130 -0.8659
vn -0.5716 -0.3185 -0.7562
vn -0.1769 -0.2897 -0.9406
vn -0.1155 -0.5067 -0.8543
vn -0.2665 -0.4976 -0.8254
vn -0.5396 -0.4512 -0.7108
vn 0.9723 -0.2298 -0.0417
vn 0.9691 -0.2450 0.0273
vn 0.8979 -0.2290 -0.3758
vn 0.7870 -0.4823 -0.3846
vn 0.8644 -0.4976 -0.0716
vn 0.8670 -0.4901 0.0893
vn 0.6562 -0.2657 -0.7062
vn 0.6883 -0.2514 -0.6804
vn 0.6735 -0.2814 -0.6835
vn 0.6958 -0.4722 -0.5412
vn 0.7126 -0.4221 -0.5604
vn 0.6957 -0.3799 -0.6097
vn 0.3876 -0.2528 0.8864
vn 0.1660 -0.2163 0.9621
vn 0.4093 -0.0945 0.9075
vn 0.7790 -0.2704 0.5657
vn 0.7311 -0.4635 0.5006
vn 0.3491 -0.4374 0.8287
vn 0.1158 -0.3711 0.9213
vn -0.6330 -0.2445 0.7345
vn -0.5555 -0.2320 0.7985
vn -0.8195 -0.2659 0.5077
vn -0.7717 -0.4159 0.4811
vn -0.5821 -0.3899 0.7135
vn -0.4905 -0.3634 0.7920
vn -0.8703 -0.2743 -0.4091
vn -0.8853 -0.2900 -0.3633
vn -0.7639 -0.2536 -0.5934
vn -0.7020 -0.3877 -0.5974
vn -0.8302 -0.4244 -0.3615
vn -0.8582 -0.4507 -0.2453
vn 0.1017 -0.3034 -0.9474
vn 0.3961 -0.3212 -0.8602
vn 0.1820 -0.1484 -0.9720
vn 0.1364 -0.2974 -0.9449
vn 0.1338 -0.4616 -0.8769
vn 0.0475 -0.4592 -0.8871
vn 0.3211 -0.5007 -0.8038
vn 0.9203 -0.2911 0.2612
vn 0.9357 -0.3231 0.1417
vn 0.9527 -0.2545 0.1659
vn 0.9064 -0.4167 0.0684
vn 0.8819 -0.4710 -0.0206
vn 0.8322 -0.5535 -0.0320
vn 0.1519 -0.2618 0.9531
vn -0.0876 -0.3563 0.9302
vn 0.1392 -0.2323 0.9626
vn 0.2170 -0.3645 0.9055
vn 0.2902 -0.3367 0.8957
vn 0.0246 -0.4090 0.9122
vn -0.1053 -0.3058 -0.9462
vn -0.2686 -0.3081 -0.9126
vn 0.1347 -0.2952 -0.9459
vn 0.1722 -0.3701 -0.9129
vn -0.2343 -0.4129 -0.8801
vn -0.3608 -0.4488 -0.8175
vn -0.9218 -0.3784 0.0838
vn -0.8247 -0.3191 -0.4669
vn -0.7468 -0.3197 0.5831
vn -0.6657 -0.4693 0.5802
vn -0.8376 -0.5413 0.0729
vn -0.7475 -0.4592 -0.4799
vn -0.6077 -0.3319 -0.7214
vn -0.2243 -0.3595 -0.9058
vn -0.4357 -0.1672 -0.8844
vn -0.6636 -0.4026 -0.6305
vn -0.1582 -0.4464 -0.8807
vn -0.8385 -0.3342 -0.4302
vn -0.6056 -0.3476 -0.7158
vn -0.8647 -0.3226 -0.3850
vn -0.7900 -0.5538 -0.2630
vn -0.7263 -0.5970 -0.3407
vn -0.5187 -0.6216 -0.5869
vn 0.4652 -0.2393 0.8522
vn 0.5965 -0.2300 0.7689
vn 0.2980 -0.2424 0.9232
vn 0.2548 -0.3873 0.8860
vn 0.4377 -0.3938 0.8083
vn 0.5775 -0.3789 0.7231
vn -0.5767 -0.2509 0.7775
vn -0.4989 -0.3788 0.7795
vn 0.7135 -0.2483 -0.6551
vn 0.6941 -0.2476 -0.6759
vn 0.6509 -0.3805 -0.6569
vn 0.5988 -0.4116 -0.6870
vn -0.8841 -0.3098 0.3498
vn -0.9479 -0.2510 0.1959
vn -0.7421 -0.3890 0.5458
vn -0.7588 -0.4293 0.4898
vn -0.8992 -0.3700 0.2333
vn -0.9302 -0.3513 0.1060
vn -0.8659 -0.3084 -0.3937
vn -0.8315 -0.4997 -0.2425
vn 0.9446 -0.3261 0.0374
vn 0.9233 -0.3152 0.2195
vn 0.7890 -0.6106 0.0682
vn 0.7089 -0.6174 0.3408
vn -0.4618 -0.4231 0.7795
vn -0.4163 -0.4680 0.7795
vn -0.2970 -0.2962 -0.9078
vn 0.0782 -0.2906 -0.9536
vn -0.3342 -0.1689 -0.9272
vn -0.2958 -0.4757 -0.8284
vn 0.0811 -0.4794 -0.8738
vn -0.4945 -0.2582 0.8299
vn -0.4261 -0.2420 0.8717
vn -0.0421 -0.3362 0.9408
vn -0.0664 -0.5454 0.8355
vn -0.5594 -0.3991 0.7264
vn -0.4656 -0.3963 0.7913
vn 0.7114 -0.2187 0.6679
vn 0.7587 -0.2167 0.6143
vn 0.6638 -0.0811 0.7435
vn 0.7053 -0.3472 0.6180
vn 0.7821 -0.3265 0.5308
vn -0.1985 -0.2975 -0.9338
vn -0.1969 -0.5534 -0.8093
vn 0.7288 -0.2382 -0.6419
vn 0.6304 -0.4484 -0.6336
vn -0.9438 -0.2458 0.2209
vn -0.9063 -0.3816 0.1813
vn 0.9504 -0.2265 0.2132
vn 0.9295 -0.2410 0.2792
vn 0.8112 -0.4512 0.3720
vn 0.8891 -0.4021 0.2185
vn -0.6879 -0.2482 -0.6820
vn -0.6140 -0.3663 -0.6991
vn 0.2856 -0.3020 -0.9095
vn 0.4151 -0.2944 -0.8608
vn 0.4278 -0.4714 -0.7712
vn 0.3188 -0.4699 -0.8231
vn 0.8783 -0.2781 0.3888
vn 0.6667 -0.5319 0.5221
vn 0.9689 -0.2454 0.0309
vn 0.8874 -0.4399 0.1379
vn -0.1760 -0.2441 0.9536
vn -0.0524 -0.2404 0.9692
vn 0.0193 -0.0625 0.9978
vn -0.1838 -0.4266 0.8855
vn -0.0808 -0.4339 0.8973
vn -0.7744 -0.5444 -0.3223
vn -0.8130 -0.5702 -0.1179
vn -0.6275 -0.4876 -0.6071
vn -0.4034 -0.7132 -0.5732
vn -0.5943 -0.7652 -0.2475
vn -0.6227 -0.7821 -0.0254
vn -0.0419 -0.6145 -0.7878
vn 0.2323 -0.6847 -0.6908
vn 0.1080 -0.6243 -0.7737
vn -0.0139 -0.8301 -0.5574
vn -0.2163 -0.7525 -0.6220
vn 0.1445 -0.8793 -0.4538
vn 0.7877 -0.5519 -0.2736
vn 0.7135 -0.6579 -0.2409
vn 0.8374 -0.5455 0.0333
vn 0.6439 -0.7649 0.0169
vn 0.5744 -0.7497 -0.3286
vn 0.5037 -0.8212 -0.2680
vn 0.2491 -0.3991 0.8824
vn -0.0226 -0.3884 0.9212
vn 0.1726 -0.4934 0.8525
vn 0.2120 -0.7993 0.5623
vn 0.3486 -0.6329 0.6913
vn 0.1194 -0.7118 0.6921
vn -0.4514 -0.4766 -0.7544
vn -0.5442 -0.5326 -0.6482
vn 0.0958 -0.4581 -0.8837
vn 0.0975 -0.7196 -0.6875
vn -0.5034 -0.6761 -0.5380
vn -0.5786 -0.7240 -0.3755
vn -0.7257 -0.6851 0.0626
vn -0.6447 -0.5655 -0.5143
vn -0.5415 -0.5906 0.5983
vn -0.2428 -0.7706 0.5892
vn -0.3748 -0.9265 0.0326
vn -0.3711 -0.7471 -0.5514
vn -0.6054 -0.4755 -0.6382
vn -0.0642 -0.4892 -0.8697
vn -0.3921 -0.5647 -0.7261
vn -0.2838 -0.7820 -0.5548
vn -0.6032 -0.6283 -0.4913
vn 0.0023 -0.7567 -0.6537
vn -0.5986 -0.7821 -0.1731
vn -0.3866 -0.8206 -0.4207
vn -0.7008 -0.7097 -0.0716
vn -0.4861 -0.8706 0.0757
vn -0.4907 -0.8708 0.0287
vn -0.2320 -0.9430 -0.2384
vn 0.4045 -0.5415 0.7369
vn 0.5506 -0.5279 0.6466
vn 0.2213 -0.5237 0.8226
vn 0.1494 -0.7842 0.6022
vn 0.2967 -0.8017 0.5189
vn 0.4592 -0.8179 0.3466
vn -0.3911 -0.4774 0.7868
vn -0.4119 -0.4728 0.7790
vn -0.1877 -0.7227 0.6651
vn -0.1678 -0.6115 0.7732
vn 0.5474 -0.5037 -0.6683
vn 0.4257 -0.5397 -0.7263
vn 0.7016 -0.5042 -0.5035
vn 0.5775 -0.7440 -0.3360
vn 0.3718 -0.7466 -0.5516
vn 0.2281 -0.7398 -0.6329
vn -0.8697 -0.4169 0.2639
vn -0.8874 -0.4444 0.1224
vn -0.7486 -0.4002 0.5286
vn -0.6474 -0.7072 0.2841
vn -0.7715 -0.6262 0.1122
vn -0.6962 -0.7177 0.0156
vn -0.7750 -0.6297 -0.0534
vn -0.5834 -0.8107 0.0490
vn -0.4420 -0.3935 0.8060
vn -0.3105 -0.7829 0.5391
vn -0.4050 -0.6278 -0.6647
vn 0.0691 -0.6854 -0.7248
vn -0.5111 -0.7400 -0.4372
vn 0.0451 -0.8727 -0.4861
vn 0.6259 -0.7798 -0.0061
vn 0.4538 -0.8050 0.3819
vn 0.4038 -0.9140 -0.0393
vn 0.2413 -0.9345 0.2617
vn -0.6490 -0.4649 0.6022
vn -0.4734 -0.5011 0.7244
vn -0.0874 -0.7168 0.6917
vn -0.1239 -0.8061 0.5786
vn -0.7528 -0.5638 0.3397
vn -0.4903 -0.7764 0.3959
vn -0.1042 -0.7504 -0.6527
vn 0.0224 -0.6711 -0.7410
vn 0.0621 -0.8571 -0.5113
vn 0.1305 -0.8483 -0.5132
vn 0.4395 -0.6136 -0.6559
vn 0.6008 -0.7071 -0.3727
vn 0.2336 -0.7845 -0.5743
vn 0.3727 -0.8842 -0.2815
vn 0.6948 -0.4696 0.5446
vn 0.8114 -0.3998 0.4263
vn 0.6673 -0.6478 0.3673
vn 0.8032 -0.5019 0.3207
vn 0.7926 -0.5731 0.2083
vn 0.6411 -0.6445 0.4167
vn 0.6291 -0.6256 0.4612
vn 0.3908 -0.8222 0.4138
vn 0.5656 -0.8117 0.1452
vn 0.3964 -0.8815 0.2566
vn -0.8513 -0.4930 0.1796
vn -0.7134 -0.5369 0.4503
vn -0.6802 -0.7259 0.1018
vn -0.5262 -0.7823 0.3334
vn -0.5286 -0.4487 -0.7205
vn -0.3283 -0.5715 -0.7520
vn 0.3615 -0.6255 -0.6914
vn 0.4852 -0.6186 -0.6180
vn 0.4287 -0.8379 -0.3377
vn 0.3165 -0.8168 -0.4823
vn 0.3724 -0.6848 0.6264
vn 0.1614 -0.8436 0.5122
vn 0.7419 -0.5917 0.3153
vn 0.6954 -0.6814 0.2282
vn 0.4318 -0.8655 0.2537
vn 0.4850 -0.8039 0.3440
vn -0.1219 -0.5732 0.8103
vn -0.0650 -0.5899 0.8049
vn -0.0718 -0.8147 0.5754
vn -0.0426 -0.8395 0.5417
vn 0.6918 -0.7215 -0.0300
vn 0.4488 -0.8930 0.0328
vn -0.0501 -0.6226 -0.7808
vn 0.0730 -0.7968 -0.5997
vn 0.7685 -0.5556 -0.3172
vn 0.7084 -0.6396 -0.2983
vn 0.5479 -0.8347 -0.0555
vn 0.6325 -0.7673 -0.1061
vn 0.2515 -0.5988 0.7603
vn 0.0382 -0.4978 0.8665
vn 0.1319 -0.8401 0.5260
vn -0.0181 -0.7565 0.6538
vn -0.5271 -0.5127 0.6776
vn -0.3519 -0.7596 0.5469
vn 0.5535 -0.8318 0.0403
vn 0.5536 -0.8130 -0.1800
vn 0.0687 -0.9788 -0.1930
vn 0.0679 -0.9856 -0.1546
vn 0.5674 -0.8150 0.1176
vn 0.4745 -0.8736 0.1081
vn 0.4624 -0.8864 0.0198
vn 0.5407 -0.8325 0.1203
vn 0.1034 -0.9722 -0.2098
vn 0.0849 -0.9823 -0.1670
vn 0.3981 -0.9017 0.1685
vn 0.2853 -0.8962 0.3396
vn 0.4336 -0.8852 0.1683
vn 0.4125 -0.8945 -0.1722
vn 0.5098 -0.7580 -0.4068
vn 0.0043 -0.9870 -0.1604
vn -0.0049 -0.9994 -0.0343
vn 0.1375 -0.9900 -0.0309
vn 0.1436 -0.9895 -0.0172
vn 0.3029 -0.9462 -0.1141
vn -0.4006 -0.8094 -0.4293
vn -0.4639 -0.7846 -0.4112
vn -0.4608 -0.7975 -0.3894
vn -0.4381 -0.8213 -0.3653
vn -0.2669 -0.9254 -0.2691
vn -0.2658 -0.8911 -0.3676
vn -0.4036 -0.7976 -0.4483
vn -0.3387 -0.8433 -0.4172
vn 0.5656 -0.6948 -0.4441
vn 0.6145 -0.5002 -0.6100
vn 0.6531 -0.2983 -0.6960
vn 0.2998 -0.0420 -0.9531
vn 0.4092 0.0066 -0.9124
vn 0.7143 -0.6375 -0.2885
vn 0.5958 -0.5298 -0.6036
vn 0.0131 -0.9795 -0.2011
vn 0.0291 -0.9995 -0.0020
vn 0.7566 -0.6470 -0.0950
vn 0.6486 -0.7583 -0.0656
vn 0.5725 -0.7629 -0.3002
vn 0.7360 -0.6757 -0.0405
vn 0.0443 -0.9988 0.0203
vn 0.0403 -0.9991 0.0120
vn 0.6713 -0.7391 -0.0547
vn 0.3532 -0.9347 -0.0404
vn 0.4219 -0.9066 -0.0125
vn 0.6114 -0.7831 -0.1131
vn -0.0027 -0.9989 -0.0469
vn -0.0551 -0.9873 -0.1487
vn 0.5528 -0.8166 -0.1659
vn 0.5738 -0.8083 -0.1317
vn 0.4035 -0.9088 -0.1061
vn 0.4458 -0.8772 -0.1781
vn -0.0524 -0.9822 -0.1804
vn -0.0161 -0.9944 -0.1048
vn 0.2002 -0.9745 -0.1007
vn 0.2161 -0.9736 -0.0729
vn 0.4117 -0.9038 -0.1164
vn 0.2467 -0.8864 -0.3917
vn -0.0866 -0.9937 -0.0707
vn -0.0352 -0.9994 0.0012
vn 0.4064 -0.8547 -0.3229
vn 0.2962 -0.9466 -0.1274
vn 0.2408 -0.9015 -0.3594
vn -0.4175 -0.8881 0.1921
vn -0.3748 -0.9116 0.1683
vn -0.3638 -0.9112 0.1931
vn -0.4302 -0.8683 0.2467
vn -0.4832 -0.8536 0.1942
vn -0.3711 -0.9173 0.1445
vn -0.3461 -0.9367 0.0531
vn -0.5087 -0.8568 0.0840
vn -0.0396 -0.9992 -0.0027
vn -0.0371 -0.9993 0.0076
vn 0.5508 -0.7985 -0.2430
vn 0.6685 -0.7351 -0.1126
vn 0.1651 -0.9859 0.0280
vn 0.2447 -0.9694 -0.0211
vn -0.5199 -0.8542 0.0060
vn -0.3522 -0.9359 0.0001
vn -0.3511 -0.9344 0.0593
vn -0.5005 -0.8647 0.0415
vn -0.0362 -0.9877 -0.1522
vn -0.0113 -0.9989 -0.0446
vn 0.6901 -0.7149 -0.1126
vn 0.5071 -0.8060 -0.3053
vn -0.1876 -0.9805 -0.0583
vn -0.0266 -0.9967 -0.0765
vn -0.4058 -0.9083 0.1014
vn -0.2563 -0.9612 0.1014
vn -0.1323 -0.9894 0.0589
vn -0.2114 -0.9753 0.0635
vn -0.0805 -0.9934 -0.0813
vn -0.1323 -0.9762 -0.1716
vn 0.1671 -0.9138 -0.3701
vn 0.0453 -0.9810 -0.1884
vn 0.0339 -0.9940 -0.1037
vn -0.1075 -0.9933 -0.0412
vn -0.2030 -0.6354 -0.7450
vn -0.2072 -0.8208 -0.5322
vn -0.3616 -0.8199 -0.4439
vn -0.3273 -0.6739 -0.6623
vn -0.2235 -0.7640 -0.6052
vn -0.1755 -0.7012 -0.6910
vn 0.0551 -0.6818 0.7294
vn 0.0526 -0.7861 0.6158
vn 0.1794 -0.8182 0.5462
vn 0.1556 -0.7162 0.6803
vn -0.0275 -0.8733 0.4863
vn -0.0022 -0.8542 0.5200
vn -0.1309 -0.9914 -0.0055
vn -0.2524 -0.9670 0.0328
vn 0.1249 -0.7867 0.6045
vn 0.1213 -0.9099 0.3966
vn -0.0376 -0.9784 0.2033
vn -0.0328 -0.8862 0.4621
vn -0.1896 -0.9036 0.3840
vn -0.1147 -0.8778 0.4650
vn -0.3677 -0.9218 0.1224
vn -0.3309 -0.9322 0.1462
vn -0.3961 -0.9099 -0.1232
vn -0.4833 -0.8339 -0.2665
vn -0.4340 -0.7654 -0.4752
vn -0.3586 -0.8892 -0.2842
vn -0.1943 -0.9603 -0.1998
vn -0.2699 -0.8822 -0.3858
vn -0.2171 -0.9639 -0.1540
vn -0.2401 -0.9684 -0.0678
vn -0.1006 -0.9943 -0.0348
vn -0.0886 -0.9937 -0.0682
vn -0.0439 -0.9984 -0.0363
vn -0.1015 -0.9911 -0.0854
vn -0.1083 -0.9519 0.2866
vn -0.0433 -0.9890 0.1410
vn -0.0250 -0.9977 0.0630
vn -0.0481 -0.9936 0.1023
vn -0.0766 -0.9937 0.0820
vn -0.1695 -0.9588 0.2279
vn -0.2208 -0.9716 0.0847
vn -0.0972 -0.9949 0.0252
vn 0.4499 -0.7664 0.4584
vn 0.3511 -0.8714 0.3426
vn 0.1933 -0.9495 0.2470
vn 0.2608 -0.8647 0.4291
vn 0.0786 -0.9050 0.4180
vn 0.2706 -0.8879 0.3720
vn -0.0907 -0.9847 0.1486
vn -0.2003 -0.9544 0.2212
vn -0.4616 -0.8858 -0.0467
vn -0.4529 -0.8892 -0.0648
vn -0.6517 -0.7453 -0.1406
vn -0.6064 -0.7609 -0.2310
vn -0.4774 -0.8545 -0.2047
vn -0.5566 -0.8241 -0.1046
vn -0.3232 -0.9377 0.1279
vn -0.3374 -0.9056 0.2569
vn 0.1866 -0.8166 0.5462
vn 0.3110 -0.6944 0.6488
vn 0.5330 -0.4805 0.6964
vn 0.3512 -0.7999 0.4866
vn -0.1274 -0.9481 0.2914
vn -0.0910 -0.9914 0.0938
vn -0.3035 -0.9508 -0.0620
vn -0.3623 -0.9320 0.0005
vn -0.3552 -0.9300 0.0946
vn -0.2465 -0.9035 0.3506
vn -0.3369 -0.8872 0.3153
vn -0.1866 -0.9505 0.2485
vn 0.6343 -0.6646 0.3948
vn 0.7076 -0.5807 0.4025
vn 0.7158 -0.6528 0.2478
vn 0.5826 -0.7960 0.1639
vn 0.4704 -0.8491 0.2402
vn -0.1813 -0.9752 0.1266
vn -0.2320 -0.9025 0.3627
vn -0.6863 -0.7273 0.0079
vn -0.4943 -0.8626 -0.1073
vn -0.2313 -0.9711 -0.0582
vn -0.5261 -0.8373 -0.1484
vn 0.3428 -0.9376 0.0585
vn 0.5163 -0.8550 0.0477
vn 0.5106 -0.8589 -0.0404
vn 0.2180 -0.9754 0.0319
vn -0.1515 -0.9790 0.1365
vn -0.1188 -0.9911 0.0604
vn -0.3592 -0.9332 0.0121
vn -0.3027 -0.9379 0.1693
vn -0.2173 -0.9706 0.1032
vn -0.2535 -0.9673 0.0124
vn -0.0580 -0.9932 0.1004
vn 0.4877 -0.8694 -0.0798
vn 0.3067 -0.9491 -0.0713
vn -0.3312 -0.9363 0.1166
vn -0.3428 -0.9259 0.1585
vn -0.2889 -0.9306 0.2246
vn -0.3146 -0.9111 0.2663
vn -0.2822 -0.9409 0.1874
vn -0.1622 -0.9743 0.1561
vn -0.1667 -0.9701 0.1762
vn 0.6312 -0.7691 -0.0996
vn 0.4900 -0.8715 -0.0164
vn 0.3041 -0.9526 0.0032
vn 0.3473 -0.9357 -0.0620
vn 0.3576 -0.9271 -0.1116
vn 0.6555 -0.7307 -0.1907
vn 0.4022 -0.9134 0.0620
vn 0.4244 -0.8995 0.1039
vn 0.2507 -0.9674 0.0359
vn 0.2277 -0.9727 0.0452
vn 0.5626 -0.8113 0.1587
vn 0.3858 -0.9207 0.0595
vn 0.7057 -0.5229 0.4780
vn 0.6406 -0.4315 0.6351
vn 0.5946 -0.2775 0.7546
vn 0.5474 -0.0201 0.8366
vn 0.4157 0.0019 0.9095
vn 0.0449 -0.4847 0.8735
vn 0.0850 -0.3588 0.9295
vn 0.0089 -0.7521 0.6590
vn 0.1473 -0.2173 0.9649
vn 0.4891 -0.0355 0.8715
vn 0.5959 -0.0130 0.8029
vn -0.4906 -0.8631 -0.1195
vn -0.5622 -0.8257 -0.0457
vn -0.4801 -0.8772 -0.0083
vn -0.3307 -0.9417 -0.0617
vn -0.2008 -0.9785 -0.0470
vn -0.2342 -0.9694 -0.0736
vn -0.5673 -0.8202 0.0731
vn -0.5925 -0.7951 0.1289
vn -0.6294 -0.7602 0.1610
vn -0.5810 -0.8053 0.1177
vn -0.6505 -0.7497 0.1216
vn -0.6837 -0.7265 0.0683
vn -0.6318 -0.7746 0.0281
vn -0.6942 -0.7034 0.1526
vn -0.6767 -0.7172 -0.1662
vn -0.5140 -0.8313 -0.2113
vn 0.4864 -0.3779 -0.7877
vn 0.4098 -0.3349 -0.8485
vn 0.2143 -0.3094 -0.9265
vn -0.3375 -0.0303 -0.9408
vn -0.3477 0.0165 -0.9374
vn -0.4697 -0.8596 -0.2008
vn -0.5344 -0.8322 -0.1477
vn -0.3506 -0.9355 -0.0436
vn -0.1687 -0.9845 -0.0470
vn 0.4672 -0.6323 -0.6180
vn 0.4201 -0.4670 -0.7780
vn 0.4390 -0.2780 -0.8544
vn -0.2700 -0.0976 -0.9579
vn -0.1144 -0.0493 -0.9922
vn -0.0513 -0.5777 0.8147
vn -0.0167 -0.4239 0.9055
vn -0.0469 -0.8172 0.5744
vn 0.0020 -0.2403 0.9707
vn 0.3914 0.0087 0.9202
vn 0.6493 0.0258 0.7601
vn -0.1238 -0.9606 -0.2487
vn -0.1126 -0.9807 -0.1599
vn -0.0415 -0.9920 -0.1193
vn -0.0467 -0.9852 -0.1648
vn 0.0178 -0.9990 -0.0416
vn 0.0505 -0.9957 -0.0778
vn 0.1951 -0.9535 0.2296
vn 0.0574 -0.9902 0.1271
vn -0.1658 -0.9151 -0.3676
vn -0.0824 -0.9953 0.0506
vn -0.0090 -0.9905 -0.1368
vn -0.0118 -0.9947 -0.1023
vn -0.0124 -0.9949 -0.0997
vn -0.0036 -0.9921 -0.1256
vn 0.0154 -0.9997 -0.0184
vn 0.0111 -0.9996 -0.0250
vn 0.0204 -0.9947 0.1003
vn 0.0277 -0.9978 0.0597
vn -0.1834 -0.5025 -0.8449
vn -0.1279 -0.5965 -0.7923
vn -0.0319 -0.9922 -0.1204
vn -0.0512 -0.9925 -0.1110
vn -0.1441 -0.9789 -0.1444
vn -0.0892 -0.9885 -0.1222
vn 0.0218 -0.9995 -0.0235
vn 0.0248 -0.9995 -0.0209
vn 0.0510 -0.9985 0.0176
vn 0.0794 -0.9967 0.0179
vn -0.0614 -0.9922 -0.1089
vn -0.1859 -0.9240 -0.3342
vn -0.1622 -0.9764 -0.1426
vn -0.2403 -0.9497 -0.2005
vn -0.2181 -0.9564 -0.1940
vn -0.1634 -0.9759 -0.1447
vn 0.0017 -0.9999 -0.0145
vn 0.0055 -0.9998 -0.0202
vn 0.1072 -0.9933 0.0439
vn 0.1248 -0.9893 0.0751
vn 0.1035 -0.9921 0.0704
vn 0.0296 -0.9995 -0.0102
vn -0.1089 -0.9871 -0.1172
vn -0.1169 -0.9859 -0.1198
vn -0.1291 -0.9845 -0.1186
vn -0.1122 -0.9873 -0.1123
vn 0.0085 -0.9999 0.0072
vn 0.0102 -0.9999 -0.0024
vn 0.1450 -0.9823 0.1186
vn 0.1724 -0.9713 0.1640
vn 0.2554 -0.9367 0.2393
vn 0.1763 -0.9715 0.1583
vn -0.0962 -0.9953 0.0134
vn -0.0115 -0.9999 0.0017
vn -0.2241 -0.9744 -0.0161
vn -0.1239 0.6099 0.7827
vn -0.4584 0.8862 0.0678
vn -0.3188 0.9472 0.0342
vn 0.0075 0.6952 0.7187
vn -0.3681 0.4799 0.7963
vn -0.6776 0.7261 0.1168
vn -0.3104 -0.8875 0.3405
vn -0.8840 -0.1626 0.4382
vn -0.0160 -0.9991 0.0394
vn 0.7885 -0.5412 -0.2919
vn 0.5782 -0.8136 -0.0609
vn 0.7435 -0.5619 -0.3625
vn 0.5992 -0.6378 0.4838
vn 0.5686 -0.5980 0.5649
vn 0.3541 -0.8614 0.3642
vn 0.1396 0.7737 0.6180
vn -0.5485 0.8359 -0.0204
vn -0.7059 0.7071 0.0392
vn -0.1549 0.6073 0.7792
vn 0.2957 0.8191 0.4914
vn -0.4608 0.8861 -0.0495
vn 0.0578 -0.9977 -0.0342
vn 0.8926 -0.4242 -0.1526
vn 0.5938 0.7280 0.3426
vn -0.0832 0.9962 -0.0229
vn -0.0016 0.9878 -0.1555
vn 0.6636 0.7325 0.1519
vn 0.5034 0.6949 0.5134
vn -0.2349 0.9584 0.1619
vn 0.1141 -0.8325 0.5421
vn 0.2458 -0.9671 0.0649
vn 0.0932 -0.7570 0.6466
vn -0.1351 -0.9857 -0.1010
vn -0.0016 -0.9999 0.0112
vn -0.1258 -0.9879 -0.0910
vn 0.7735 0.2244 0.5927
vn 0.0173 0.2874 0.9576
vn 0.0908 0.3699 0.9246
vn 0.8546 0.2843 0.4345
vn 0.6783 0.3706 0.6344
vn -0.0729 0.4513 0.8894
vn -0.3616 -0.9023 -0.2345
vn -0.1838 -0.9452 -0.2697
vn -0.3280 -0.9310 -0.1598
vn 0.3573 -0.9138 -0.1933
vn 0.2129 -0.9695 -0.1210
vn 0.3521 -0.9274 -0.1263
vn 0.8920 0.4301 -0.1393
vn 0.5510 0.5245 0.6490
vn 0.5668 0.5651 0.5994
vn 0.8603 0.4631 -0.2127
vn 0.9271 0.3729 -0.0364
vn 0.5332 0.4535 0.7141
vn -0.3038 -0.9333 -0.1916
vn -0.2901 -0.9365 -0.1968
vn -0.4465 -0.3902 -0.8051
vn -0.3319 -0.4627 -0.8220
vn -0.1555 -0.7015 -0.6955
vn 0.1610 -0.9833 -0.0843
vn 0.1150 -0.9924 -0.0428
vn -0.1444 -0.9877 -0.0601
vn -0.2919 -0.9395 -0.1792
vn -0.0510 -0.9986 -0.0157
vn -0.6873 -0.7181 0.1089
vn -0.7581 -0.6456 0.0922
vn -0.1090 -0.9898 -0.0918
vn -0.7703 0.3777 -0.5138
vn -0.8360 0.5326 0.1320
vn -0.7883 0.5849 0.1910
vn -0.7578 0.4107 -0.5070
vn -0.7607 0.3077 -0.5715
vn -0.8979 0.4370 0.0525
vn 0.0344 -0.9994 -0.0001
vn 0.0382 -0.9992 0.0096
vn 0.0105 -0.9996 -0.0270
vn -0.4093 0.6980 0.5876
vn 0.3065 0.9347 0.1801
vn 0.2599 0.9593 0.1105
vn -0.3456 0.7826 0.5178
vn -0.5002 0.6649 0.5546
vn 0.0882 0.9938 -0.0679
vn -0.2297 -0.9401 0.2519
vn -0.0174 -0.9996 -0.0198
vn -0.9725 -0.2303 -0.0331
vn -0.1892 -0.9768 -0.1001
vn 0.0168 -0.9995 -0.0268
vn -0.3800 -0.9201 -0.0952
vn -0.8655 0.4664 0.1825
vn -0.1674 0.6341 0.7549
vn -0.1308 0.3369 0.9324
vn -0.8657 0.2819 0.4137
vn -0.7788 0.6250 -0.0531
vn -0.0870 0.9141 0.3959
vn 0.2502 0.7740 0.5816
vn 0.4381 0.8985 -0.0279
vn 0.0089 0.9972 -0.0741
vn 0.1305 0.8589 0.4951
vn 0.2720 0.6084 0.7455
vn 0.7700 0.6339 0.0719
vn 0.0201 -0.9993 0.0324
vn 0.0182 -0.9996 0.0225
vn 0.2840 -0.9420 -0.1784
vn 0.6900 -0.7175 -0.0959
vn 0.1011 -0.9878 0.1187
vn 0.2124 -0.9073 0.3627
vn -0.0380 -0.9799 0.1955
vn -0.2096 -0.9777 0.0094
vn -0.0516 -0.9978 0.0412
vn -0.3552 -0.9309 -0.0849
vn -0.6961 -0.1853 -0.6936
vn -0.5118 0.2332 -0.8268
vn -0.4295 -0.8400 -0.3315
vn -0.3572 -0.9338 -0.0208
vn 0.0741 -0.9936 -0.0848
vn 0.1034 0.7106 0.6959
vn -0.2807 0.9573 0.0689
vn -0.2926 0.9510 0.0992
vn 0.1216 0.7127 0.6908
vn 0.0663 0.7097 0.7014
vn -0.2917 0.9550 0.0529
vn -0.0183 -0.9970 0.0745
vn -0.4900 -0.8634 0.1197
vn 0.0235 -0.9989 0.0397
vn -0.0583 -0.9980 0.0250
vn -0.1484 -0.9889 0.0056
vn 0.0247 -0.9952 0.0940
vn 0.0507 -0.9897 0.1336
vn 0.2583 -0.9481 0.1850
vn 0.6000 -0.5177 0.6099
vn 0.7488 -0.2892 0.5964
vn -0.0946 -0.9946 -0.0430
vn 0.6769 0.7357 0.0231
vn 0.0127 0.9786 -0.2053
vn -0.0285 0.9896 -0.1408
vn 0.6454 0.7634 0.0273
vn 0.3462 -0.9381 0.0053
vn 0.2187 -0.9700 -0.1063
vn 0.7642 -0.4845 0.4258
vn 0.8553 0.4599 -0.2383
vn 0.6017 0.5631 0.5664
vn 0.6468 0.5534 0.5247
vn 0.8397 0.4576 -0.2923
vn 0.0139 -0.9989 0.0442
vn 0.0683 -0.9976 0.0127
vn 0.8542 0.4797 0.2002
vn 0.1251 0.6090 0.7832
vn 0.0872 0.8660 0.4924
vn 0.7422 0.6616 -0.1066
vn 0.6138 0.3785 0.6928
vn 0.7181 0.3269 0.6144
vn 0.3067 -0.8846 0.3511
vn 0.0647 -0.9916 0.1116
vn 0.8125 0.4583 -0.3603
vn 0.6888 0.5591 0.4614
vn 0.7035 0.5982 0.3836
vn 0.7676 0.4748 -0.4305
vn -0.9052 -0.1298 0.4047
vn -0.6340 -0.5293 0.5637
vn -0.9832 0.1163 0.1402
vn -0.0653 -0.9559 -0.2864
vn -0.3532 -0.8528 -0.3847
vn -0.7922 0.4662 -0.3938
vn -0.6758 0.6236 0.3930
vn -0.6594 0.5723 0.4875
vn -0.6944 0.5185 -0.4988
vn -0.8123 0.4428 -0.3796
vn -0.7209 0.6187 0.3123
vn 0.8084 -0.4323 0.3994
vn 0.1784 -0.9128 -0.3673
vn 0.8803 -0.3951 0.2624
vn -0.4837 0.7780 0.4008
vn 0.0510 0.9961 -0.0720
vn -0.0718 0.9871 -0.1433
vn -0.5543 0.7377 0.3853
vn 0.0193 -0.9997 -0.0142
vn 0.0304 -0.9989 0.0352
vn 0.0216 -0.9995 -0.0214
vn 0.0424 -0.9991 -0.0019
vn 0.0331 -0.9994 0.0038
vn 0.0713 -0.9941 0.0816
vn 0.0719 -0.9943 0.0790
vn -0.3730 -0.9101 0.1804
vn -0.3518 -0.8876 0.2973
vn 0.7551 -0.6289 0.1849
vn 0.9641 -0.2571 0.0660
vn -0.0102 -0.9485 -0.3166
vn 0.0142 -0.9797 -0.1997
vn -0.8528 0.2547 0.4558
vn -0.0280 0.2506 0.9677
vn 0.0915 0.4762 0.8745
vn -0.7788 0.5324 0.3316
vn -0.0966 -0.9949 -0.0276
vn -0.1638 -0.9859 -0.0341
vn 0.1490 0.8475 0.5094
vn -0.3240 0.9436 -0.0674
vn -0.0054 -0.9919 -0.1267
vn 0.1512 0.7053 0.6926
vn -0.3199 0.9374 0.1375
vn -0.3298 0.9300 0.1621
vn 0.1911 0.6831 0.7049
vn -0.7438 -0.6555 0.1304
vn -0.6887 -0.7155 0.1175
vn -0.4099 -0.9119 0.0196
vn -0.2472 -0.9646 0.0920
vn 0.1867 -0.9822 -0.0172
vn 0.1805 -0.9792 -0.0923
vn 0.1206 -0.9867 -0.1087
vn -0.1898 -0.9732 -0.1300
vn -0.0565 -0.9982 -0.0200
vn -0.0537 -0.9691 -0.2407
vn -0.0535 -0.9531 -0.2977
vn 0.0218 0.7030 0.7108
vn -0.3092 0.9499 0.0440
vn 0.6191 0.7784 0.1033
vn -0.0840 0.9964 0.0066
vn -0.1190 0.9752 0.1868
vn 0.6124 0.7691 0.1830
vn 0.8516 -0.1124 0.5119
vn 0.7423 -0.6000 0.2983
vn -0.1865 -0.8814 0.4339
vn -0.1820 -0.9412 0.2845
vn 0.2959 -0.9531 -0.0629
vn 0.2241 -0.9745 0.0082
vn -0.0479 -0.9987 -0.0186
vn 0.6653 0.7361 -0.1247
vn 0.1064 0.9127 0.3945
vn 0.3024 0.7049 0.6416
vn 0.8068 0.5878 0.0587
vn -0.0730 -0.9945 -0.0744
vn -0.0512 -0.9927 -0.1088
vn -0.3448 0.2908 -0.8925
vn -0.6554 -0.5871 -0.4751
vn -0.1672 0.7237 -0.6696
vn 0.6897 0.5044 -0.5194
vn 0.6865 0.6569 0.3116
vn 0.6775 0.6889 0.2577
vn 0.6151 0.5192 -0.5932
vn -0.5282 0.8279 0.1885
vn 0.1241 0.9865 0.1062
vn 0.0245 0.9899 -0.1397
vn -0.5104 0.8261 0.2387
vn -0.5647 0.7458 -0.3533
vn 0.0982 0.9949 -0.0204
vn 0.1776 -0.8932 0.4131
vn 0.1458 -0.9502 0.2753
vn -0.4816 -0.8710 0.0967
vn -0.3200 -0.9174 0.2365
vn 0.0055 -0.9989 0.0457
vn -0.0128 -0.9997 0.0187
vn 0.0771 0.5431 -0.8361
vn 0.1971 0.9734 0.1165
vn -0.6678 0.7406 -0.0739
vn -0.4758 0.4156 -0.7752
vn -0.7824 0.5508 -0.2907
vn -0.5803 0.6214 0.5264
vn -0.2855 0.8869 0.3631
vn -0.6673 0.7393 -0.0898
vn 0.0865 -0.9827 0.1637
vn -0.5219 0.6653 0.5337
vn 0.1852 0.9823 -0.0261
vn 0.6611 0.7338 0.1562
vn -0.2651 0.6771 0.6864
vn -0.9813 0.0544 0.1848
vn -0.2646 -0.9270 0.2657
vn -0.2043 -0.9679 0.1461
vn -0.5338 0.8454 -0.0190
vn 0.1162 0.9481 0.2959
vn 0.9178 -0.3962 0.0262
vn -0.4112 0.4542 0.7903
vn -0.7641 0.6371 0.1005
vn 0.2538 -0.9554 -0.1508
vn -0.6966 -0.6757 0.2409
vn -0.9855 -0.1662 0.0324
vn -0.3494 -0.9366 -0.0259
vn -0.1454 -0.9893 -0.0068
vn -0.1090 -0.9850 0.1341
vn -0.7869 0.4242 -0.4482
vn -0.7642 0.5956 0.2475
vn -0.7823 -0.6142 0.1035
vn -0.5246 -0.8505 -0.0383
vn 0.3672 0.6722 0.6428
vn -0.3666 0.8853 0.2861
vn 0.2348 0.6756 0.6988
vn -0.3864 0.8823 0.2687
vn -0.2416 -0.9523 -0.1864
vn -0.0487 -0.9906 -0.1280
vn 0.2206 -0.9753 0.0053
vn 0.6611 -0.7357 0.1470
vn -0.0365 -0.9638 0.2640
vn 0.0512 -0.9775 -0.2046
vn 0.1743 -0.9706 0.1656
vn 0.2460 -0.9409 0.2327
vn 0.5909 0.6679 0.4524
vn -0.1302 0.8131 0.5674
vn 0.3559 -0.9271 -0.1175
vn 0.0341 -0.8933 -0.4481
vn 0.1421 -0.9894 0.0299
vn -0.0232 -0.9928 -0.1170
vn 0.0850 -0.9908 0.1054
vn 0.2008 -0.9571 -0.2090
vn 0.9210 0.3861 0.0520
vn 0.4681 0.4615 0.7536
vn -0.0345 -0.9909 -0.1301
vn -0.7039 0.2846 -0.6507
vn -0.9062 0.4204 -0.0457
vn -0.5437 0.7548 0.3670
vn -0.0646 0.9546 -0.2907
vn 0.0323 -0.9995 -0.0057
vn -0.1729 -0.9817 0.0795
vn -0.1530 0.7900 -0.5937
vn 0.1884 0.6852 0.7035
vn -0.3453 0.9174 0.1978
vn -0.6561 0.7345 -0.1730
vn -0.0352 0.9814 0.1883
vn 0.0514 0.5833 0.8106
vn 0.8420 0.5142 0.1629
vn 0.0408 -0.9991 0.0116
vn -0.9610 -0.2758 0.0207
vn -0.2803 -0.9585 -0.0514
vn -0.1327 -0.9878 0.0815
vn -0.0312 -0.9995 -0.0024
vn -0.3726 -0.0084 -0.9279
vn -0.0408 0.0147 -0.9991
vn -0.4941 -0.0280 -0.8689
vn 0.2758 0.1186 0.9539
vn 0.2012 0.0833 0.9760
vn -0.0601 0.1343 0.9891
vn 0.3358 0.0396 0.9411
vn 0.4063 0.0335 0.9131
vn 0.2810 0.0451 0.9586
vn -0.4834 0.0444 -0.8742
vn -0.7737 0.0513 -0.6314
vn -0.3657 0.0313 -0.9302
vn -0.5534 0.0259 -0.8325
vn -0.5055 0.0185 -0.8626
vn -0.5734 0.0357 -0.8185
vn -0.2933 0.0536 0.9545
vn -0.2479 0.0445 0.9677
vn -0.4556 0.0552 0.8885
vn -0.9999 0.0128 0.0038
vn -0.9987 0.0244 0.0433
vn -0.9804 0.0040 -0.1966
vn -0.3734 -0.0491 -0.9263
vn -0.0515 -0.0635 -0.9966
vn -0.2871 0.0445 0.9568
vn -0.3674 0.0643 0.9278
vn -0.9188 0.0172 -0.3942
vn -0.9801 0.0052 -0.1982
vn -0.9333 0.0270 -0.3580
vn 0.7652 0.0014 0.6438
vn 0.9114 0.0042 0.4114
vn 0.8064 0.0017 0.5914
vn 0.8682 -0.0009 -0.4962
vn 0.8047 0.0129 -0.5935
vn 0.8297 -0.0069 -0.5582
vn -0.9367 0.0406 -0.3477
vn 0.1683 0.0267 0.9854
vn 0.6376 0.0292 0.7698
vn 0.1683 0.0256 0.9854
vn -0.4425 0.0500 -0.8954
vn -0.0735 0.0547 -0.9958
vn -0.7606 0.0480 0.6475
vn -0.7354 0.0330 0.6768
vn -0.9193 0.0587 0.3891
vn 0.1437 0.0382 -0.9889
vn 0.7138 -0.0032 -0.7003
vn 0.5627 -0.0355 -0.8259
vn 0.7247 0.0199 -0.6887
vn -0.9992 -0.0112 -0.0371
vn -0.9817 -0.0189 -0.1893
vn -0.3743 0.1018 0.9217
vn 0.8920 0.0277 0.4511
vn 0.8997 0.0210 0.4359
vn 0.9080 0.0284 0.4181
vn 0.7244 0.0238 -0.6890
vn -0.4620 0.0151 -0.8867
vn -0.4232 0.0168 -0.9059
vn -0.7465 0.0234 0.6650
vn -0.7035 0.0205 0.7104
vn 0.6481 0.0092 -0.7615
vn 0.6544 0.0076 -0.7561
vn 0.8186 0.0061 -0.5743
vn 0.8915 0.0284 0.4521
vn 0.2143 0.0435 0.9758
vn 0.1295 0.0413 0.9907
vn 0.9942 0.0045 -0.1072
vn -0.9426 -0.0103 -0.3337
vn 0.0976 0.0498 0.9940
vn 0.2853 -0.0594 -0.9566
vn -0.5802 0.0460 0.8132
vn -0.6144 0.0340 0.7882
vn 0.8881 0.0105 0.4595
vn -0.6420 0.0249 0.7663
vn 0.7380 -0.0005 -0.6747
vn -0.3797 0.0220 -0.9249
vn 0.3892 0.0299 0.9207
vn -0.9940 0.0457 0.0989
vn 0.8887 0.4584 -0.0082
vn 0.7902 0.5932 -0.1542
vn 0.7453 0.6635 0.0660
vn 0.8232 0.5460 0.1556
vn 0.6370 0.7570 0.1454
vn 0.7949 0.6045 -0.0515
vn 0.2977 0.9002 0.3177
vn 0.2429 0.8390 0.4867
vn -0.0753 0.9249 0.3726
vn -0.0259 0.9840 0.1762
vn -0.2659 0.8997 0.3459
vn 0.0206 0.8397 0.5426
vn -0.5045 0.8597 -0.0796
vn -0.5594 0.8287 0.0144
vn -0.3646 0.8979 0.2467
vn -0.3243 0.9289 0.1789
vn -0.3091 0.9399 0.1451
vn -0.4810 0.8687 -0.1182
vn 0.1874 0.8322 -0.5218
vn 0.3403 0.8801 -0.3309
vn 0.0865 0.9939 -0.0680
vn -0.0544 0.9602 -0.2740
vn 0.0283 0.9907 -0.1333
vn 0.3408 0.8759 -0.3416
vn -0.8835 0.4630 0.0710
vn -0.8499 0.4876 0.1997
vn -0.8817 0.4687 0.0537
vn -0.8912 0.4516 -0.0430
vn -0.6438 0.7621 -0.0684
vn -0.6540 0.7535 0.0665
vn 0.3225 0.4832 0.8139
vn 0.4098 0.4682 0.7828
vn 0.5212 0.4853 0.7020
vn 0.4569 0.4934 0.7401
vn 0.2884 0.7309 0.6185
vn 0.0991 0.7050 0.7022
vn -0.4052 0.7752 0.4846
vn -0.2779 0.4801 0.8320
vn -0.0743 0.4811 0.8735
vn -0.1284 0.8314 0.5406
vn -0.1163 0.9782 0.1718
vn -0.4503 0.8810 0.1450
vn -0.5668 0.8215 0.0614
vn -0.4830 0.8746 -0.0420
vn -0.2223 0.9639 0.1464
vn -0.3466 0.9003 0.2632
vn -0.6384 0.6285 0.4443
vn -0.5637 0.6467 0.5138
vn -0.6941 0.6521 0.3051
vn -0.7382 0.6293 0.2430
vn -0.7626 0.6188 0.1884
vn -0.6845 0.6216 0.3808
vn -0.7459 0.6405 -0.1827
vn -0.6663 0.7162 -0.2073
vn -0.6475 0.7546 0.1061
vn -0.7367 0.6699 0.0920
vn -0.6767 0.7355 0.0326
vn -0.7187 0.6695 -0.1874
vn 0.3800 0.8392 0.3889
vn 0.5271 0.8075 0.2648
vn 0.0988 0.9950 -0.0143
vn 0.1171 0.9500 0.2893
vn 0.0930 0.5028 0.8594
vn 0.2532 0.4603 0.8509
vn 0.4420 0.8512 -0.2831
vn 0.1775 0.9837 -0.0286
vn -0.0603 0.9887 -0.1371
vn 0.2196 0.8922 -0.3946
vn -0.4156 0.5993 0.6842
vn -0.5585 0.6527 0.5119
vn -0.6377 0.6050 0.4767
vn -0.5366 0.5515 0.6386
vn 0.1828 0.9421 0.2810
vn 0.1906 0.9751 0.1131
vn 0.6479 0.7198 0.2491
vn 0.6086 0.7092 0.3558
vn 0.5160 0.8560 0.0313
vn 0.1213 0.9879 0.0967
vn 0.6128 0.6745 0.4117
vn 0.6590 0.6888 0.3019
vn 0.6796 0.6314 0.3734
vn 0.6211 0.6181 0.4818
vn -0.1268 0.8586 0.4967
vn 0.0949 0.9242 0.3699
vn 0.0778 0.8816 0.4654
vn -0.1537 0.7977 0.5831
vn -0.4321 0.9012 -0.0324
vn -0.0840 0.9964 0.0054
vn -0.0328 0.9909 -0.1305
vn -0.3861 0.9037 -0.1852
vn -0.3695 0.8801 -0.2983
vn -0.3764 0.8822 -0.2828
vn -0.2715 0.9615 0.0428
vn -0.2875 0.9572 0.0344
vn -0.2962 0.9548 0.0252
vn -0.3663 0.8802 -0.3016
vn -0.4629 0.8711 -0.1640
vn -0.2994 0.9463 0.1221
vn -0.2732 0.9581 0.0860
vn -0.4149 0.8825 -0.2215
vn -0.5188 0.7860 -0.3362
vn -0.6540 0.7112 -0.2577
vn -0.4364 0.8983 -0.0519
vn -0.3061 0.9495 -0.0683
vn 0.0061 0.9972 -0.0745
vn -0.1173 0.8777 -0.4647
vn 0.1201 0.2557 0.9593
vn -0.0255 0.2716 0.9620
vn -0.1263 0.3631 0.9232
vn 0.0372 0.3268 0.9443
vn 0.3341 0.8872 -0.3181
vn 0.0528 0.9960 -0.0713
vn 0.2465 0.9642 0.0979
vn 0.5067 0.8506 -0.1402
vn -0.5167 0.6318 0.5777
vn -0.6498 0.6565 0.3830
vn 0.5957 0.5795 0.5561
vn 0.6678 0.5926 0.4503
vn 0.6272 0.5869 0.5120
vn 0.5407 0.5723 0.6164
vn -0.0715 0.5830 0.8093
vn 0.1175 0.6397 0.7595
vn 0.0872 0.3979 0.9132
vn -0.0484 0.3731 0.9265
vn 0.4843 0.5810 0.6541
vn 0.5826 0.5966 0.5520
vn 0.5483 0.5986 0.5839
vn 0.4448 0.5797 0.6827
vn -0.3420 0.8988 -0.2740
vn 0.0053 0.9816 -0.1906
vn -0.0074 0.9893 -0.1454
vn -0.3337 0.9022 -0.2732
vn -0.3848 0.8862 -0.2580
vn -0.2616 0.9634 0.0576
vn 0.4347 0.8206 -0.3711
vn 0.4125 0.9104 -0.0312
vn 0.0903 0.5849 0.8060
vn -0.1567 0.6626 0.7324
vn 0.5529 0.8304 -0.0689
vn 0.2899 0.9432 0.1622
vn -0.7494 0.5831 0.3135
vn -0.8137 0.5663 0.1314
vn 0.4277 0.5351 0.7285
vn 0.5351 0.5576 0.6345
vn -0.1165 0.3083 0.9441
vn 0.0152 0.3112 0.9502
vn -0.3758 0.9064 -0.1929
vn -0.0819 0.9963 -0.0242
vn -0.6432 0.7312 -0.2271
vn -0.5206 0.8535 -0.0246
vn -0.4830 0.8300 -0.2789
vn -0.4300 0.9010 0.0574
vn 0.8328 0.5301 0.1593
vn 0.7578 0.6488 0.0689
vn 0.6492 0.7455 0.1508
vn -0.0305 0.9828 0.1821
vn -0.0811 0.9196 0.3842
vn -0.2755 0.8936 0.3543
vn -0.3347 0.9233 0.1882
vn -0.3754 0.8903 0.2576
vn -0.3193 0.9351 0.1535
vn -0.0594 0.9575 -0.2823
vn 0.0873 0.9938 -0.0680
vn 0.0265 0.9903 -0.1363
vn -0.8989 0.4358 -0.0444
vn -0.8900 0.4527 0.0531
vn -0.6559 0.7515 -0.0712
vn 0.4627 0.4773 0.7470
vn 0.5274 0.4693 0.7082
vn 0.2955 0.7180 0.6302
vn -0.1293 0.8224 0.5541
vn -0.0736 0.4661 0.8816
vn -0.1176 0.9767 0.1791
vn -0.3565 0.8930 0.2746
vn -0.2286 0.9612 0.1541
vn -0.7514 0.6125 0.2453
vn -0.7077 0.6355 0.3088
vn -0.7757 0.6019 0.1897
vn -0.7507 0.6535 0.0963
vn -0.6626 0.7406 0.1115
vn -0.6917 0.7212 0.0360
vn 0.1166 0.9494 0.2917
vn 0.0986 0.9950 -0.0167
vn 0.0922 0.4890 0.8673
vn 0.1817 0.9830 -0.0272
vn -0.0660 0.9879 -0.1402
vn -0.5695 0.6372 0.5192
vn -0.6489 0.5885 0.4823
vn 0.1942 0.9742 0.1149
vn 0.6629 0.7045 0.2535
vn 0.1226 0.9872 0.1012
vn 0.6730 0.6730 0.3068
vn 0.6917 0.6149 0.3786
vn 0.1005 0.9186 0.3820
vn 0.0825 0.8740 0.4789
vn -0.0840 0.9964 0.0059
vn -0.0307 0.9903 -0.1355
vn -0.2982 0.9537 0.0391
vn -0.2815 0.9584 0.0478
vn -0.3074 0.9511 0.0297
vn -0.3095 0.9420 0.1297
vn -0.2828 0.9547 0.0925
vn -0.3146 0.9468 -0.0679
vn -0.4485 0.8923 -0.0507
vn 0.0076 0.9972 -0.0743
vn -0.0267 0.2609 0.9650
vn -0.1285 0.3499 0.9279
vn 0.0518 0.9961 -0.0717
vn 0.2530 0.9618 0.1040
vn -0.6630 0.6401 0.3881
vn 0.6785 0.5759 0.4560
vn 0.6372 0.5702 0.5185
vn 0.1213 0.6245 0.7715
vn 0.0890 0.3838 0.9191
vn 0.5923 0.5799 0.5593
vn 0.5577 0.5819 0.5919
vn 0.0089 0.9802 -0.1978
vn -0.0045 0.9886 -0.1503
vn -0.2710 0.9605 0.0632
vn 0.4250 0.9047 -0.0296
vn -0.1621 0.6485 0.7438
vn 0.2982 0.9390 0.1711
vn -0.8250 0.5495 0.1317
vn 0.5432 0.5411 0.6419
vn 0.0163 0.2991 0.9540
vn -0.0825 0.9963 -0.0235
vn -0.5346 0.8448 -0.0225
vn -0.4441 0.8938 0.0625
usemtl cartoon_tree_stump_v6_mat
s 1
f 1/1/1 1582/2/2 2200/3/3 1508/4/4
f 1/1/1 1508/4/4 1785/5/5 628/6/6
f 1/1/1 628/6/6 1784/7/7 643/8/8
f 1/1/1 643/8/8 2199/9/9 1582/2/2
f 2/10/10 1581/11/11 2202/12/12 1510/13/13
f 2/10/10 1510/13/13 1794/14/14 637/15/15
f 2/10/10 637/15/15 1793/16/16 645/17/17
f 2/10/10 645/17/17 2201/18/18 1581/11/11
f 3/19/19 1580/20/20 2233/21/21 1541/22/22
f 3/19/19 1541/22/22 1932/23/23 622/24/24
f 3/19/19 622/24/24 1778/25/25 647/26/26
f 3/19/19 647/26/26 2203/27/27 1580/20/20
f 4/28/28 1579/29/29 2206/30/30 1514/31/31
f 4/28/28 1514/31/31 1770/32/32 613/33/33
f 4/28/28 613/33/33 1769/34/34 649/35/35
f 4/28/28 649/35/35 2205/36/36 1579/29/29
f 5/37/37 1578/38/38 2208/39/39 1516/40/40
f 5/37/37 1516/40/40 1788/41/41 631/42/42
f 5/37/37 631/42/42 1787/43/43 651/44/44
f 5/37/37 651/44/44 2207/45/45 1578/38/38
f 6/46/46 1577/47/47 2210/48/48 1518/49/49
f 6/46/46 1518/49/49 1798/50/50 641/51/51
f 6/46/46 641/51/51 1797/52/52 653/53/53
f 6/46/46 653/53/53 2209/54/54 1577/47/47
f 7/55/55 1576/56/56 2231/57/57 1539/58/58
f 7/55/55 1539/58/58 1870/59/59 632/60/60
f 7/55/55 632/60/60 1788/41/41 1516/40/40
f 7/55/55 1516/40/40 2208/39/39 1576/56/56
f 8/61/61 1575/62/62 2213/63/63 1521/64/64
f 8/61/61 1521/64/64 1774/65/65 617/66/66
f 8/61/61 617/66/66 1773/67/67 656/68/68
f 8/61/61 656/68/68 2212/69/69 1575/62/62
f 9/70/70 1574/71/71 2215/72/72 1523/73/73
f 9/70/70 1523/73/73 1792/74/74 635/75/75
f 9/70/70 635/75/75 1791/76/76 658/77/77
f 9/70/70 658/77/77 2214/78/78 1574/71/71
f 10/79/79 1573/80/80 2217/81/81 1525/82/82
f 10/79/79 1525/82/82 1783/83/83 626/84/84
f 10/79/79 626/84/84 1782/85/85 660/86/86
f 10/79/79 660/86/86 2216/87/87 1573/80/80
f 11/88/88 1572/89/89 2219/90/90 1527/91/91
f 11/88/88 1527/91/91 1768/92/92 611/93/93
f 11/88/88 611/93/93 1767/94/94 662/95/95
f 11/88/88 662/95/95 2218/96/96 1572/89/89
f 12/97/97 1571/98/98 2234/99/99 1542/100/100
f 12/97/97 1542/100/100 1936/101/101 636/102/102
f 12/97/97 636/102/102 1792/74/74 1523/73/73
f 12/97/97 1523/73/73 2215/72/72 1571/98/98
f 13/103/103 1570/104/104 2221/105/105 1529/106/106
f 13/103/103 1529/106/106 1796/107/107 639/108/108
f 13/103/103 639/108/108 1795/109/109 664/110/110
f 13/103/103 664/110/110 2220/111/111 1570/104/104
f 14/112/112 1569/113/113 2205/36/36 649/35/35
f 14/112/112 649/35/35 1769/34/34 612/114/114
f 14/112/112 612/114/114 1768/92/92 1527/91/91
f 14/112/112 1527/91/91 2219/90/90 1569/113/113
f 15/115/115 1568/116/116 2207/45/45 651/44/44
f 15/115/115 651/44/44 1787/43/43 630/117/117
f 15/115/115 630/117/117 1786/118/118 666/119/119
f 15/115/115 666/119/119 2222/120/120 1568/116/116
f 16/121/121 1567/122/122 2203/27/27 647/26/26
f 16/121/121 647/26/26 1778/25/25 621/123/123
f 16/124/121 621/125/123 1777/126/124 667/127/125
f 16/124/121 667/127/125 2223/128/126 1567/129/122
f 17/130/127 1566/131/128 2225/132/129 1533/133/130
f 17/130/127 1533/133/130 1772/134/131 615/135/132
f 17/130/127 615/135/132 1771/136/133 668/137/134
f 17/130/127 668/137/134 2224/138/135 1566/131/128
f 18/139/136 1565/140/137 2209/54/54 653/53/53
f 18/139/136 653/53/53 1797/52/52 640/141/138
f 18/139/136 640/141/138 1796/107/107 1529/106/106
f 18/139/136 1529/106/106 2221/105/105 1565/140/137
f 19/142/139 1564/143/140 2235/144/141 1543/145/142
f 19/142/139 1543/145/142 1944/146/143 634/147/144
f 19/142/139 634/147/144 1790/148/145 670/149/146
f 19/142/139 670/149/146 2226/150/147 1564/143/140
f 20/151/148 1563/152/149 2216/87/87 660/86/86
f 20/151/148 660/86/86 1782/85/85 625/153/150
f 20/151/148 625/153/150 1781/154/151 671/155/152
f 20/151/148 671/155/152 2227/156/153 1563/152/149
f 21/157/154 1562/158/155 2212/69/69 656/68/68
f 21/157/154 656/68/68 1773/67/67 616/159/156
f 21/157/154 616/159/156 1772/134/131 1533/133/130
f 21/157/154 1533/133/130 2225/132/129 1562/158/155
f 22/160/157 1561/161/158 2229/162/159 1537/163/160
f 22/160/157 1537/163/160 1776/164/161 619/165/162
f 22/160/157 619/165/162 1775/166/163 672/167/164
f 22/160/157 672/167/164 2228/168/165 1561/161/158
f 23/169/166 1560/170/167 2222/120/120 666/119/119
f 23/169/166 666/119/119 1786/118/118 629/171/168
f 23/169/166 629/171/168 1785/5/5 1508/4/4
f 23/169/166 1508/4/4 2200/3/3 1560/170/167
f 24/172/169 1559/173/170 2232/174/171 1540/175/172
f 24/172/169 1540/175/172 1925/176/173 620/177/174
f 24/172/169 620/177/174 1776/164/161 1537/163/160
f 24/172/169 1537/163/160 2229/162/159 1559/173/170
f 25/178/175 1558/179/176 2220/111/111 664/110/110
f 25/178/175 664/110/110 1795/109/109 638/180/177
f 25/178/175 638/180/177 1794/14/14 1510/13/13
f 25/178/175 1510/13/13 2202/12/12 1558/179/176
f 26/181/178 1557/182/179 2230/183/180 1538/184/181
f 26/181/178 1538/184/181 1780/185/182 623/186/183
f 26/181/178 623/186/183 1779/187/184 1512/188/185
f 26/181/178 1512/188/185 2204/189/186 1557/182/179
f 27/190/187 1556/191/188 2224/138/135 668/137/134
f 27/190/187 668/137/134 1771/136/133 614/192/189
f 27/190/187 614/192/189 1770/32/32 1514/31/31
f 27/190/187 1514/31/31 2206/30/30 1556/191/188
f 28/193/190 1555/194/191 2218/96/96 662/95/95
f 28/193/190 662/95/95 1767/94/94 642/195/192
f 28/193/190 642/195/192 1798/50/50 1518/49/49
f 28/193/190 1518/49/49 2210/48/48 1555/194/191
f 29/196/193 1554/197/194 2227/156/153 671/155/152
f 29/196/193 671/155/152 1781/154/151 624/198/195
f 29/196/193 624/198/195 1780/185/182 1538/184/181
f 29/196/193 1538/184/181 2230/183/180 1554/197/194
f 30/199/196 1553/200/197 2226/150/147 670/149/146
f 30/199/196 670/149/146 1790/148/145 633/201/198
f 30/199/196 633/201/198 1789/202/199 1519/203/200
f 30/199/196 1519/203/200 2211/204/201 1553/200/197
f 31/205/202 1552/206/203 2236/207/204 1544/208/205
f 31/205/202 1544/208/205 1949/209/206 618/210/207
f 31/205/202 618/210/207 1774/65/65 1521/64/64
f 31/205/202 1521/64/64 2213/63/63 1552/206/203
f 32/211/208 1551/212/209 2199/9/9 643/8/8
f 32/211/208 643/8/8 1784/7/7 627/213/210
f 32/211/208 627/213/210 1783/83/83 1525/82/82
f 32/211/208 1525/82/82 2217/81/81 1551/212/209
f 33/214/211 605/215/212 1761/216/213 708/217/214
f 33/214/211 708/217/214 1825/218/215 701/219/216
f 33/214/211 701/219/216 1826/220/217 707/221/218
f 33/214/211 707/221/218 1762/222/219 605/215/212
f 34/223/220 596/224/221 1752/225/222 710/226/223
f 34/223/220 710/226/223 1816/227/224 692/228/225
f 34/223/220 692/228/225 1817/229/226 709/230/227
f 34/223/220 709/230/227 1753/231/228 596/224/221
f 35/232/229 599/233/230 1755/234/231 712/235/232
f 35/232/229 712/235/232 1819/236/233 695/237/234
f 35/232/229 695/237/234 1820/238/235 711/239/236
f 35/232/229 711/239/236 1756/240/237 599/233/230
f 36/241/238 918/242/239 1931/243/240 923/244/241
f 36/241/238 923/244/241 1933/245/242 920/246/243
f 36/241/238 920/246/243 1811/247/244 713/248/245
f 36/241/238 713/248/245 1747/249/246 918/242/239
f 37/250/247 581/251/248 1737/252/249 716/253/250
f 37/250/247 716/253/250 1801/254/251 677/255/252
f 37/250/247 677/255/252 1802/256/253 715/257/254
f 37/250/247 715/257/254 1738/258/255 581/251/248
f 38/259/256 609/260/257 1765/261/258 718/262/259
f 38/259/256 718/262/259 1829/263/260 705/264/261
f 38/259/256 705/264/261 1830/265/262 717/266/263
f 38/259/256 717/266/263 1766/267/264 609/260/257
f 39/268/265 812/269/266 1869/270/267 821/271/268
f 39/268/265 821/271/268 1871/272/269 814/273/270
f 39/268/265 814/273/270 1821/274/271 719/275/272
f 39/268/265 719/275/272 1757/276/273 812/269/266
f 40/277/274 594/278/275 1750/279/276 721/280/277
f 40/277/274 721/280/277 1814/281/278 690/282/279
f 40/277/274 690/282/279 1815/283/280 720/284/281
f 40/277/274 720/284/281 1751/285/282 594/278/275
f 41/286/283 585/287/284 1741/288/285 723/289/286
f 41/286/283 723/289/286 1805/290/287 681/291/288
f 41/286/283 681/291/288 1806/292/289 722/293/290
f 41/286/283 722/293/290 1742/294/291 585/287/284
f 42/295/292 603/296/293 1759/297/294 725/298/295
f 42/295/292 725/298/295 1823/299/296 699/300/297
f 42/295/292 699/300/297 1824/301/298 724/302/299
f 42/295/292 724/302/299 1760/303/300 603/296/293
f 43/304/301 579/305/302 1735/306/303 727/307/304
f 43/304/301 727/307/304 1799/308/305 675/309/306
f 43/304/301 675/309/306 1800/310/307 726/311/308
f 43/304/301 726/311/308 1736/312/309 579/305/302
f 44/313/310 925/314/311 1935/315/312 938/316/313
f 44/313/310 938/316/313 1937/317/314 927/318/315
f 44/313/310 927/318/315 1825/218/215 708/217/214
f 44/313/310 708/217/214 1761/216/213 925/314/311
f 45/319/316 607/320/317 1763/321/318 729/322/319
f 45/319/316 729/322/319 1827/323/320 703/324/321
f 45/319/316 703/324/321 1828/325/322 728/326/323
f 45/319/316 728/326/323 1764/327/324 607/320/317
f 46/328/325 589/329/326 1745/330/327 730/331/328
f 46/328/325 730/331/328 1809/332/329 685/333/330
f 46/334/325 685/335/330 1810/336/331 714/337/332
f 46/334/325 714/337/332 1746/338/333 589/339/326
f 47/340/334 580/341/335 1736/312/309 726/311/308
f 47/340/334 726/311/308 1800/310/307 676/342/336
f 47/340/334 676/342/336 1801/254/251 716/253/250
f 47/340/334 716/253/250 1737/252/249 580/341/335
f 48/343/337 598/344/338 1754/345/339 731/346/340
f 48/343/337 731/346/340 1818/347/341 694/348/342
f 48/343/337 694/348/342 1819/236/233 712/235/232
f 48/343/337 712/235/232 1755/234/231 598/344/338
f 49/349/343 583/350/344 1739/351/345 733/352/346
f 49/349/343 733/352/346 1803/353/347 679/354/348
f 49/349/343 679/354/348 1804/355/349 732/356/350
f 49/349/343 732/356/350 1740/357/351 583/350/344
f 50/358/352 608/359/353 1764/327/324 728/326/323
f 50/358/352 728/326/323 1828/325/322 704/360/354
f 50/358/352 704/360/354 1829/263/260 718/262/259
f 50/358/352 718/262/259 1765/261/258 608/359/353
f 51/361/355 593/362/356 1749/363/357 734/364/358
f 51/361/355 734/364/358 1813/365/359 689/366/360
f 51/361/355 689/366/360 1814/281/278 721/280/277
f 51/361/355 721/280/277 1750/279/276 593/362/356
f 52/367/361 584/368/362 1740/357/351 732/356/350
f 52/367/361 732/356/350 1804/355/349 680/369/363
f 52/367/361 680/369/363 1805/290/287 723/289/286
f 52/367/361 723/289/286 1741/288/285 584/368/362
f 53/370/364 940/371/365 1943/372/366 947/373/367
f 53/370/364 947/373/367 1945/374/368 942/375/369
f 53/370/364 942/375/369 1823/299/296 725/298/295
f 53/370/364 725/298/295 1759/297/294 940/371/365
f 54/376/370 587/377/371 1743/378/372 737/379/373
f 54/376/370 737/379/373 1807/380/374 683/381/375
f 54/376/370 683/381/375 1808/382/376 736/383/377
f 54/376/370 736/383/377 1744/384/378 587/377/371
f 55/385/379 905/386/380 1924/387/381 916/388/382
f 55/385/379 916/388/382 1926/389/383 907/390/384
f 55/385/379 907/390/384 1809/332/329 730/331/328
f 55/385/379 730/331/328 1745/330/327 905/386/380
f 56/391/385 606/392/386 1762/222/219 707/221/218
f 56/391/385 707/221/218 1826/220/217 702/393/387
f 56/391/385 702/393/387 1827/323/320 729/322/319
f 56/391/385 729/322/319 1763/321/318 606/392/386
f 57/394/388 597/395/389 1753/231/228 709/230/227
f 57/394/388 709/230/227 1817/229/226 693/396/390
f 57/394/388 693/396/390 1818/347/341 731/346/340
f 57/394/388 731/346/340 1754/345/339 597/395/389
f 58/397/391 582/398/392 1738/258/255 715/257/254
f 58/397/391 715/257/254 1802/256/253 678/399/393
f 58/397/391 678/399/393 1803/353/347 733/352/346
f 58/397/391 733/352/346 1739/351/345 582/398/392
f 59/400/394 591/401/395 1747/249/246 713/248/245
f 59/400/394 713/248/245 1811/247/244 687/402/396
f 59/400/394 687/402/396 1812/403/397 738/404/398
f 59/400/394 738/404/398 1748/405/399 591/401/395
f 60/406/400 610/407/401 1766/267/264 717/266/263
f 60/406/400 717/266/263 1830/265/262 706/408/402
f 60/406/400 706/408/402 1799/308/305 727/307/304
f 60/406/400 727/307/304 1735/306/303 610/407/401
f 61/409/403 601/410/404 1757/276/273 719/275/272
f 61/409/403 719/275/272 1821/274/271 697/411/405
f 61/409/403 697/411/405 1822/412/406 735/413/407
f 61/409/403 735/413/407 1758/414/408 601/410/404
f 62/415/409 592/416/410 1748/405/399 738/404/398
f 62/415/409 738/404/398 1812/403/397 688/417/411
f 62/415/409 688/417/411 1813/365/359 734/364/358
f 62/415/409 734/364/358 1749/363/357 592/416/410
f 63/418/412 595/419/413 1751/285/282 720/284/281
f 63/418/412 720/284/281 1815/283/280 691/420/414
f 63/418/412 691/420/414 1816/227/224 710/226/223
f 63/418/412 710/226/223 1752/225/222 595/419/413
f 64/421/415 949/422/416 1948/423/417 954/424/418
f 64/421/415 954/424/418 1950/425/419 951/426/420
f 64/421/415 951/426/420 1807/380/374 737/379/373
f 64/421/415 737/379/373 1743/378/372 949/422/416
f 65/427/421 705/264/261 1829/263/260 772/428/422
f 65/427/421 772/428/422 1861/429/423 769/430/424
f 65/427/421 769/430/424 1862/431/425 771/432/426
f 65/427/421 771/432/426 1830/265/262 705/264/261
f 66/433/427 814/273/270 1871/272/269 820/434/428
f 66/433/427 820/434/428 1872/435/429 815/436/430
f 66/433/427 815/436/430 1853/437/431 773/438/432
f 66/433/427 773/438/432 1821/274/271 814/273/270
f 67/439/433 690/282/279 1814/281/278 776/440/434
f 67/439/433 776/440/434 1846/441/435 754/442/436
f 67/439/433 754/442/436 1847/443/437 775/444/438
f 67/439/433 775/444/438 1815/283/280 690/282/279
f 68/445/439 681/291/288 1805/290/287 778/446/440
f 68/445/439 778/446/440 1837/447/441 745/448/442
f 68/445/439 745/448/442 1838/449/443 777/450/444
f 68/445/439 777/450/444 1806/292/289 681/291/288
f 69/451/445 699/300/297 1823/299/296 780/452/446
f 69/451/445 780/452/446 1855/453/447 763/454/448
f 69/451/445 763/454/448 1856/455/449 779/456/450
f 69/451/445 779/456/450 1824/301/298 699/300/297
f 70/457/451 675/309/306 1799/308/305 782/458/452
f 70/457/451 782/458/452 1831/459/453 739/460/454
f 70/457/451 739/460/454 1832/461/455 781/462/456
f 70/457/451 781/462/456 1800/310/307 675/309/306
f 71/463/457 927/318/315 1937/317/314 937/464/458
f 71/463/457 937/464/458 1938/465/459 928/466/460
f 71/463/457 928/466/460 1857/467/461 783/468/462
f 71/463/457 783/468/462 1825/218/215 927/318/315
f 72/469/463 703/324/321 1827/323/320 785/470/464
f 72/469/463 785/470/464 1859/471/465 767/472/466
f 72/469/463 767/472/466 1860/473/467 784/474/468
f 72/469/463 784/474/468 1828/325/322 703/324/321
f 73/475/469 685/333/330 1809/332/329 787/476/470
f 73/475/469 787/476/470 1841/477/471 749/478/472
f 73/479/469 749/480/472 1842/481/473 786/482/474
f 73/479/469 786/482/474 1810/336/331 685/335/330
f 74/483/475 676/342/336 1800/310/307 781/462/456
f 74/483/475 781/462/456 1832/461/455 740/484/476
f 74/483/475 740/484/476 1833/485/477 788/486/478
f 74/483/475 788/486/478 1801/254/251 676/342/336
f 75/487/479 694/348/342 1818/347/341 790/488/480
f 75/487/479 790/488/480 1850/489/481 758/490/482
f 75/487/479 758/490/482 1851/491/483 789/492/484
f 75/487/479 789/492/484 1819/236/233 694/348/342
f 76/493/485 679/354/348 1803/353/347 792/494/486
f 76/493/485 792/494/486 1835/495/487 743/496/488
f 76/493/485 743/496/488 1836/497/489 791/498/490
f 76/493/485 791/498/490 1804/355/349 679/354/348
f 77/499/491 704/360/354 1828/325/322 784/474/468
f 77/499/491 784/474/468 1860/473/467 768/500/492
f 77/499/491 768/500/492 1861/429/423 772/428/422
f 77/499/491 772/428/422 1829/263/260 704/360/354
f 78/501/493 680/369/363 1804/355/349 791/498/490
f 78/501/493 791/498/490 1836/497/489 744/502/494
f 78/501/493 744/502/494 1837/447/441 778/446/440
f 78/501/493 778/446/440 1805/290/287 680/369/363
f 79/503/495 942/375/369 1945/374/368 946/504/496
f 79/503/495 946/504/496 1946/505/497 943/506/498
f 79/503/495 943/506/498 1855/453/447 780/452/446
f 79/503/495 780/452/446 1823/299/296 942/375/369
f 80/507/499 689/366/360 1813/365/359 794/508/500
f 80/507/499 794/508/500 1845/509/501 753/510/502
f 80/507/499 753/510/502 1846/441/435 776/440/434
f 80/507/499 776/440/434 1814/281/278 689/366/360
f 81/511/503 683/381/375 1807/380/374 796/512/504
f 81/511/503 796/512/504 1839/513/505 747/514/506
f 81/511/503 747/514/506 1840/515/507 795/516/508
f 81/511/503 795/516/508 1808/382/376 683/381/375
f 82/517/509 702/393/387 1826/220/217 797/518/510
f 82/517/509 797/518/510 1858/519/511 766/520/512
f 82/517/509 766/520/512 1859/471/465 785/470/464
f 82/517/509 785/470/464 1827/323/320 702/393/387
f 83/521/513 693/396/390 1817/229/226 798/522/514
f 83/521/513 798/522/514 1849/523/515 757/524/516
f 83/521/513 757/524/516 1850/489/481 790/488/480
f 83/521/513 790/488/480 1818/347/341 693/396/390
f 84/525/517 907/390/384 1926/389/383 915/526/518
f 84/525/517 915/526/518 1927/527/519 908/528/520
f 84/525/517 908/528/520 1841/477/471 787/476/470
f 84/525/517 787/476/470 1809/332/329 907/390/384
f 85/529/521 687/402/396 1811/247/244 800/530/522
f 85/529/521 800/530/522 1843/531/523 751/532/524
f 85/529/521 751/532/524 1844/533/525 799/534/526
f 85/529/521 799/534/526 1812/403/397 687/402/396
f 86/535/527 678/399/393 1802/256/253 801/536/528
f 86/535/527 801/536/528 1834/537/529 742/538/530
f 86/535/527 742/538/530 1835/495/487 792/494/486
f 86/535/527 792/494/486 1803/353/347 678/399/393
f 87/539/531 706/408/402 1830/265/262 771/432/426
f 87/539/531 771/432/426 1862/431/425 770/540/532
f 87/539/531 770/540/532 1831/459/453 782/458/452
f 87/539/531 782/458/452 1799/308/305 706/408/402
f 88/541/533 697/411/405 1821/274/271 773/438/432
f 88/541/533 773/438/432 1853/437/431 761/542/534
f 88/541/533 761/542/534 1854/543/535 793/544/536
f 88/541/533 793/544/536 1822/412/406 697/411/405
f 89/545/537 688/417/411 1812/403/397 799/534/526
f 89/545/537 799/534/526 1844/533/525 752/546/538
f 89/545/537 752/546/538 1845/509/501 794/508/500
f 89/545/537 794/508/500 1813/365/359 688/417/411
f 90/547/539 691/420/414 1815/283/280 775/444/438
f 90/547/539 775/444/438 1847/443/437 755/548/540
f 90/547/539 755/548/540 1848/549/541 802/550/542
f 90/547/539 802/550/542 1816/227/224 691/420/414
f 91/551/543 951/426/420 1950/425/419 953/552/544
f 91/551/543 953/552/544 1951/553/545 952/554/546
f 91/551/543 952/554/546 1839/513/505 796/512/504
f 91/551/543 796/512/504 1807/380/374 951/426/420
f 92/555/547 692/228/225 1816/227/224 802/550/542
f 92/555/547 802/550/542 1848/549/541 756/556/548
f 92/555/547 756/556/548 1849/523/515 798/522/514
f 92/555/547 798/522/514 1817/229/226 692/228/225
f 93/557/549 701/219/216 1825/218/215 783/468/462
f 93/557/549 783/468/462 1857/467/461 765/558/550
f 93/557/549 765/558/550 1858/519/511 797/518/510
f 93/557/549 797/518/510 1826/220/217 701/219/216
f 94/559/551 695/237/234 1819/236/233 789/492/484
f 94/559/551 789/492/484 1851/491/483 759/560/552
f 94/559/551 759/560/552 1852/561/553 774/562/554
f 94/559/551 774/562/554 1820/238/235 695/237/234
f 95/563/555 920/246/243 1933/245/242 922/564/556
f 95/563/555 922/564/556 1934/565/557 921/566/558
f 95/563/555 921/566/558 1843/531/523 800/530/522
f 95/563/555 800/530/522 1811/247/244 920/246/243
f 96/567/559 677/255/252 1801/254/251 788/486/478
f 96/567/559 788/486/478 1833/485/477 741/568/560
f 96/567/559 741/568/560 1834/537/529 801/536/528
f 96/567/559 801/536/528 1802/256/253 677/255/252
f 97/569/561 819/570/562 1872/435/429 760/571/563
f 97/569/561 760/571/563 1852/561/553 804/572/564
f 97/569/561 804/572/564 1863/573/565 803/574/566
f 97/569/561 803/574/566 1873/575/567 819/570/562
f 98/576/568 818/577/569 1873/575/567 803/574/566
f 98/576/568 803/574/566 1863/573/565 807/578/570
f 98/576/568 807/578/570 1865/579/571 806/580/572
f 98/576/568 806/580/572 1874/581/573 818/577/569
f 99/582/574 945/583/575 1946/505/497 762/584/576
f 99/582/574 762/584/576 1854/543/535 810/585/577
f 99/582/574 810/585/577 1867/586/578 809/587/579
f 99/582/574 809/587/579 1947/588/580 945/583/575
f 100/589/581 808/590/582 1864/591/583 816/592/584
f 100/589/581 816/592/584 1873/575/567 818/577/569
f 100/589/581 818/577/569 1874/581/573 817/593/585
f 100/589/581 817/593/585 1866/594/586 808/590/582
f 101/595/587 805/596/588 1853/437/431 815/436/430
f 101/595/587 815/436/430 1872/435/429 819/570/562
f 101/595/587 819/570/562 1873/575/567 816/592/584
f 101/595/587 816/592/584 1864/591/583 805/596/588
f 102/597/589 696/598/590 1820/238/235 774/562/554
f 102/597/589 774/562/554 1852/561/553 760/571/563
f 102/597/589 760/571/563 1872/435/429 820/434/428
f 102/597/589 820/434/428 1871/272/269 696/598/590
f 103/599/591 600/600/592 1756/240/237 711/239/236
f 103/599/591 711/239/236 1820/238/235 696/598/590
f 103/599/591 696/598/590 1871/272/269 821/271/268
f 103/599/591 821/271/268 1869/270/267 600/600/592
f 104/601/593 1550/602/594 2211/204/201 1519/203/200
f 104/601/593 1519/203/200 1789/202/199 813/603/595
f 104/601/593 813/603/595 1870/59/59 1539/58/58
f 104/601/593 1539/58/58 2231/57/57 1550/602/594
f 105/604/596 936/605/597 1938/465/459 764/606/598
f 105/604/596 764/606/598 1856/455/449 824/607/599
f 105/604/596 824/607/599 1875/608/600 823/609/601
f 105/604/596 823/609/601 1939/610/602 936/605/597
f 106/611/603 935/612/604 1939/610/602 823/609/601
f 106/611/603 823/609/601 1875/608/600 827/613/605
f 106/611/603 827/613/605 1877/614/606 826/615/607
f 106/611/603 826/615/607 1940/616/608 935/612/604
f 107/617/609 934/618/610 1940/616/608 826/615/607
f 107/617/609 826/615/607 1877/614/606 830/619/611
f 107/617/609 830/619/611 1879/620/612 829/621/613
f 107/617/609 829/621/613 1941/622/614 934/618/610
f 108/623/615 933/624/616 1941/622/614 829/621/613
f 108/623/615 829/621/613 1879/620/612 833/625/617
f 108/623/615 833/625/617 1881/626/618 832/627/619
f 108/623/615 832/627/619 1942/628/620 933/624/616
f 109/629/621 838/630/622 1859/471/465 766/520/512
f 109/629/621 766/520/512 1858/519/511 837/631/623
f 109/629/621 837/631/623 1883/632/624 835/633/625
f 109/629/621 835/633/625 1884/634/626 838/630/622
f 110/635/627 839/636/628 1860/473/467 767/472/466
f 110/635/627 767/472/466 1859/471/465 838/630/622
f 110/635/627 838/630/622 1884/634/626 836/637/629
f 110/635/627 836/637/629 1885/638/630 839/636/628
f 111/639/631 843/640/632 1885/638/630 836/637/629
f 111/639/631 836/637/629 1884/634/626 842/641/633
f 111/639/631 842/641/633 1887/642/634 841/643/635
f 111/639/631 841/643/635 1888/644/636 843/640/632
f 112/645/637 842/641/633 1884/634/626 835/633/625
f 112/645/637 835/633/625 1883/632/624 844/646/638
f 112/645/637 844/646/638 1886/647/639 840/648/640
f 112/645/637 840/648/640 1887/642/634 842/641/633
f 113/649/641 848/650/642 1888/644/636 841/643/635
f 113/649/641 841/643/635 1887/642/634 847/651/643
f 113/649/641 847/651/643 1890/652/644 846/653/645
f 113/649/641 846/653/645 1891/654/646 848/650/642
f 114/655/647 847/651/643 1887/642/634 840/648/640
f 114/655/647 840/648/640 1886/647/639 849/656/648
f 114/655/647 849/656/648 1889/657/649 845/658/650
f 114/655/647 845/658/650 1890/652/644 847/651/643
f 115/659/651 853/660/652 1891/654/646 846/653/645
f 115/659/651 846/653/645 1890/652/644 852/661/653
f 115/659/651 852/661/653 1893/662/654 851/663/655
f 115/659/651 851/663/655 1894/664/656 853/660/652
f 116/665/657 852/661/653 1890/652/644 845/658/650
f 116/665/657 845/658/650 1889/657/649 854/666/658
f 116/665/657 854/666/658 1892/667/659 850/668/660
f 116/665/657 850/668/660 1893/662/654 852/661/653
f 117/669/661 859/670/662 1831/459/453 770/540/532
f 117/669/661 770/540/532 1862/431/425 858/671/663
f 117/669/661 858/671/663 1898/672/664 857/673/665
f 117/669/661 857/673/665 1895/674/666 859/670/662
f 118/675/667 861/676/668 1833/485/477 740/484/476
f 118/675/667 740/484/476 1832/461/455 860/677/669
f 118/675/667 860/677/669 1896/678/670 856/679/671
f 118/675/667 856/679/671 1897/680/672 861/676/668
f 119/681/673 860/677/669 1832/461/455 739/460/454
f 119/681/673 739/460/454 1831/459/453 859/670/662
f 119/681/673 859/670/662 1895/674/666 855/682/674
f 119/681/673 855/682/674 1896/678/670 860/677/669
f 120/683/675 866/684/676 1897/680/672 856/679/671
f 120/683/675 856/679/671 1896/678/670 865/685/677
f 120/683/675 865/685/677 1900/686/678 863/687/679
f 120/683/675 863/687/679 1901/688/680 866/684/676
f 121/689/681 865/685/677 1896/678/670 855/682/674
f 121/689/681 855/682/674 1895/674/666 867/690/682
f 121/689/681 867/690/682 1899/691/683 862/692/684
f 121/689/681 862/692/684 1900/686/678 865/685/677
f 122/693/685 867/690/682 1895/674/666 857/673/665
f 122/693/685 857/673/665 1898/672/664 868/694/686
f 122/693/685 868/694/686 1902/695/687 864/696/688
f 122/693/685 864/696/688 1899/691/683 867/690/682
f 123/697/689 873/698/690 1899/691/683 864/696/688
f 123/697/689 864/696/688 1902/695/687 872/699/691
f 123/697/689 872/699/691 1906/700/692 871/701/693
f 123/697/689 871/701/693 1903/702/694 873/698/690
f 124/703/695 875/704/696 1901/688/680 863/687/679
f 124/703/695 863/687/679 1900/686/678 874/705/697
f 124/703/695 874/705/697 1904/706/698 870/707/699
f 124/703/695 870/707/699 1905/708/700 875/704/696
f 125/709/701 874/705/697 1900/686/678 862/692/684
f 125/709/701 862/692/684 1899/691/683 873/698/690
f 125/709/701 873/698/690 1903/702/694 869/710/702
f 125/709/701 869/710/702 1904/706/698 874/705/697
f 126/711/703 880/712/704 1838/449/443 745/448/442
f 126/711/703 745/448/442 1837/447/441 879/713/705
f 126/711/703 879/713/705 1909/714/706 878/715/707
f 126/711/703 878/715/707 1910/716/708 880/712/704
f 127/717/709 879/713/705 1837/447/441 744/502/494
f 127/717/709 744/502/494 1836/497/489 881/718/710
f 127/717/709 881/718/710 1908/719/711 877/720/712
f 127/717/709 877/720/712 1909/714/706 879/713/705
f 128/721/713 881/718/710 1836/497/489 743/496/488
f 128/721/713 743/496/488 1835/495/487 882/722/714
f 128/721/713 882/722/714 1907/723/715 876/724/716
f 128/721/713 876/724/716 1908/719/711 881/718/710
f 129/725/717 887/726/718 1908/719/711 876/724/716
f 129/725/717 876/724/716 1907/723/715 886/727/719
f 129/725/717 886/727/719 1911/728/720 883/729/721
f 129/725/717 883/729/721 1912/730/722 887/726/718
f 130/731/723 889/732/724 1910/716/708 878/715/707
f 130/731/723 878/715/707 1909/714/706 888/733/725
f 130/731/723 888/733/725 1913/734/726 885/735/727
f 130/731/723 885/735/727 1914/736/728 889/732/724
f 131/737/729 888/733/725 1909/714/706 877/720/712
f 131/737/729 877/720/712 1908/719/711 887/726/718
f 131/737/729 887/726/718 1912/730/722 884/738/730
f 131/737/729 884/738/730 1913/734/726 888/733/725
f 132/739/731 914/740/732 1927/527/519 748/741/733
f 132/739/731 748/741/733 1840/515/507 892/742/734
f 132/739/731 892/742/734 1916/743/735 891/744/736
f 132/739/731 891/744/736 1928/745/737 914/740/732
f 133/746/738 892/742/734 1840/515/507 747/514/506
f 133/746/738 747/514/506 1839/513/505 894/747/739
f 133/746/738 894/747/739 1915/748/740 890/749/741
f 133/746/738 890/749/741 1916/743/735 892/742/734
f 134/750/742 913/751/743 1928/745/737 891/744/736
f 134/750/742 891/744/736 1916/743/735 897/752/744
f 134/750/742 897/752/744 1919/753/745 896/754/746
f 134/750/742 896/754/746 1929/755/747 913/751/743
f 135/756/748 897/752/744 1916/743/735 890/749/741
f 135/756/748 890/749/741 1915/748/740 899/757/749
f 135/756/748 899/757/749 1918/758/750 895/759/751
f 135/756/748 895/759/751 1919/753/745 897/752/744
f 136/760/752 912/761/753 1929/755/747 896/754/746
f 136/760/752 896/754/746 1919/753/745 902/762/754
f 136/760/752 902/762/754 1922/763/755 901/764/756
f 136/760/752 901/764/756 1930/765/757 912/761/753
f 137/766/758 902/762/754 1919/753/745 895/759/751
f 137/766/758 895/759/751 1918/758/750 904/767/759
f 137/766/758 904/767/759 1921/768/760 900/769/761
f 137/766/758 900/769/761 1922/763/755 902/762/754
f 138/770/762 903/771/763 1920/772/764 910/773/765
f 138/770/762 910/773/765 1929/755/747 912/761/753
f 138/770/762 912/761/753 1930/765/757 911/774/766
f 138/770/762 911/774/766 1923/775/767 903/771/763
f 139/776/768 898/777/769 1917/778/770 909/779/771
f 139/776/768 909/779/771 1928/745/737 913/751/743
f 139/776/768 913/751/743 1929/755/747 910/773/765
f 139/776/768 910/773/765 1920/772/764 898/777/769
f 140/780/772 893/781/773 1841/477/471 908/528/520
f 140/780/772 908/528/520 1927/527/519 914/740/732
f 140/780/772 914/740/732 1928/745/737 909/779/771
f 140/780/772 909/779/771 1917/778/770 893/781/773
f 141/782/774 684/783/775 1808/382/376 795/516/508
f 141/782/774 795/516/508 1840/515/507 748/741/733
f 141/782/774 748/741/733 1927/527/519 915/526/518
f 141/782/774 915/526/518 1926/389/383 684/783/775
f 142/784/776 588/785/777 1744/384/378 736/383/377
f 142/784/776 736/383/377 1808/382/376 684/783/775
f 142/784/776 684/783/775 1926/389/383 916/388/382
f 142/784/776 916/388/382 1924/387/381 588/785/777
f 143/786/778 1549/787/779 2223/128/126 667/127/125
f 143/786/778 667/127/125 1777/126/124 906/788/780
f 143/786/778 906/788/780 1925/176/173 1540/175/172
f 143/786/778 1540/175/172 2232/174/171 1549/787/779
f 144/789/781 686/790/782 1810/336/331 786/482/474
f 144/789/781 786/482/474 1842/481/473 750/791/783
f 144/789/781 750/791/783 1934/565/557 922/564/556
f 144/789/781 922/564/556 1933/245/242 686/790/782
f 145/792/784 590/793/785 1746/338/333 714/337/332
f 145/792/784 714/337/332 1810/336/331 686/790/782
f 145/792/784 686/790/782 1933/245/242 923/244/241
f 145/792/784 923/244/241 1931/243/240 590/793/785
f 146/794/786 1548/795/787 2204/189/186 1512/188/185
f 146/794/786 1512/188/185 1779/187/184 919/796/788
f 146/794/786 919/796/788 1932/23/23 1541/22/22
f 146/794/786 1541/22/22 2233/21/21 1548/795/787
f 147/797/789 834/798/790 1880/799/791 931/800/792
f 147/797/789 931/800/792 1941/622/614 933/624/616
f 147/797/789 933/624/616 1942/628/620 932/801/793
f 147/797/789 932/801/793 1882/802/794 834/798/790
f 148/803/795 831/804/796 1878/805/797 930/806/798
f 148/803/795 930/806/798 1940/616/608 934/618/610
f 148/803/795 934/618/610 1941/622/614 931/800/792
f 148/803/795 931/800/792 1880/799/791 831/804/796
f 149/807/799 828/808/800 1876/809/801 929/810/802
f 149/807/799 929/810/802 1939/610/602 935/612/604
f 149/807/799 935/612/604 1940/616/608 930/806/798
f 149/807/799 930/806/798 1878/805/797 828/808/800
f 150/811/803 825/812/804 1857/467/461 928/466/460
f 150/811/803 928/466/460 1938/465/459 936/605/597
f 150/811/803 936/605/597 1939/610/602 929/810/802
f 150/811/803 929/810/802 1876/809/801 825/812/804
f 151/813/805 700/814/806 1824/301/298 779/456/450
f 151/813/805 779/456/450 1856/455/449 764/606/598
f 151/813/805 764/606/598 1938/465/459 937/464/458
f 151/813/805 937/464/458 1937/317/314 700/814/806
f 152/815/807 604/816/808 1760/303/300 724/302/299
f 152/815/807 724/302/299 1824/301/298 700/814/806
f 152/815/807 700/814/806 1937/317/314 938/316/313
f 152/815/807 938/316/313 1935/315/312 604/816/808
f 153/817/809 1547/818/810 2201/18/18 645/17/17
f 153/817/809 645/17/17 1793/16/16 926/819/811
f 153/817/809 926/819/811 1936/101/101 1542/100/100
f 153/817/809 1542/100/100 2234/99/99 1547/818/810
f 154/820/812 811/821/813 1855/453/447 943/506/498
f 154/820/812 943/506/498 1946/505/497 945/583/575
f 154/820/812 945/583/575 1947/588/580 944/822/814
f 154/820/812 944/822/814 1868/823/815 811/821/813
f 155/824/816 698/825/817 1822/412/406 793/544/536
f 155/824/816 793/544/536 1854/543/535 762/584/576
f 155/824/816 762/584/576 1946/505/497 946/504/496
f 155/824/816 946/504/496 1945/374/368 698/825/817
f 156/826/818 602/827/819 1758/414/408 735/413/407
f 156/826/818 735/413/407 1822/412/406 698/825/817
f 156/826/818 698/825/817 1945/374/368 947/373/367
f 156/826/818 947/373/367 1943/372/366 602/827/819
f 157/828/820 1546/829/821 2214/78/78 658/77/77
f 157/828/820 658/77/77 1791/76/76 941/830/822
f 157/828/820 941/830/822 1944/146/143 1543/145/142
f 157/828/820 1543/145/142 2235/144/141 1546/829/821
f 158/831/823 682/832/824 1806/292/289 777/450/444
f 158/831/823 777/450/444 1838/449/443 746/833/825
f 158/831/823 746/833/825 1951/553/545 953/552/544
f 158/831/823 953/552/544 1950/425/419 682/832/824
f 159/834/826 586/835/827 1742/294/291 722/293/290
f 159/834/826 722/293/290 1806/292/289 682/832/824
f 159/834/826 682/832/824 1950/425/419 954/424/418
f 159/834/826 954/424/418 1948/423/417 586/835/827
f 160/836/828 1545/837/829 2228/168/165 672/167/164
f 160/836/828 672/167/164 1775/166/163 950/838/830
f 160/836/828 950/838/830 1949/209/206 1544/208/205
f 160/836/828 1544/208/205 2236/207/204 1545/837/829
f 161/839/831 959/840/832 1866/594/586 817/593/585
f 161/839/831 817/593/585 1874/581/573 958/841/833
f 161/839/831 958/841/833 1954/842/834 957/843/835
f 161/839/831 957/843/835 1953/844/836 959/840/832
f 162/845/837 958/841/833 1874/581/573 806/580/572
f 162/845/837 806/580/572 1865/579/571 960/846/838
f 162/845/837 960/846/838 1952/847/839 956/848/840
f 162/845/837 956/848/840 1954/842/834 958/841/833
f 163/849/841 964/850/842 1953/844/836 957/843/835
f 163/849/841 957/843/835 1954/842/834 963/851/843
f 163/849/841 963/851/843 1957/852/844 962/853/845
f 163/849/841 962/853/845 1956/854/846 964/850/842
f 164/855/847 963/851/843 1954/842/834 956/848/840
f 164/855/847 956/848/840 1952/847/839 965/856/848
f 164/855/847 965/856/848 1955/857/849 961/858/850
f 164/855/847 961/858/850 1957/852/844 963/851/843
f 165/859/851 969/860/852 1956/854/846 962/853/845
f 165/859/851 962/853/845 1957/852/844 968/861/853
f 165/859/851 968/861/853 1960/862/854 967/863/855
f 165/859/851 967/863/855 1959/864/856 969/860/852
f 166/865/857 968/861/853 1957/852/844 961/858/850
f 166/865/857 961/858/850 1955/857/849 970/866/858
f 166/865/857 970/866/858 1958/867/859 966/868/860
f 166/865/857 966/868/860 1960/862/854 968/861/853
f 167/869/861 974/870/862 1959/864/856 967/863/855
f 167/869/861 967/863/855 1960/862/854 973/871/863
f 167/869/861 973/871/863 1963/872/864 972/873/865
f 167/869/861 972/873/865 1962/874/866 974/870/862
f 168/875/867 973/871/863 1960/862/854 966/868/860
f 168/875/867 966/868/860 1958/867/859 975/876/868
f 168/875/867 975/876/868 1961/877/869 971/878/870
f 168/875/867 971/878/870 1963/872/864 973/871/863
f 169/879/871 979/880/872 1962/874/866 972/873/865
f 169/879/871 972/873/865 1963/872/864 978/881/873
f 169/879/871 978/881/873 1966/882/874 977/883/875
f 169/879/871 977/883/875 1965/884/876 979/880/872
f 170/885/877 978/881/873 1963/872/864 971/878/870
f 170/885/877 971/878/870 1961/877/869 980/886/878
f 170/885/877 980/886/878 1964/887/879 976/888/880
f 170/885/877 976/888/880 1966/882/874 978/881/873
f 171/889/881 1046/890/882 1985/891/883 998/892/884
f 171/889/881 998/892/884 1984/893/885 1045/894/886
f 171/889/881 1045/894/886 2016/895/887 1030/896/888
f 171/889/881 1030/896/888 2017/897/889 1046/890/882
f 172/898/890 1048/899/891 1994/900/892 1007/901/893
f 172/898/890 1007/901/893 1993/902/894 1047/903/895
f 172/898/890 1047/903/895 2025/904/896 1039/905/897
f 172/898/890 1039/905/897 2026/906/898 1048/899/891
f 173/907/899 1326/908/900 2163/909/901 992/910/902
f 173/907/899 992/910/902 1978/911/903 1049/912/904
f 173/907/899 1049/912/904 2010/913/905 1024/914/906
f 173/907/899 1024/914/906 2164/915/907 1326/908/900
f 174/916/908 1052/917/909 1970/918/910 983/919/911
f 174/916/908 983/919/911 1969/920/912 1051/921/913
f 174/916/908 1051/921/913 2001/922/914 1015/923/915
f 174/916/908 1015/923/915 2002/924/916 1052/917/909
f 175/925/917 1054/926/918 1988/927/919 1001/928/920
f 175/925/917 1001/928/920 1987/929/921 1053/930/922
f 175/925/917 1053/930/922 2019/931/923 1033/932/924
f 175/925/917 1033/932/924 2020/933/925 1054/926/918
f 176/934/926 1056/935/927 1998/936/928 1011/937/929
f 176/934/926 1011/937/929 1997/938/930 1055/939/931
f 176/934/926 1055/939/931 2029/940/932 1043/941/933
f 176/934/926 1043/941/933 2030/942/934 1056/935/927
f 177/943/935 1224/944/936 2101/945/937 1002/946/938
f 177/943/935 1002/946/938 1988/927/919 1054/926/918
f 177/943/935 1054/926/918 2020/933/925 1034/947/939
f 177/943/935 1034/947/939 2102/948/940 1224/944/936
f 178/949/941 1059/950/942 1974/951/943 987/952/944
f 178/949/941 987/952/944 1973/953/945 1058/954/946
f 178/949/941 1058/954/946 2005/955/947 1019/956/948
f 178/949/941 1019/956/948 2006/957/949 1059/950/942
f 179/958/950 1061/959/951 1992/960/952 1005/961/953
f 179/958/950 1005/961/953 1991/962/954 1060/963/955
f 179/958/950 1060/963/955 2023/964/956 1037/965/957
f 179/958/950 1037/965/957 2024/966/958 1061/959/951
f 180/967/959 1063/968/960 1983/969/961 996/970/962
f 180/967/959 996/970/962 1982/971/963 1062/972/964
f 180/967/959 1062/972/964 2014/973/965 1028/974/966
f 180/967/959 1028/974/966 2015/975/967 1063/968/960
f 181/976/968 1065/977/969 1968/978/970 981/979/971
f 181/976/968 981/979/971 1967/980/972 1064/981/973
f 181/976/968 1064/981/973 1999/982/974 1013/983/975
f 181/976/968 1013/983/975 2000/984/976 1065/977/969
f 182/985/977 1341/986/978 2167/987/979 1006/988/980
f 182/985/977 1006/988/980 1992/960/952 1061/959/951
f 182/985/977 1061/959/951 2024/966/958 1038/989/981
f 182/985/977 1038/989/981 2168/990/982 1341/986/978
f 183/991/983 1067/992/984 1996/993/985 1009/994/986
f 183/991/983 1009/994/986 1995/995/987 1066/996/988
f 183/991/983 1066/996/988 2027/997/989 1041/998/990
f 183/991/983 1041/998/990 2028/999/991 1067/992/984
f 184/1000/992 1051/921/913 1969/920/912 982/1001/993
f 184/1000/992 982/1001/993 1968/978/970 1065/977/969
f 184/1000/992 1065/977/969 2000/984/976 1014/1002/994
f 184/1000/992 1014/1002/994 2001/922/914 1051/921/913
f 185/1003/995 1053/930/922 1987/929/921 1000/1004/996
f 185/1003/995 1000/1004/996 1986/1005/997 1068/1006/998
f 185/1003/995 1068/1006/998 2018/1007/999 1032/1008/1000
f 185/1003/995 1032/1008/1000 2019/931/923 1053/930/922
f 186/1009/1001 1049/912/904 1978/911/903 991/1010/1002
f 186/1011/1001 991/1012/1002 1977/1013/1003 1069/1014/1004
f 186/1011/1001 1069/1014/1004 2009/1015/1005 1023/1016/1006
f 186/1009/1001 1023/1017/1006 2010/913/905 1049/912/904
f 187/1018/1007 1071/1019/1008 1972/1020/1009 985/1021/1010
f 187/1018/1007 985/1021/1010 1971/1022/1011 1070/1023/1012
f 187/1018/1007 1070/1023/1012 2003/1024/1013 1017/1025/1014
f 187/1018/1007 1017/1025/1014 2004/1026/1015 1071/1019/1008
f 188/1027/1016 1055/939/931 1997/938/930 1010/1028/1017
f 188/1027/1016 1010/1028/1017 1996/993/985 1067/992/984
f 188/1027/1016 1067/992/984 2028/999/991 1042/1029/1018
f 188/1027/1016 1042/1029/1018 2029/940/932 1055/939/931
f 189/1030/1019 1350/1031/1020 2175/1032/1021 1004/1033/1022
f 189/1030/1019 1004/1033/1022 1990/1034/1023 1072/1035/1024
f 189/1030/1019 1072/1035/1024 2022/1036/1025 1036/1037/1026
f 189/1030/1019 1036/1037/1026 2176/1038/1027 1350/1031/1020
f 190/1039/1028 1062/972/964 1982/971/963 995/1040/1029
f 190/1039/1028 995/1040/1029 1981/1041/1030 1073/1042/1031
f 190/1039/1028 1073/1042/1031 2013/1043/1032 1027/1044/1033
f 190/1039/1028 1027/1044/1033 2014/973/965 1062/972/964
f 191/1045/1034 1058/954/946 1973/953/945 986/1046/1035
f 191/1045/1034 986/1046/1035 1972/1020/1009 1071/1019/1008
f 191/1045/1034 1071/1019/1008 2004/1026/1015 1018/1047/1036
f 191/1045/1034 1018/1047/1036 2005/955/947 1058/954/946
f 192/1048/1037 1075/1049/1038 1976/1050/1039 989/1051/1040
f 192/1048/1037 989/1051/1040 1975/1052/1041 1074/1053/1042
f 192/1048/1037 1074/1053/1042 2007/1054/1043 1021/1055/1044
f 192/1048/1037 1021/1055/1044 2008/1056/1045 1075/1049/1038
f 193/1057/1046 1068/1006/998 1986/1005/997 999/1058/1047
f 193/1057/1046 999/1058/1047 1985/891/883 1046/890/882
f 193/1057/1046 1046/890/882 2017/897/889 1031/1059/1048
f 193/1057/1046 1031/1059/1048 2018/1007/999 1068/1006/998
f 194/1060/1049 1319/1061/1050 2156/1062/1051 990/1063/1052
f 194/1060/1049 990/1063/1052 1976/1050/1039 1075/1049/1038
f 194/1060/1049 1075/1049/1038 2008/1056/1045 1022/1064/1053
f 194/1060/1049 1022/1064/1053 2157/1065/1054 1319/1061/1050
f 195/1066/1055 1066/996/988 1995/995/987 1008/1067/1056
f 195/1066/1055 1008/1067/1056 1994/900/892 1048/899/891
f 195/1066/1055 1048/899/891 2026/906/898 1040/1068/1057
f 195/1066/1055 1040/1068/1057 2027/997/989 1066/996/988
f 196/1069/1058 1076/1070/1059 1980/1071/1060 993/1072/1061
f 196/1069/1058 993/1072/1061 1979/1073/1062 1050/1074/1063
f 196/1069/1058 1050/1074/1063 2011/1075/1064 1025/1076/1065
f 196/1069/1058 1025/1076/1065 2012/1077/1066 1076/1070/1059
f 197/1078/1067 1070/1023/1012 1971/1022/1011 984/1079/1068
f 197/1078/1067 984/1079/1068 1970/918/910 1052/917/909
f 197/1078/1067 1052/917/909 2002/924/916 1016/1080/1069
f 197/1078/1067 1016/1080/1069 2003/1024/1013 1070/1023/1012
f 198/1081/1070 1064/981/973 1967/980/972 1012/1082/1071
f 198/1081/1070 1012/1082/1071 1998/936/928 1056/935/927
f 198/1081/1070 1056/935/927 2030/942/934 1044/1083/1072
f 198/1081/1070 1044/1083/1072 1999/982/974 1064/981/973
f 199/1084/1073 1073/1042/1031 1981/1041/1030 994/1085/1074
f 199/1084/1073 994/1085/1074 1980/1071/1060 1076/1070/1059
f 199/1084/1073 1076/1070/1059 2012/1077/1066 1026/1086/1075
f 199/1084/1073 1026/1086/1075 2013/1043/1032 1073/1042/1031
f 200/1087/1076 1072/1035/1024 1990/1034/1023 1003/1088/1077
f 200/1087/1076 1003/1088/1077 1989/1089/1078 1057/1090/1079
f 200/1087/1076 1057/1090/1079 2021/1091/1080 1035/1092/1081
f 200/1087/1076 1035/1092/1081 2022/1036/1025 1072/1035/1024
f 201/1093/1082 1357/1094/1083 2180/1095/1084 988/1096/1085
f 201/1093/1082 988/1096/1085 1974/951/943 1059/950/942
f 201/1093/1082 1059/950/942 2006/957/949 1020/1097/1086
f 201/1093/1082 1020/1097/1086 2181/1098/1087 1357/1094/1083
f 202/1099/1088 1045/894/886 1984/893/885 997/1100/1089
f 202/1099/1088 997/1100/1089 1983/969/961 1063/968/960
f 202/1099/1088 1063/968/960 2015/975/967 1029/1101/1090
f 202/1099/1088 1029/1101/1090 2016/895/887 1045/894/886
f 203/1102/1091 1110/1103/1092 1993/902/894 1007/901/893
f 203/1102/1091 1007/901/893 1994/900/892 1109/1104/1093
f 203/1102/1091 1109/1104/1093 2058/1105/1094 1103/1106/1095
f 203/1102/1091 1103/1106/1095 2057/1107/1096 1110/1103/1092
f 204/1108/1097 1112/1109/1098 1984/893/885 998/892/884
f 204/1108/1097 998/892/884 1985/891/883 1111/1110/1099
f 204/1108/1097 1111/1110/1099 2049/1111/1100 1094/1112/1101
f 204/1108/1097 1094/1112/1101 2048/1113/1102 1112/1109/1098
f 205/1114/1103 1114/1115/1104 1987/929/921 1001/928/920
f 205/1114/1103 1001/928/920 1988/927/919 1113/1116/1105
f 205/1114/1103 1113/1116/1105 2052/1117/1106 1097/1118/1107
f 205/1114/1103 1097/1118/1107 2051/1119/1108 1114/1115/1104
f 206/1120/1109 1325/1121/1110 2163/909/901 1320/1122/1111
f 206/1120/1109 1320/1122/1111 1979/1073/1062 1115/1123/1112
f 206/1120/1109 1115/1123/1112 2043/1124/1113 1322/1125/1114
f 206/1120/1109 1322/1125/1114 2165/1126/1115 1325/1121/1110
f 207/1127/1116 1118/1128/1117 1969/920/912 983/919/911
f 207/1127/1116 983/919/911 1970/918/910 1117/1129/1118
f 207/1127/1116 1117/1129/1118 2034/1130/1119 1079/1131/1120
f 207/1127/1116 1079/1131/1120 2033/1132/1121 1118/1128/1117
f 208/1133/1122 1120/1134/1123 1997/938/930 1011/937/929
f 208/1133/1122 1011/937/929 1998/936/928 1119/1135/1124
f 208/1133/1122 1119/1135/1124 2062/1136/1125 1107/1137/1126
f 208/1133/1122 1107/1137/1126 2061/1138/1127 1120/1134/1123
f 209/1139/1128 1223/1140/1129 2101/945/937 1214/1141/1130
f 209/1139/1128 1214/1141/1130 1989/1089/1078 1121/1142/1131
f 209/1139/1128 1121/1142/1131 2053/1143/1132 1216/1144/1133
f 209/1139/1128 1216/1144/1133 2103/1145/1134 1223/1140/1129
f 210/1146/1135 1123/1147/1136 1982/971/963 996/970/962
f 210/1146/1135 996/970/962 1983/969/961 1122/1148/1137
f 210/1146/1135 1122/1148/1137 2047/1149/1138 1092/1150/1139
f 210/1146/1135 1092/1150/1139 2046/1151/1140 1123/1147/1136
f 211/1152/1141 1125/1153/1142 1973/953/945 987/952/944
f 211/1152/1141 987/952/944 1974/951/943 1124/1154/1143
f 211/1152/1141 1124/1154/1143 2038/1155/1144 1083/1156/1145
f 211/1152/1141 1083/1156/1145 2037/1157/1146 1125/1153/1142
f 212/1158/1147 1127/1159/1148 1991/962/954 1005/961/953
f 212/1158/1147 1005/961/953 1992/960/952 1126/1160/1149
f 212/1158/1147 1126/1160/1149 2056/1161/1150 1101/1162/1151
f 212/1158/1147 1101/1162/1151 2055/1163/1152 1127/1159/1148
f 213/1164/1153 1129/1165/1154 1967/980/972 981/979/971
f 213/1164/1153 981/979/971 1968/978/970 1128/1166/1155
f 213/1164/1153 1128/1166/1155 2032/1167/1156 1077/1168/1157
f 213/1164/1153 1077/1168/1157 2031/1169/1158 1129/1165/1154
f 214/1170/1159 1340/1171/1160 2167/987/979 1327/1172/1161
f 214/1170/1159 1327/1172/1161 1993/902/894 1110/1103/1092
f 214/1170/1159 1110/1103/1092 2057/1107/1096 1329/1173/1162
f 214/1170/1159 1329/1173/1162 2169/1174/1163 1340/1171/1160
f 215/1175/1164 1131/1176/1165 1995/995/987 1009/994/986
f 215/1175/1164 1009/994/986 1996/993/985 1130/1177/1166
f 215/1175/1164 1130/1177/1166 2060/1178/1167 1105/1179/1168
f 215/1175/1164 1105/1179/1168 2059/1180/1169 1131/1176/1165
f 216/1181/1170 1132/1182/1171 1977/1013/1003 991/1012/1002
f 216/1183/1170 991/1010/1002 1978/911/903 1116/1184/1172
f 216/1183/1170 1116/1184/1172 2042/1185/1173 1087/1186/1174
f 216/1181/1170 1087/1187/1174 2041/1188/1175 1132/1182/1171
f 217/1189/1176 1128/1166/1155 1968/978/970 982/1001/993
f 217/1189/1176 982/1001/993 1969/920/912 1118/1128/1117
f 217/1189/1176 1118/1128/1117 2033/1132/1121 1078/1190/1177
f 217/1189/1176 1078/1190/1177 2032/1167/1156 1128/1166/1155
f 218/1191/1178 1133/1192/1179 1986/1005/997 1000/1004/996
f 218/1191/1178 1000/1004/996 1987/929/921 1114/1115/1104
f 218/1191/1178 1114/1115/1104 2051/1119/1108 1096/1193/1180
f 218/1191/1178 1096/1193/1180 2050/1194/1181 1133/1192/1179
f 219/1195/1182 1135/1196/1183 1971/1022/1011 985/1021/1010
f 219/1195/1182 985/1021/1010 1972/1020/1009 1134/1197/1184
f 219/1195/1182 1134/1197/1184 2036/1198/1185 1081/1199/1186
f 219/1195/1182 1081/1199/1186 2035/1200/1187 1135/1196/1183
f 220/1201/1188 1130/1177/1166 1996/993/985 1010/1028/1017
f 220/1201/1188 1010/1028/1017 1997/938/930 1120/1134/1123
f 220/1201/1188 1120/1134/1123 2061/1138/1127 1106/1202/1189
f 220/1201/1188 1106/1202/1189 2060/1178/1167 1130/1177/1166
f 221/1203/1190 1136/1204/1191 1981/1041/1030 995/1040/1029
f 221/1203/1190 995/1040/1029 1982/971/963 1123/1147/1136
f 221/1203/1190 1123/1147/1136 2046/1151/1140 1091/1205/1192
f 221/1203/1190 1091/1205/1192 2045/1206/1193 1136/1204/1191
f 222/1207/1194 1134/1197/1184 1972/1020/1009 986/1046/1035
f 222/1207/1194 986/1046/1035 1973/953/945 1125/1153/1142
f 222/1207/1194 1125/1153/1142 2037/1157/1146 1082/1208/1195
f 222/1207/1194 1082/1208/1195 2036/1198/1185 1134/1197/1184
f 223/1209/1196 1349/1210/1197 2175/1032/1021 1342/1211/1198
f 223/1209/1196 1342/1211/1198 1991/962/954 1127/1159/1148
f 223/1209/1196 1127/1159/1148 2055/1163/1152 1344/1212/1199
f 223/1209/1196 1344/1212/1199 2177/1213/1200 1349/1210/1197
f 224/1214/1201 1139/1215/1202 1975/1052/1041 989/1051/1040
f 224/1214/1201 989/1051/1040 1976/1050/1039 1138/1216/1203
f 224/1214/1201 1138/1216/1203 2040/1217/1204 1085/1218/1205
f 224/1214/1201 1085/1218/1205 2039/1219/1206 1139/1215/1202
f 225/1220/1207 1318/1221/1208 2156/1062/1051 1307/1222/1209
f 225/1220/1207 1307/1222/1209 1977/1013/1003 1132/1182/1171
f 225/1220/1207 1132/1182/1171 2041/1188/1175 1309/1223/1210
f 225/1220/1207 1309/1223/1210 2158/1224/1211 1318/1221/1208
f 226/1225/1212 1109/1104/1093 1994/900/892 1008/1067/1056
f 226/1225/1212 1008/1067/1056 1995/995/987 1131/1176/1165
f 226/1225/1212 1131/1176/1165 2059/1180/1169 1104/1226/1213
f 226/1225/1212 1104/1226/1213 2058/1105/1094 1109/1104/1093
f 227/1227/1214 1111/1110/1099 1985/891/883 999/1058/1047
f 227/1227/1214 999/1058/1047 1986/1005/997 1133/1192/1179
f 227/1227/1214 1133/1192/1179 2050/1194/1181 1095/1228/1215
f 227/1227/1214 1095/1228/1215 2049/1111/1100 1111/1110/1099
f 228/1229/1216 1117/1129/1118 1970/918/910 984/1079/1068
f 228/1229/1216 984/1079/1068 1971/1022/1011 1135/1196/1183
f 228/1229/1216 1135/1196/1183 2035/1200/1187 1080/1230/1217
f 228/1229/1216 1080/1230/1217 2034/1130/1119 1117/1129/1118
f 229/1231/1218 1115/1123/1112 1979/1073/1062 993/1072/1061
f 229/1231/1218 993/1072/1061 1980/1071/1060 1140/1232/1219
f 229/1231/1218 1140/1232/1219 2044/1233/1220 1089/1234/1221
f 229/1231/1218 1089/1234/1221 2043/1124/1113 1115/1123/1112
f 230/1235/1222 1119/1135/1124 1998/936/928 1012/1082/1071
f 230/1235/1222 1012/1082/1071 1967/980/972 1129/1165/1154
f 230/1235/1222 1129/1165/1154 2031/1169/1158 1108/1236/1223
f 230/1235/1222 1108/1236/1223 2062/1136/1125 1119/1135/1124
f 231/1237/1224 1121/1142/1131 1989/1089/1078 1003/1088/1077
f 231/1237/1224 1003/1088/1077 1990/1034/1023 1137/1238/1225
f 231/1237/1224 1137/1238/1225 2054/1239/1226 1099/1240/1227
f 231/1237/1224 1099/1240/1227 2053/1143/1132 1121/1142/1131
f 232/1241/1228 1140/1232/1219 1980/1071/1060 994/1085/1074
f 232/1241/1228 994/1085/1074 1981/1041/1030 1136/1204/1191
f 232/1241/1228 1136/1204/1191 2045/1206/1193 1090/1242/1229
f 232/1241/1228 1090/1242/1229 2044/1233/1220 1140/1232/1219
f 233/1243/1230 1122/1148/1137 1983/969/961 997/1100/1089
f 233/1243/1230 997/1100/1089 1984/893/885 1112/1109/1098
f 233/1243/1230 1112/1109/1098 2048/1113/1102 1093/1244/1231
f 233/1243/1230 1093/1244/1231 2047/1149/1138 1122/1148/1137
f 234/1245/1232 1356/1246/1233 2180/1095/1084 1351/1247/1234
f 234/1245/1232 1351/1247/1234 1975/1052/1041 1139/1215/1202
f 234/1245/1232 1139/1215/1202 2039/1219/1206 1353/1248/1235
f 234/1245/1232 1353/1248/1235 2182/1249/1236 1356/1246/1233
f 235/1250/1237 1174/1251/1238 2061/1138/1127 1107/1137/1126
f 235/1250/1237 1107/1137/1126 2062/1136/1125 1173/1252/1239
f 235/1250/1237 1173/1252/1239 2094/1253/1240 1171/1254/1241
f 235/1250/1237 1171/1254/1241 2093/1255/1242 1174/1251/1238
f 236/1256/1243 1222/1257/1244 2103/1145/1134 1216/1144/1133
f 236/1256/1243 1216/1144/1133 2053/1143/1132 1175/1258/1245
f 236/1256/1243 1175/1258/1245 2085/1259/1246 1217/1260/1247
f 236/1256/1243 1217/1260/1247 2104/1261/1248 1222/1257/1244
f 237/1262/1249 1178/1263/1250 2046/1151/1140 1092/1150/1139
f 237/1262/1249 1092/1150/1139 2047/1149/1138 1177/1264/1251
f 237/1262/1249 1177/1264/1251 2079/1265/1252 1156/1266/1253
f 237/1262/1249 1156/1266/1253 2078/1267/1254 1178/1263/1250
f 238/1268/1255 1180/1269/1256 2037/1157/1146 1083/1156/1145
f 238/1268/1255 1083/1156/1145 2038/1155/1144 1179/1270/1257
f 238/1268/1255 1179/1270/1257 2070/1271/1258 1147/1272/1259
f 238/1268/1255 1147/1272/1259 2069/1273/1260 1180/1269/1256
f 239/1274/1261 1182/1275/1262 2055/1163/1152 1101/1162/1151
f 239/1274/1261 1101/1162/1151 2056/1161/1150 1181/1276/1263
f 239/1274/1261 1181/1276/1263 2088/1277/1264 1165/1278/1265
f 239/1274/1261 1165/1278/1265 2087/1279/1266 1182/1275/1262
f 240/1280/1267 1184/1281/1268 2031/1169/1158 1077/1168/1157
f 240/1280/1267 1077/1168/1157 2032/1167/1156 1183/1282/1269
f 240/1280/1267 1183/1282/1269 2064/1283/1270 1141/1284/1271
f 240/1280/1267 1141/1284/1271 2063/1285/1272 1184/1281/1268
f 241/1286/1273 1339/1287/1274 2169/1174/1163 1329/1173/1162
f 241/1286/1273 1329/1173/1162 2057/1107/1096 1185/1288/1275
f 241/1286/1273 1185/1288/1275 2089/1289/1276 1330/1290/1277
f 241/1286/1273 1330/1290/1277 2170/1291/1278 1339/1287/1274
f 242/1292/1279 1187/1293/1280 2059/1180/1169 1105/1179/1168
f 242/1292/1279 1105/1179/1168 2060/1178/1167 1186/1294/1281
f 242/1292/1279 1186/1294/1281 2092/1295/1282 1169/1296/1283
f 242/1292/1279 1169/1296/1283 2091/1297/1284 1187/1293/1280
f 243/1298/1285 1189/1299/1286 2041/1188/1175 1087/1187/1174
f 243/1300/1285 1087/1186/1174 2042/1185/1173 1188/1301/1287
f 243/1300/1285 1188/1301/1287 2074/1302/1288 1151/1303/1289
f 243/1298/1285 1151/1304/1289 2073/1305/1290 1189/1299/1286
f 244/1306/1291 1183/1282/1269 2032/1167/1156 1078/1190/1177
f 244/1306/1291 1078/1190/1177 2033/1132/1121 1190/1307/1292
f 244/1306/1291 1190/1307/1292 2065/1308/1293 1142/1309/1294
f 244/1306/1291 1142/1309/1294 2064/1283/1270 1183/1282/1269
f 245/1310/1295 1192/1311/1296 2050/1194/1181 1096/1193/1180
f 245/1310/1295 1096/1193/1180 2051/1119/1108 1191/1312/1297
f 245/1310/1295 1191/1312/1297 2083/1313/1298 1160/1314/1299
f 245/1310/1295 1160/1314/1299 2082/1315/1300 1192/1311/1296
f 246/1316/1301 1194/1317/1302 2035/1200/1187 1081/1199/1186
f 246/1316/1301 1081/1199/1186 2036/1198/1185 1193/1318/1303
f 246/1316/1301 1193/1318/1303 2068/1319/1304 1145/1320/1305
f 246/1316/1301 1145/1320/1305 2067/1321/1306 1194/1317/1302
f 247/1322/1307 1186/1294/1281 2060/1178/1167 1106/1202/1189
f 247/1322/1307 1106/1202/1189 2061/1138/1127 1174/1251/1238
f 247/1322/1307 1174/1251/1238 2093/1255/1242 1170/1323/1308
f 247/1322/1307 1170/1323/1308 2092/1295/1282 1186/1294/1281
f 248/1324/1309 1193/1318/1303 2036/1198/1185 1082/1208/1195
f 248/1324/1309 1082/1208/1195 2037/1157/1146 1180/1269/1256
f 248/1324/1309 1180/1269/1256 2069/1273/1260 1146/1325/1310
f 248/1324/1309 1146/1325/1310 2068/1319/1304 1193/1318/1303
f 249/1326/1311 1348/1327/1312 2177/1213/1200 1344/1212/1199
f 249/1326/1311 1344/1212/1199 2055/1163/1152 1182/1275/1262
f 249/1326/1311 1182/1275/1262 2087/1279/1266 1345/1328/1313
f 249/1326/1311 1345/1328/1313 2178/1329/1314 1348/1327/1312
f 250/1330/1315 1196/1331/1316 2045/1206/1193 1091/1205/1192
f 250/1330/1315 1091/1205/1192 2046/1151/1140 1178/1263/1250
f 250/1330/1315 1178/1263/1250 2078/1267/1254 1155/1332/1317
f 250/1330/1315 1155/1332/1317 2077/1333/1318 1196/1331/1316
f 251/1334/1319 1198/1335/1320 2039/1219/1206 1085/1218/1205
f 251/1334/1319 1085/1218/1205 2040/1217/1204 1197/1336/1321
f 251/1334/1319 1197/1336/1321 2072/1337/1322 1149/1338/1323
f 251/1334/1319 1149/1338/1323 2071/1339/1324 1198/1335/1320
f 252/1340/1325 1199/1341/1326 2058/1105/1094 1104/1226/1213
f 252/1340/1325 1104/1226/1213 2059/1180/1169 1187/1293/1280
f 252/1340/1325 1187/1293/1280 2091/1297/1284 1168/1342/1327
f 252/1340/1325 1168/1342/1327 2090/1343/1328 1199/1341/1326
f 253/1344/1329 1200/1345/1330 2049/1111/1100 1095/1228/1215
f 253/1344/1329 1095/1228/1215 2050/1194/1181 1192/1311/1296
f 253/1344/1329 1192/1311/1296 2082/1315/1300 1159/1346/1331
f 253/1344/1329 1159/1346/1331 2081/1347/1332 1200/1345/1330
f 254/1348/1333 1317/1349/1334 2158/1224/1211 1309/1223/1210
f 254/1348/1333 1309/1223/1210 2041/1188/1175 1189/1299/1286
f 254/1348/1333 1189/1299/1286 2073/1305/1290 1310/1350/1335
f 254/1348/1333 1310/1350/1335 2159/1351/1336 1317/1349/1334
f 255/1352/1337 1202/1353/1338 2043/1124/1113 1089/1234/1221
f 255/1352/1337 1089/1234/1221 2044/1233/1220 1201/1354/1339
f 255/1352/1337 1201/1354/1339 2076/1355/1340 1153/1356/1341
f 255/1352/1337 1153/1356/1341 2075/1357/1342 1202/1353/1338
f 256/1358/1343 1203/1359/1344 2034/1130/1119 1080/1230/1217
f 256/1358/1343 1080/1230/1217 2035/1200/1187 1194/1317/1302
f 256/1358/1343 1194/1317/1302 2067/1321/1306 1144/1360/1345
f 256/1358/1343 1144/1360/1345 2066/1361/1346 1203/1359/1344
f 257/1362/1347 1173/1252/1239 2062/1136/1125 1108/1236/1223
f 257/1362/1347 1108/1236/1223 2031/1169/1158 1184/1281/1268
f 257/1362/1347 1184/1281/1268 2063/1285/1272 1172/1363/1348
f 257/1362/1347 1172/1363/1348 2094/1253/1240 1173/1252/1239
f 258/1364/1349 1175/1258/1245 2053/1143/1132 1099/1240/1227
f 258/1364/1349 1099/1240/1227 2054/1239/1226 1195/1365/1350
f 258/1364/1349 1195/1365/1350 2086/1366/1351 1163/1367/1352
f 258/1364/1349 1163/1367/1352 2085/1259/1246 1175/1258/1245
f 259/1368/1353 1201/1354/1339 2044/1233/1220 1090/1242/1229
f 259/1368/1353 1090/1242/1229 2045/1206/1193 1196/1331/1316
f 259/1368/1353 1196/1331/1316 2077/1333/1318 1154/1369/1354
f 259/1368/1353 1154/1369/1354 2076/1355/1340 1201/1354/1339
f 260/1370/1355 1177/1264/1251 2047/1149/1138 1093/1244/1231
f 260/1370/1355 1093/1244/1231 2048/1113/1102 1204/1371/1356
f 260/1370/1355 1204/1371/1356 2080/1372/1357 1157/1373/1358
f 260/1370/1355 1157/1373/1358 2079/1265/1252 1177/1264/1251
f 261/1374/1359 1355/1375/1360 2182/1249/1236 1353/1248/1235
f 261/1374/1359 1353/1248/1235 2039/1219/1206 1198/1335/1320
f 261/1374/1359 1198/1335/1320 2071/1339/1324 1354/1376/1361
f 261/1374/1359 1354/1376/1361 2183/1377/1362 1355/1375/1360
f 262/1378/1363 1204/1371/1356 2048/1113/1102 1094/1112/1101
f 262/1378/1363 1094/1112/1101 2049/1111/1100 1200/1345/1330
f 262/1378/1363 1200/1345/1330 2081/1347/1332 1158/1379/1364
f 262/1378/1363 1158/1379/1364 2080/1372/1357 1204/1371/1356
f 263/1380/1365 1185/1288/1275 2057/1107/1096 1103/1106/1095
f 263/1380/1365 1103/1106/1095 2058/1105/1094 1199/1341/1326
f 263/1380/1365 1199/1341/1326 2090/1343/1328 1167/1381/1366
f 263/1380/1365 1167/1381/1366 2089/1289/1276 1185/1288/1275
f 264/1382/1367 1191/1312/1297 2051/1119/1108 1097/1118/1107
f 264/1382/1367 1097/1118/1107 2052/1117/1106 1176/1383/1368
f 264/1382/1367 1176/1383/1368 2084/1384/1369 1161/1385/1370
f 264/1382/1367 1161/1385/1370 2083/1313/1298 1191/1312/1297
f 265/1386/1371 1324/1387/1372 2165/1126/1115 1322/1125/1114
f 265/1386/1371 1322/1125/1114 2043/1124/1113 1202/1353/1338
f 265/1386/1371 1202/1353/1338 2075/1357/1342 1323/1388/1373
f 265/1386/1371 1323/1388/1373 2166/1389/1374 1324/1387/1372
f 266/1390/1375 1190/1307/1292 2033/1132/1121 1079/1131/1120
f 266/1390/1375 1079/1131/1120 2034/1130/1119 1203/1359/1344
f 266/1390/1375 1203/1359/1344 2066/1361/1346 1143/1391/1376
f 266/1390/1375 1143/1391/1376 2065/1308/1293 1190/1307/1292
f 267/1392/1377 1162/1393/1378 2104/1261/1248 1221/1394/1379
f 267/1392/1377 1221/1394/1379 2105/1395/1380 1205/1396/1381
f 267/1392/1377 1205/1396/1381 2095/1397/1382 1206/1398/1383
f 267/1392/1377 1206/1398/1383 2084/1384/1369 1162/1393/1378
f 268/1399/1384 1205/1396/1381 2105/1395/1380 1220/1400/1385
f 268/1399/1384 1220/1400/1385 2106/1401/1386 1208/1402/1387
f 268/1399/1384 1208/1402/1387 2097/1403/1388 1209/1404/1389
f 268/1399/1384 1209/1404/1389 2095/1397/1382 1205/1396/1381
f 269/1405/1390 1164/1406/1391 2178/1329/1314 1347/1407/1392
f 269/1405/1390 1347/1407/1392 2179/1408/1393 1211/1409/1394
f 269/1405/1390 1211/1409/1394 2099/1410/1395 1212/1411/1396
f 269/1405/1390 1212/1411/1396 2086/1366/1351 1164/1406/1391
f 270/1412/1397 1218/1413/1398 2096/1414/1399 1210/1415/1400
f 270/1412/1397 1210/1415/1400 2098/1416/1401 1219/1417/1402
f 270/1412/1397 1219/1417/1402 2106/1401/1386 1220/1400/1385
f 270/1412/1397 1220/1400/1385 2105/1395/1380 1218/1413/1398
f 271/1418/1403 1217/1260/1247 2085/1259/1246 1207/1419/1404
f 271/1418/1403 1207/1419/1404 2096/1414/1399 1218/1413/1398
f 271/1418/1403 1218/1413/1398 2105/1395/1380 1221/1394/1379
f 271/1418/1403 1221/1394/1379 2104/1261/1248 1217/1260/1247
f 272/1420/1405 1176/1383/1368 2052/1117/1106 1098/1421/1406
f 272/1420/1405 1098/1421/1406 2103/1145/1134 1222/1257/1244
f 272/1420/1405 1222/1257/1244 2104/1261/1248 1162/1393/1378
f 272/1420/1405 1162/1393/1378 2084/1384/1369 1176/1383/1368
f 273/1422/1407 1113/1116/1105 1988/927/919 1002/946/938
f 273/1422/1407 1002/946/938 2101/945/937 1223/1140/1129
f 273/1422/1407 1223/1140/1129 2103/1145/1134 1098/1421/1406
f 273/1422/1407 1098/1421/1406 2052/1117/1106 1113/1116/1105
f 274/1423/1408 1057/1090/1079 1989/1089/1078 1214/1141/1130
f 274/1423/1408 1214/1141/1130 2101/945/937 1224/944/936
f 274/1423/1408 1224/944/936 2102/948/940 1215/1424/1409
f 274/1423/1408 1215/1424/1409 2021/1091/1080 1057/1090/1079
f 275/1425/1410 1166/1426/1411 2170/1291/1278 1338/1427/1412
f 275/1425/1410 1338/1427/1412 2171/1428/1413 1225/1429/1414
f 275/1425/1410 1225/1429/1414 2107/1430/1415 1226/1431/1416
f 275/1425/1410 1226/1431/1416 2088/1277/1264 1166/1426/1411
f 276/1432/1417 1225/1429/1414 2171/1428/1413 1337/1433/1418
f 276/1432/1417 1337/1433/1418 2172/1434/1419 1228/1435/1420
f 276/1432/1417 1228/1435/1420 2109/1436/1421 1229/1437/1422
f 276/1432/1417 1229/1437/1422 2107/1430/1415 1225/1429/1414
f 277/1438/1423 1228/1435/1420 2172/1434/1419 1336/1439/1424
f 277/1438/1423 1336/1439/1424 2173/1440/1425 1231/1441/1426
f 277/1438/1423 1231/1441/1426 2111/1442/1427 1232/1443/1428
f 277/1438/1423 1232/1443/1428 2109/1436/1421 1228/1435/1420
f 278/1444/1429 1231/1441/1426 2173/1440/1425 1335/1445/1430
f 278/1444/1429 1335/1445/1430 2174/1446/1431 1234/1447/1432
f 278/1444/1429 1234/1447/1432 2113/1448/1433 1235/1449/1434
f 278/1444/1429 1235/1449/1434 2111/1442/1427 1231/1441/1426
f 279/1450/1435 1168/1342/1327 2091/1297/1284 1240/1451/1436
f 279/1450/1435 1240/1451/1436 2116/1452/1437 1237/1453/1438
f 279/1450/1435 1237/1453/1438 2115/1454/1439 1239/1455/1440
f 279/1450/1435 1239/1455/1440 2090/1343/1328 1168/1342/1327
f 280/1456/1441 1169/1296/1283 2092/1295/1282 1241/1457/1442
f 280/1456/1441 1241/1457/1442 2117/1458/1443 1238/1459/1444
f 280/1456/1441 1238/1459/1444 2116/1452/1437 1240/1451/1436
f 280/1456/1441 1240/1451/1436 2091/1297/1284 1169/1296/1283
f 281/1460/1445 1238/1459/1444 2117/1458/1443 1245/1461/1446
f 281/1460/1445 1245/1461/1446 2120/1462/1447 1243/1463/1448
f 281/1460/1445 1243/1463/1448 2119/1464/1449 1244/1465/1450
f 281/1460/1445 1244/1465/1450 2116/1452/1437 1238/1459/1444
f 282/1466/1451 1237/1453/1438 2116/1452/1437 1244/1465/1450
f 282/1466/1451 1244/1465/1450 2119/1464/1449 1242/1467/1452
f 282/1466/1451 1242/1467/1452 2118/1468/1453 1246/1469/1454
f 282/1466/1451 1246/1469/1454 2115/1454/1439 1237/1453/1438
f 283/1470/1455 1243/1463/1448 2120/1462/1447 1250/1471/1456
f 283/1470/1455 1250/1471/1456 2123/1472/1457 1248/1473/1458
f 283/1470/1455 1248/1473/1458 2122/1474/1459 1249/1475/1460
f 283/1470/1455 1249/1475/1460 2119/1464/1449 1243/1463/1448
f 284/1476/1461 1242/1467/1452 2119/1464/1449 1249/1475/1460
f 284/1476/1461 1249/1475/1460 2122/1474/1459 1247/1477/1462
f 284/1476/1461 1247/1477/1462 2121/1478/1463 1251/1479/1464
f 284/1476/1461 1251/1479/1464 2118/1468/1453 1242/1467/1452
f 285/1480/1465 1248/1473/1458 2123/1472/1457 1255/1481/1466
f 285/1480/1465 1255/1481/1466 2126/1482/1467 1253/1483/1468
f 285/1480/1465 1253/1483/1468 2125/1484/1469 1254/1485/1470
f 285/1480/1465 1254/1485/1470 2122/1474/1459 1248/1473/1458
f 286/1486/1471 1247/1477/1462 2122/1474/1459 1254/1485/1470
f 286/1486/1471 1254/1485/1470 2125/1484/1469 1252/1487/1472
f 286/1486/1471 1252/1487/1472 2124/1488/1473 1256/1489/1474
f 286/1486/1471 1256/1489/1474 2121/1478/1463 1247/1477/1462
f 287/1490/1475 1172/1363/1348 2063/1285/1272 1261/1491/1476
f 287/1490/1475 1261/1491/1476 2127/1492/1477 1259/1493/1478
f 287/1490/1475 1259/1493/1478 2130/1494/1479 1260/1495/1480
f 287/1490/1475 1260/1495/1480 2094/1253/1240 1172/1363/1348
f 288/1496/1481 1142/1309/1294 2065/1308/1293 1263/1497/1482
f 288/1496/1481 1263/1497/1482 2129/1498/1483 1258/1499/1484
f 288/1496/1481 1258/1499/1484 2128/1500/1485 1262/1501/1486
f 288/1496/1481 1262/1501/1486 2064/1283/1270 1142/1309/1294
f 289/1502/1487 1141/1284/1271 2064/1283/1270 1262/1501/1486
f 289/1502/1487 1262/1501/1486 2128/1500/1485 1257/1503/1488
f 289/1502/1487 1257/1503/1488 2127/1492/1477 1261/1491/1476
f 289/1502/1487 1261/1491/1476 2063/1285/1272 1141/1284/1271
f 290/1504/1489 1258/1499/1484 2129/1498/1483 1268/1505/1490
f 290/1504/1489 1268/1505/1490 2133/1506/1491 1265/1507/1492
f 290/1504/1489 1265/1507/1492 2132/1508/1493 1267/1509/1494
f 290/1504/1489 1267/1509/1494 2128/1500/1485 1258/1499/1484
f 291/1510/1495 1257/1503/1488 2128/1500/1485 1267/1509/1494
f 291/1510/1495 1267/1509/1494 2132/1508/1493 1264/1511/1496
f 291/1510/1495 1264/1511/1496 2131/1512/1497 1269/1513/1498
f 291/1510/1495 1269/1513/1498 2127/1492/1477 1257/1503/1488
f 292/1514/1499 1259/1493/1478 2127/1492/1477 1269/1513/1498
f 292/1514/1499 1269/1513/1498 2131/1512/1497 1266/1515/1500
f 292/1514/1499 1266/1515/1500 2134/1516/1501 1270/1517/1502
f 292/1514/1499 1270/1517/1502 2130/1494/1479 1259/1493/1478
f 293/1518/1503 1266/1515/1500 2131/1512/1497 1275/1519/1504
f 293/1518/1503 1275/1519/1504 2135/1520/1505 1273/1521/1506
f 293/1518/1503 1273/1521/1506 2138/1522/1507 1274/1523/1508
f 293/1518/1503 1274/1523/1508 2134/1516/1501 1266/1515/1500
f 294/1524/1509 1265/1507/1492 2133/1506/1491 1277/1525/1510
f 294/1524/1509 1277/1525/1510 2137/1526/1511 1272/1527/1512
f 294/1524/1509 1272/1527/1512 2136/1528/1513 1276/1529/1514
f 294/1524/1509 1276/1529/1514 2132/1508/1493 1265/1507/1492
f 295/1530/1515 1264/1511/1496 2132/1508/1493 1276/1529/1514
f 295/1530/1515 1276/1529/1514 2136/1528/1513 1271/1531/1516
f 295/1530/1515 1271/1531/1516 2135/1520/1505 1275/1519/1504
f 295/1530/1515 1275/1519/1504 2131/1512/1497 1264/1511/1496
f 296/1532/1517 1147/1272/1259 2070/1271/1258 1282/1533/1518
f 296/1532/1517 1282/1533/1518 2142/1534/1519 1280/1535/1520
f 296/1532/1517 1280/1535/1520 2141/1536/1521 1281/1537/1522
f 296/1532/1517 1281/1537/1522 2069/1273/1260 1147/1272/1259
f 297/1538/1523 1146/1325/1310 2069/1273/1260 1281/1537/1522
f 297/1538/1523 1281/1537/1522 2141/1536/1521 1279/1539/1524
f 297/1538/1523 1279/1539/1524 2140/1540/1525 1283/1541/1526
f 297/1538/1523 1283/1541/1526 2068/1319/1304 1146/1325/1310
f 298/1542/1527 1145/1320/1305 2068/1319/1304 1283/1541/1526
f 298/1542/1527 1283/1541/1526 2140/1540/1525 1278/1543/1528
f 298/1542/1527 1278/1543/1528 2139/1544/1529 1284/1545/1530
f 298/1542/1527 1284/1545/1530 2067/1321/1306 1145/1320/1305
f 299/1546/1531 1278/1543/1528 2140/1540/1525 1289/1547/1532
f 299/1546/1531 1289/1547/1532 2144/1548/1533 1285/1549/1534
f 299/1546/1531 1285/1549/1534 2143/1550/1535 1288/1551/1536
f 299/1546/1531 1288/1551/1536 2139/1544/1529 1278/1543/1528
f 300/1552/1537 1280/1535/1520 2142/1534/1519 1291/1553/1538
f 300/1552/1537 1291/1553/1538 2146/1554/1539 1287/1555/1540
f 300/1552/1537 1287/1555/1540 2145/1556/1541 1290/1557/1542
f 300/1552/1537 1290/1557/1542 2141/1536/1521 1280/1535/1520
f 301/1558/1543 1279/1539/1524 2141/1536/1521 1290/1557/1542
f 301/1558/1543 1290/1557/1542 2145/1556/1541 1286/1559/1544
f 301/1558/1543 1286/1559/1544 2144/1548/1533 1289/1547/1532
f 301/1558/1543 1289/1547/1532 2140/1540/1525 1279/1539/1524
f 302/1560/1545 1150/1561/1546 2159/1351/1336 1316/1562/1547
f 302/1560/1545 1316/1562/1547 2160/1563/1548 1293/1564/1549
f 302/1560/1545 1293/1564/1549 2148/1565/1550 1294/1566/1551
f 302/1560/1545 1294/1566/1551 2072/1337/1322 1150/1561/1546
f 303/1567/1552 1149/1338/1323 2072/1337/1322 1294/1566/1551
f 303/1567/1552 1294/1566/1551 2148/1565/1550 1292/1568/1553
f 303/1567/1552 1292/1568/1553 2147/1569/1554 1296/1570/1555
f 303/1567/1552 1296/1570/1555 2071/1339/1324 1149/1338/1323
f 304/1571/1556 1293/1564/1549 2160/1563/1548 1315/1572/1557
f 304/1571/1556 1315/1572/1557 2161/1573/1558 1298/1574/1559
f 304/1571/1556 1298/1574/1559 2151/1575/1560 1299/1576/1561
f 304/1571/1556 1299/1576/1561 2148/1565/1550 1293/1564/1549
f 305/1577/1562 1292/1568/1553 2148/1565/1550 1299/1576/1561
f 305/1577/1562 1299/1576/1561 2151/1575/1560 1297/1578/1563
f 305/1577/1562 1297/1578/1563 2150/1579/1564 1301/1580/1565
f 305/1577/1562 1301/1580/1565 2147/1569/1554 1292/1568/1553
f 306/1581/1566 1298/1574/1559 2161/1573/1558 1314/1582/1567
f 306/1581/1566 1314/1582/1567 2162/1583/1568 1303/1584/1569
f 306/1581/1566 1303/1584/1569 2154/1585/1570 1304/1586/1571
f 306/1581/1566 1304/1586/1571 2151/1575/1560 1298/1574/1559
f 307/1587/1572 1297/1578/1563 2151/1575/1560 1304/1586/1571
f 307/1587/1572 1304/1586/1571 2154/1585/1570 1302/1588/1573
f 307/1587/1572 1302/1588/1573 2153/1589/1574 1306/1590/1575
f 307/1587/1572 1306/1590/1575 2150/1579/1564 1297/1578/1563
f 308/1591/1576 1312/1592/1577 2152/1593/1578 1305/1594/1579
f 308/1591/1576 1305/1594/1579 2155/1595/1580 1313/1596/1581
f 308/1591/1576 1313/1596/1581 2162/1583/1568 1314/1582/1567
f 308/1591/1576 1314/1582/1567 2161/1573/1558 1312/1592/1577
f 309/1597/1582 1311/1598/1583 2149/1599/1584 1300/1600/1585
f 309/1597/1582 1300/1600/1585 2152/1593/1578 1312/1592/1577
f 309/1597/1582 1312/1592/1577 2161/1573/1558 1315/1572/1557
f 309/1597/1582 1315/1572/1557 2160/1563/1548 1311/1598/1583
f 310/1601/1586 1310/1350/1335 2073/1305/1290 1295/1602/1587
f 310/1601/1586 1295/1602/1587 2149/1599/1584 1311/1598/1583
f 310/1601/1586 1311/1598/1583 2160/1563/1548 1316/1562/1547
f 310/1601/1586 1316/1562/1547 2159/1351/1336 1310/1350/1335
f 311/1603/1588 1197/1336/1321 2040/1217/1204 1086/1604/1589
f 311/1603/1588 1086/1604/1589 2158/1224/1211 1317/1349/1334
f 311/1603/1588 1317/1349/1334 2159/1351/1336 1150/1561/1546
f 311/1603/1588 1150/1561/1546 2072/1337/1322 1197/1336/1321
f 312/1605/1590 1138/1216/1203 1976/1050/1039 990/1063/1052
f 312/1605/1590 990/1063/1052 2156/1062/1051 1318/1221/1208
f 312/1605/1590 1318/1221/1208 2158/1224/1211 1086/1604/1589
f 312/1605/1590 1086/1604/1589 2040/1217/1204 1138/1216/1203
f 313/1606/1591 1069/1014/1004 1977/1013/1003 1307/1222/1209
f 313/1606/1591 1307/1222/1209 2156/1062/1051 1319/1061/1050
f 313/1606/1591 1319/1061/1050 2157/1065/1054 1308/1607/1592
f 313/1606/1591 1308/1607/1592 2009/1015/1005 1069/1014/1004
f 314/1608/1593 1188/1301/1287 2042/1185/1173 1088/1609/1594
f 314/1608/1593 1088/1609/1594 2165/1126/1115 1324/1387/1372
f 314/1608/1593 1324/1387/1372 2166/1389/1374 1152/1610/1595
f 314/1608/1593 1152/1610/1595 2074/1302/1288 1188/1301/1287
f 315/1611/1596 1116/1184/1172 1978/911/903 992/910/902
f 315/1611/1596 992/910/902 2163/909/901 1325/1121/1110
f 315/1611/1596 1325/1121/1110 2165/1126/1115 1088/1609/1594
f 315/1611/1596 1088/1609/1594 2042/1185/1173 1116/1184/1172
f 316/1612/1597 1050/1074/1063 1979/1073/1062 1320/1122/1111
f 316/1612/1597 1320/1122/1111 2163/909/901 1326/908/900
f 316/1612/1597 1326/908/900 2164/915/907 1321/1613/1598
f 316/1612/1597 1321/1613/1598 2011/1075/1064 1050/1074/1063
f 317/1614/1599 1333/1615/1600 2112/1616/1601 1236/1617/1602
f 317/1614/1599 1236/1617/1602 2114/1618/1603 1334/1619/1604
f 317/1614/1599 1334/1619/1604 2174/1446/1431 1335/1445/1430
f 317/1614/1599 1335/1445/1430 2173/1440/1425 1333/1615/1600
f 318/1620/1605 1332/1621/1606 2110/1622/1607 1233/1623/1608
f 318/1620/1605 1233/1623/1608 2112/1616/1601 1333/1615/1600
f 318/1620/1605 1333/1615/1600 2173/1440/1425 1336/1439/1424
f 318/1620/1605 1336/1439/1424 2172/1434/1419 1332/1621/1606
f 319/1624/1609 1331/1625/1610 2108/1626/1611 1230/1627/1612
f 319/1624/1609 1230/1627/1612 2110/1622/1607 1332/1621/1606
f 319/1624/1609 1332/1621/1606 2172/1434/1419 1337/1433/1418
f 319/1624/1609 1337/1433/1418 2171/1428/1413 1331/1625/1610
f 320/1628/1613 1330/1290/1277 2089/1289/1276 1227/1629/1614
f 320/1628/1613 1227/1629/1614 2108/1626/1611 1331/1625/1610
f 320/1628/1613 1331/1625/1610 2171/1428/1413 1338/1427/1412
f 320/1628/1613 1338/1427/1412 2170/1291/1278 1330/1290/1277
f 321/1630/1615 1181/1276/1263 2056/1161/1150 1102/1631/1616
f 321/1630/1615 1102/1631/1616 2169/1174/1163 1339/1287/1274
f 321/1630/1615 1339/1287/1274 2170/1291/1278 1166/1426/1411
f 321/1630/1615 1166/1426/1411 2088/1277/1264 1181/1276/1263
f 322/1632/1617 1126/1160/1149 1992/960/952 1006/988/980
f 322/1632/1617 1006/988/980 2167/987/979 1340/1171/1160
f 322/1632/1617 1340/1171/1160 2169/1174/1163 1102/1631/1616
f 322/1632/1617 1102/1631/1616 2056/1161/1150 1126/1160/1149
f 323/1633/1618 1047/903/895 1993/902/894 1327/1172/1161
f 323/1633/1618 1327/1172/1161 2167/987/979 1341/986/978
f 323/1633/1618 1341/986/978 2168/990/982 1328/1634/1619
f 323/1633/1618 1328/1634/1619 2025/904/896 1047/903/895
f 324/1635/1620 1345/1328/1313 2087/1279/1266 1213/1636/1621
f 324/1635/1620 1213/1636/1621 2100/1637/1622 1346/1638/1623
f 324/1635/1620 1346/1638/1623 2179/1408/1393 1347/1407/1392
f 324/1635/1620 1347/1407/1392 2178/1329/1314 1345/1328/1313
f 325/1639/1624 1195/1365/1350 2054/1239/1226 1100/1640/1625
f 325/1639/1624 1100/1640/1625 2177/1213/1200 1348/1327/1312
f 325/1639/1624 1348/1327/1312 2178/1329/1314 1164/1406/1391
f 325/1639/1624 1164/1406/1391 2086/1366/1351 1195/1365/1350
f 326/1641/1626 1137/1238/1225 1990/1034/1023 1004/1033/1022
f 326/1641/1626 1004/1033/1022 2175/1032/1021 1349/1210/1197
f 326/1641/1626 1349/1210/1197 2177/1213/1200 1100/1640/1625
f 326/1641/1626 1100/1640/1625 2054/1239/1226 1137/1238/1225
f 327/1642/1627 1060/963/955 1991/962/954 1342/1211/1198
f 327/1642/1627 1342/1211/1198 2175/1032/1021 1350/1031/1020
f 327/1642/1627 1350/1031/1020 2176/1038/1027 1343/1643/1628
f 327/1642/1627 1343/1643/1628 2023/964/956 1060/963/955
f 328/1644/1629 1179/1270/1257 2038/1155/1144 1084/1645/1630
f 328/1644/1629 1084/1645/1630 2182/1249/1236 1355/1375/1360
f 328/1644/1629 1355/1375/1360 2183/1377/1362 1148/1646/1631
f 328/1644/1629 1148/1646/1631 2070/1271/1258 1179/1270/1257
f 329/1647/1632 1124/1154/1143 1974/951/943 988/1096/1085
f 329/1647/1632 988/1096/1085 2180/1095/1084 1356/1246/1233
f 329/1647/1632 1356/1246/1233 2182/1249/1236 1084/1645/1630
f 329/1647/1632 1084/1645/1630 2038/1155/1144 1124/1154/1143
f 330/1648/1633 1074/1053/1042 1975/1052/1041 1351/1247/1234
f 330/1648/1633 1351/1247/1234 2180/1095/1084 1357/1094/1083
f 330/1648/1633 1357/1094/1083 2181/1098/1087 1352/1649/1634
f 330/1648/1633 1352/1649/1634 2007/1054/1043 1074/1053/1042
f 331/1650/1635 1219/1417/1402 2098/1416/1401 1361/1651/1636
f 331/1650/1635 1361/1651/1636 2185/1652/1637 1359/1653/1638
f 331/1650/1635 1359/1653/1638 2186/1654/1639 1360/1655/1640
f 331/1650/1635 1360/1655/1640 2106/1401/1386 1219/1417/1402
f 332/1656/1641 1208/1402/1387 2106/1401/1386 1360/1655/1640
f 332/1656/1641 1360/1655/1640 2186/1654/1639 1358/1657/1642
f 332/1656/1641 1358/1657/1642 2184/1658/1643 1362/1659/1644
f 332/1656/1641 1362/1659/1644 2097/1403/1388 1208/1402/1387
f 333/1660/1645 1359/1653/1638 2185/1652/1637 1366/1661/1646
f 333/1660/1645 1366/1661/1646 2188/1662/1647 1364/1663/1648
f 333/1660/1645 1364/1663/1648 2189/1664/1649 1365/1665/1650
f 333/1660/1645 1365/1665/1650 2186/1654/1639 1359/1653/1638
f 334/1666/1651 1358/1657/1642 2186/1654/1639 1365/1665/1650
f 334/1666/1651 1365/1665/1650 2189/1664/1649 1363/1667/1652
f 334/1666/1651 1363/1667/1652 2187/1668/1653 1367/1669/1654
f 334/1666/1651 1367/1669/1654 2184/1658/1643 1358/1657/1642
f 335/1670/1655 1364/1663/1648 2188/1662/1647 1371/1671/1656
f 335/1670/1655 1371/1671/1656 2191/1672/1657 1369/1673/1658
f 335/1670/1655 1369/1673/1658 2192/1674/1659 1370/1675/1660
f 335/1670/1655 1370/1675/1660 2189/1664/1649 1364/1663/1648
f 336/1676/1661 1363/1667/1652 2189/1664/1649 1370/1675/1660
f 336/1676/1661 1370/1675/1660 2192/1674/1659 1368/1677/1662
f 336/1676/1661 1368/1677/1662 2190/1678/1663 1372/1679/1664
f 336/1676/1661 1372/1679/1664 2187/1668/1653 1363/1667/1652
f 337/1680/1665 1369/1673/1658 2191/1672/1657 1376/1681/1666
f 337/1680/1665 1376/1681/1666 2194/1682/1667 1374/1683/1668
f 337/1680/1665 1374/1683/1668 2195/1684/1669 1375/1685/1670
f 337/1680/1665 1375/1685/1670 2192/1674/1659 1369/1673/1658
f 338/1686/1671 1368/1677/1662 2192/1674/1659 1375/1685/1670
f 338/1686/1671 1375/1685/1670 2195/1684/1669 1373/1687/1672
f 338/1686/1671 1373/1687/1672 2193/1688/1673 1377/1689/1674
f 338/1686/1671 1377/1689/1674 2190/1678/1663 1368/1677/1662
f 339/1690/1675 1374/1683/1668 2194/1682/1667 1381/1691/1676
f 339/1690/1675 1381/1691/1676 2197/1692/1677 1379/1693/1678
f 339/1690/1675 1379/1693/1678 2198/1694/1679 1380/1695/1680
f 339/1690/1675 1380/1695/1680 2195/1684/1669 1374/1683/1668
f 340/1696/1681 1373/1687/1672 2195/1684/1669 1380/1695/1680
f 340/1696/1681 1380/1695/1680 2198/1694/1679 1378/1697/1682
f 340/1696/1681 1378/1697/1682 2196/1698/1683 1382/1699/1684
f 340/1696/1681 1382/1699/1684 2193/1688/1673 1373/1687/1672
f 341/1700/1685 900/769/761 1921/768/760 1384/1701/1686
f 341/1702/1685 1384/1703/1686 2153/1589/1574 1302/1588/1573
f 341/1702/1685 1302/1588/1573 2154/1585/1570 1383/1704/1687
f 341/1700/1685 1383/1705/1687 1922/763/755 900/769/761
f 342/1706/1688 1734/1707/1689 2288/1708/1690 1672/1709/1691
f 342/1710/1688 1672/1711/1691 2157/1065/1054 1022/1064/1053
f 342/1710/1688 1022/1064/1053 2008/1056/1045 1385/1712/1692
f 342/1706/1688 1385/1713/1692 2275/1714/1693 1734/1707/1689
f 343/1715/1694 854/666/658 1889/657/649 1388/1716/1695
f 343/1717/1694 1388/1718/1695 2121/1478/1463 1256/1489/1474
f 343/1717/1694 1256/1489/1474 2124/1488/1473 1387/1719/1696
f 343/1715/1694 1387/1720/1696 1892/667/659 854/666/658
f 344/1721/1697 831/804/796 1880/799/791 1390/1722/1698
f 344/1723/1697 1390/1724/1698 2112/1616/1601 1233/1623/1608
f 344/1723/1697 1233/1623/1608 2110/1622/1607 1389/1725/1699
f 344/1721/1697 1389/1726/1699 1878/805/797 831/804/796
f 345/1727/1700 808/590/582 1866/594/586 1392/1728/1701
f 345/1729/1700 1392/1730/1701 2098/1416/1401 1210/1415/1400
f 345/1729/1700 1210/1415/1400 2096/1414/1399 1391/1731/1702
f 345/1727/1700 1391/1732/1702 1864/591/583 808/590/582
f 346/1733/1703 1733/1734/1704 2289/1735/1705 1673/1736/1706
f 346/1737/1703 1673/1738/1706 2007/1054/1043 1352/1649/1634
f 346/1737/1703 1352/1649/1634 2181/1098/1087 1393/1739/1707
f 346/1733/1703 1393/1740/1707 2276/1741/1708 1733/1734/1704
f 347/1742/1709 904/767/759 1918/758/750 1395/1743/1710
f 347/1744/1709 1395/1745/1710 2150/1579/1564 1306/1590/1575
f 347/1744/1709 1306/1590/1575 2153/1589/1574 1384/1703/1686
f 347/1742/1709 1384/1701/1686 1921/768/760 904/767/759
f 348/1746/1711 1732/1747/1712 2290/1748/1713 1674/1749/1714
f 348/1750/1711 1674/1751/1714 2013/1043/1032 1026/1086/1075
f 348/1750/1711 1026/1086/1075 2012/1077/1066 1396/1752/1715
f 348/1746/1711 1396/1753/1715 2277/1754/1716 1732/1747/1712
f 349/1755/1717 858/671/663 1862/431/425 1399/1756/1718
f 349/1757/1717 1399/1758/1718 2094/1253/1240 1260/1495/1480
f 349/1757/1717 1260/1495/1480 2130/1494/1479 1398/1759/1719
f 349/1755/1717 1398/1760/1719 1898/672/664 858/671/663
f 350/1761/1720 977/883/875 1966/882/874 1401/1762/1721
f 350/1763/1720 1401/1764/1721 2198/1694/1679 1379/1693/1678
f 350/1763/1720 1379/1693/1678 2197/1692/1677 1400/1765/1722
f 350/1761/1720 1400/1766/1722 1965/884/876 977/883/875
f 351/1767/1723 1731/1768/1724 2291/1769/1725 1675/1770/1726
f 351/1771/1723 1675/1772/1726 2017/897/889 1030/896/888
f 351/1771/1723 1030/896/888 2016/895/887 1402/1773/1727
f 351/1767/1723 1402/1774/1727 2278/1775/1728 1731/1768/1724
f 352/1776/1729 885/735/727 1913/734/726 1405/1777/1730
f 352/1778/1729 1405/1779/1730 2145/1556/1541 1287/1555/1540
f 352/1778/1729 1287/1555/1540 2146/1554/1539 1404/1780/1731
f 352/1776/1729 1404/1781/1731 1914/736/728 885/735/727
f 353/1782/1732 839/636/628 1885/638/630 1407/1783/1733
f 353/1784/1732 1407/1785/1733 2117/1458/1443 1241/1457/1442
f 353/1784/1732 1241/1457/1442 2092/1295/1282 1406/1786/1734
f 353/1782/1732 1406/1787/1734 1860/473/467 839/636/628
f 354/1788/1735 1730/1789/1736 2292/1790/1737 1676/1791/1738
f 354/1792/1735 1676/1793/1738 2102/948/940 1034/947/939
f 354/1792/1735 1034/947/939 2020/933/925 1408/1794/1739
f 354/1788/1735 1408/1795/1739 2279/1796/1740 1730/1789/1736
f 355/1797/1741 889/732/724 1914/736/728 1404/1781/1731
f 355/1798/1741 1404/1780/1731 2146/1554/1539 1291/1553/1538
f 355/1798/1741 1291/1553/1538 2142/1534/1519 1410/1799/1742
f 355/1797/1741 1410/1800/1742 1910/716/708 889/732/724
f 356/1801/1743 866/684/676 1901/688/680 1412/1802/1744
f 356/1803/1743 1412/1804/1744 2133/1506/1491 1268/1505/1490
f 356/1803/1743 1268/1505/1490 2129/1498/1483 1411/1805/1745
f 356/1801/1743 1411/1806/1745 1897/680/672 866/684/676
f 357/1807/1746 843/640/632 1888/644/636 1413/1808/1747
f 357/1809/1746 1413/1810/1747 2120/1462/1447 1245/1461/1446
f 357/1809/1746 1245/1461/1446 2117/1458/1443 1407/1785/1733
f 357/1807/1746 1407/1783/1733 1885/638/630 843/640/632
f 358/1811/1748 751/532/524 1843/531/523 1415/1812/1749
f 358/1813/1748 1415/1814/1749 2075/1357/1342 1153/1356/1341
f 358/1813/1748 1153/1356/1341 2076/1355/1340 1414/1815/1750
f 358/1811/1748 1414/1816/1750 1844/533/525 751/532/524
f 359/1817/1751 893/781/773 1917/778/770 1417/1818/1752
f 359/1819/1751 1417/1820/1752 2149/1599/1584 1295/1602/1587
f 359/1819/1751 1295/1602/1587 2073/1305/1290 1416/1821/1753
f 359/1817/1751 1416/1822/1753 1841/477/471 893/781/773
f 360/1823/1754 1729/1824/1755 2293/1825/1756 1677/1826/1757
f 360/1827/1754 1677/1828/1757 2168/990/982 1038/989/981
f 360/1827/1754 1038/989/981 2024/966/958 1418/1829/1758
f 360/1823/1754 1418/1830/1758 2280/1831/1759 1729/1824/1755
f 361/1832/1760 870/707/699 1904/706/698 1421/1833/1761
f 361/1834/1760 1421/1835/1761 2136/1528/1513 1272/1527/1512
f 361/1834/1760 1272/1527/1512 2137/1526/1511 1420/1836/1762
f 361/1832/1760 1420/1837/1762 1905/708/700 870/707/699
f 362/1838/1763 1728/1839/1764 2294/1840/1765 1678/1841/1766
f 362/1842/1763 1678/1843/1766 2002/924/916 1015/923/915
f 362/1842/1763 1015/923/915 2001/922/914 1422/1844/1767
f 362/1838/1763 1422/1845/1767 2281/1846/1768 1728/1839/1764
f 363/1847/1769 824/607/599 1856/455/449 1425/1848/1770
f 363/1849/1769 1425/1850/1770 2088/1277/1264 1226/1431/1416
f 363/1849/1769 1226/1431/1416 2107/1430/1415 1424/1851/1771
f 363/1847/1769 1424/1852/1771 1875/608/600 824/607/599
f 364/1853/1772 755/548/540 1847/443/437 1427/1854/1773
f 364/1855/1772 1427/1856/1773 2079/1265/1252 1157/1373/1358
f 364/1855/1772 1157/1373/1358 2080/1372/1357 1426/1857/1774
f 364/1853/1772 1426/1858/1774 1848/549/541 755/548/540
f 365/1859/1775 1727/1860/1776 2295/1861/1777 1679/1862/1778
f 365/1863/1775 1679/1864/1778 2029/940/932 1042/1029/1018
f 365/1863/1775 1042/1029/1018 2028/999/991 1428/1865/1779
f 365/1859/1775 1428/1866/1779 2282/1867/1780 1727/1860/1776
f 366/1868/1781 1726/1869/1782 2296/1870/1783 1680/1871/1784
f 366/1872/1781 1680/1873/1784 2006/957/949 1019/956/948
f 366/1872/1781 1019/956/948 2005/955/947 1430/1874/1785
f 366/1875/1781 1430/1876/1785 2283/1877/1786 1726/1878/1782
f 367/1879/1787 851/663/655 1893/662/654 1433/1880/1788
f 367/1881/1787 1433/1882/1788 2125/1484/1469 1253/1483/1468
f 367/1881/1787 1253/1483/1468 2126/1482/1467 1432/1883/1789
f 367/1879/1787 1432/1884/1789 1894/664/656 851/663/655
f 368/1885/1790 828/808/800 1878/805/797 1389/1726/1699
f 368/1886/1790 1389/1725/1699 2110/1622/1607 1230/1627/1612
f 368/1886/1790 1230/1627/1612 2108/1626/1611 1434/1887/1791
f 368/1885/1790 1434/1888/1791 1876/809/801 828/808/800
f 369/1889/1792 805/596/588 1864/591/583 1391/1732/1702
f 369/1890/1792 1391/1731/1702 2096/1414/1399 1207/1419/1404
f 369/1890/1792 1207/1419/1404 2085/1259/1246 1435/1891/1793
f 369/1889/1792 1435/1892/1793 1853/437/431 805/596/588
f 370/1893/1794 759/560/552 1851/491/483 1437/1894/1795
f 370/1895/1794 1437/1896/1795 2083/1313/1298 1161/1385/1370
f 370/1895/1794 1161/1385/1370 2084/1384/1369 1436/1897/1796
f 370/1893/1794 1436/1898/1796 1852/561/553 759/560/552
f 371/1899/1797 970/866/858 1955/857/849 1439/1900/1798
f 371/1901/1797 1439/1902/1798 2187/1668/1653 1372/1679/1664
f 371/1901/1797 1372/1679/1664 2190/1678/1663 1438/1903/1799
f 371/1899/1797 1438/1904/1799 1958/867/859 970/866/858
f 372/1905/1800 901/764/756 1922/763/755 1383/1705/1687
f 372/1906/1800 1383/1704/1687 2154/1585/1570 1303/1584/1569
f 372/1906/1800 1303/1584/1569 2162/1583/1568 1440/1907/1801
f 372/1905/1800 1440/1908/1801 1930/765/757 901/764/756
f 373/1909/1802 1725/1910/1803 2297/1911/1804 1681/1912/1805
f 373/1913/1802 1681/1914/1805 2010/913/905 1023/1017/1006
f 373/1915/1802 1023/1016/1006 2009/1015/1005 1441/1916/1806
f 373/1909/1802 1441/1917/1806 2284/1918/1807 1725/1910/1803
f 374/1919/1808 832/627/619 1881/626/618 1444/1920/1809
f 374/1921/1808 1444/1922/1809 2113/1448/1433 1234/1447/1432
f 374/1921/1808 1234/1447/1432 2174/1446/1431 1443/1923/1810
f 374/1919/1808 1443/1924/1810 1942/628/620 832/627/619
f 375/1925/1811 809/587/579 1867/586/578 1446/1926/1812
f 375/1927/1811 1446/1928/1812 2099/1410/1395 1211/1409/1394
f 375/1927/1811 1211/1409/1394 2179/1408/1393 1445/1929/1813
f 375/1925/1811 1445/1930/1813 1947/588/580 809/587/579
f 376/1931/1814 763/454/448 1855/453/447 1447/1932/1815
f 376/1933/1814 1447/1934/1815 2087/1279/1266 1165/1278/1265
f 376/1933/1814 1165/1278/1265 2088/1277/1264 1425/1850/1770
f 376/1931/1814 1425/1848/1770 1856/455/449 763/454/448
f 377/1935/1816 974/870/862 1962/874/866 1449/1936/1817
f 377/1937/1816 1449/1938/1817 2194/1682/1667 1376/1681/1666
f 377/1937/1816 1376/1681/1666 2191/1672/1657 1448/1939/1818
f 377/1935/1816 1448/1940/1818 1959/864/856 974/870/862
f 378/1941/1819 1724/1942/1820 2298/1943/1821 1682/1944/1822
f 378/1945/1819 1682/1946/1822 2014/973/965 1027/1044/1033
f 378/1945/1819 1027/1044/1033 2013/1043/1032 1674/1751/1714
f 378/1941/1819 1674/1749/1714 2290/1748/1713 1724/1942/1820
f 379/1947/1823 882/722/714 1835/495/487 1452/1948/1824
f 379/1949/1823 1452/1950/1824 2067/1321/1306 1284/1545/1530
f 379/1949/1823 1284/1545/1530 2139/1544/1529 1451/1951/1825
f 379/1947/1823 1451/1952/1825 1907/723/715 882/722/714
f 380/1953/1826 1723/1954/1827 2299/1955/1828 1683/1956/1829
f 380/1957/1826 1683/1958/1829 2021/1091/1080 1215/1424/1409
f 380/1957/1826 1215/1424/1409 2102/948/940 1676/1793/1738
f 380/1953/1826 1676/1791/1738 2292/1790/1737 1723/1954/1827
f 381/1959/1830 932/801/793 1942/628/620 1443/1924/1810
f 381/1960/1830 1443/1923/1810 2174/1446/1431 1334/1619/1604
f 381/1960/1830 1334/1619/1604 2114/1618/1603 1454/1961/1831
f 381/1959/1830 1454/1962/1831 1882/802/794 932/801/793
f 382/1963/1832 1722/1964/1833 2300/1965/1834 1684/1966/1835
f 382/1967/1832 1684/1968/1835 2018/1007/999 1031/1059/1048
f 382/1967/1832 1031/1059/1048 2017/897/889 1675/1772/1726
f 382/1963/1832 1675/1770/1726 2291/1769/1725 1722/1964/1833
f 383/1969/1836 886/727/719 1907/723/715 1451/1952/1825
f 383/1970/1836 1451/1951/1825 2139/1544/1529 1288/1551/1536
f 383/1970/1836 1288/1551/1536 2143/1550/1535 1456/1971/1837
f 383/1969/1836 1456/1972/1837 1911/728/720 886/727/719
f 384/1973/1838 959/840/832 1953/844/836 1457/1974/1839
f 384/1975/1838 1457/1976/1839 2185/1652/1637 1361/1651/1636
f 384/1975/1838 1361/1651/1636 2098/1416/1401 1392/1730/1701
f 384/1973/1838 1392/1728/1701 1866/594/586 959/840/832
f 385/1977/1840 1721/1978/1841 2301/1979/1842 1685/1980/1843
f 385/1981/1840 1685/1982/1843 2022/1036/1025 1035/1092/1081
f 385/1981/1840 1035/1092/1081 2021/1091/1080 1683/1958/1829
f 385/1977/1840 1683/1956/1829 2299/1955/1828 1721/1978/1841
f 386/1983/1844 844/646/638 1883/632/624 1460/1984/1845
f 386/1985/1844 1460/1986/1845 2115/1454/1439 1246/1469/1454
f 386/1985/1844 1246/1469/1454 2118/1468/1453 1459/1987/1846
f 386/1983/1844 1459/1988/1846 1886/647/639 844/646/638
f 387/1989/1847 752/546/538 1844/533/525 1414/1816/1750
f 387/1990/1847 1414/1815/1750 2076/1355/1340 1154/1369/1354
f 387/1990/1847 1154/1369/1354 2077/1333/1318 1461/1991/1848
f 387/1989/1847 1461/1992/1848 1845/509/501 752/546/538
f 388/1993/1849 1720/1994/1850 2302/1995/1851 1686/1996/1852
f 388/1997/1849 1686/1998/1852 2026/906/898 1039/905/897
f 388/1997/1849 1039/905/897 2025/904/896 1462/1999/1853
f 388/1993/1849 1462/2000/1853 2285/2001/1854 1720/1994/1850
f 389/2002/1855 894/747/739 1839/513/505 1465/2003/1856
f 389/2004/1855 1465/2005/1856 2071/1339/1324 1296/1570/1555
f 389/2004/1855 1296/1570/1555 2147/1569/1554 1464/2006/1857
f 389/2002/1855 1464/2007/1857 1915/748/740 894/747/739
f 390/2008/1858 1719/2009/1859 2303/2010/1860 1687/2011/1861
f 390/2012/1858 1687/2013/1861 2003/1024/1013 1016/1080/1069
f 390/2012/1858 1016/1080/1069 2002/924/916 1678/1843/1766
f 390/2008/1858 1678/1841/1766 2294/1840/1765 1719/2009/1859
f 391/2014/1862 871/701/693 1906/700/692 1468/2015/1863
f 391/2016/1862 1468/2017/1863 2138/1522/1507 1273/1521/1506
f 391/2016/1862 1273/1521/1506 2135/1520/1505 1467/2018/1864
f 391/2014/1862 1467/2019/1864 1903/702/694 871/701/693
f 392/2020/1865 848/650/642 1891/654/646 1469/2021/1866
f 392/2022/1865 1469/2023/1866 2123/1472/1457 1250/1471/1456
f 392/2022/1865 1250/1471/1456 2120/1462/1447 1413/1810/1747
f 392/2020/1865 1413/1808/1747 1888/644/636 848/650/642
f 393/2024/1867 825/812/804 1876/809/801 1434/1888/1791
f 393/2025/1867 1434/1887/1791 2108/1626/1611 1227/1629/1614
f 393/2025/1867 1227/1629/1614 2089/1289/1276 1470/2026/1868
f 393/2024/1867 1470/2027/1868 1857/467/461 825/812/804
f 394/2028/1869 756/556/548 1848/549/541 1426/1858/1774
f 394/2029/1869 1426/1857/1774 2080/1372/1357 1158/1379/1364
f 394/2029/1869 1158/1379/1364 2081/1347/1332 1471/2030/1870
f 394/2028/1869 1471/2031/1870 1849/523/515 756/556/548
f 395/2032/1871 944/822/814 1947/588/580 1445/1930/1813
f 395/2033/1871 1445/1929/1813 2179/1408/1393 1346/1638/1623
f 395/2033/1871 1346/1638/1623 2100/1637/1622 1472/2034/1872
f 395/2032/1871 1472/2035/1872 1868/823/815 944/822/814
f 396/2036/1873 921/566/558 1934/565/557 1473/2037/1874
f 396/2038/1873 1473/2039/1874 2166/1389/1374 1323/1388/1373
f 396/2038/1873 1323/1388/1373 2075/1357/1342 1415/1814/1749
f 396/2036/1873 1415/1812/1749 1843/531/523 921/566/558
f 397/2040/1875 1718/2041/1876 2304/2042/1877 1688/2043/1878
f 397/2044/1875 1688/2045/1878 2030/942/934 1043/941/933
f 397/2044/1875 1043/941/933 2029/940/932 1679/1864/1778
f 397/2040/1875 1679/1862/1778 2295/1861/1777 1718/2041/1876
f 398/2046/1879 898/777/769 1920/772/764 1475/2047/1880
f 398/2048/1879 1475/2049/1880 2152/1593/1578 1300/1600/1585
f 398/2048/1879 1300/1600/1585 2149/1599/1584 1417/1820/1752
f 398/2046/1879 1417/1818/1752 1917/778/770 898/777/769
f 399/2050/1881 1717/2051/1882 2276/1741/1708 1393/1740/1707
f 399/2052/1881 1393/1739/1707 2181/1098/1087 1020/1097/1086
f 399/2052/1881 1020/1097/1086 2006/957/949 1680/1873/1784
f 399/2050/1881 1680/1871/1784 2296/1870/1783 1717/2051/1882
f 400/2053/1883 875/704/696 1905/708/700 1420/1837/1762
f 400/2054/1883 1420/1836/1762 2137/1526/1511 1277/1525/1510
f 400/2054/1883 1277/1525/1510 2133/1506/1491 1412/1804/1744
f 400/2053/1883 1412/1802/1744 1901/688/680 875/704/696
f 401/2055/1884 1716/2056/1885 2305/2057/1886 1689/2058/1887
f 401/2059/1884 1689/2060/1887 2164/915/907 1024/914/906
f 401/2059/1884 1024/914/906 2010/913/905 1681/1914/1805
f 401/2055/1884 1681/1912/1805 2297/1911/1804 1716/2056/1885
f 402/2061/1888 833/625/617 1879/620/612 1477/2062/1889
f 402/2063/1888 1477/2064/1889 2111/1442/1427 1235/1449/1434
f 402/2063/1888 1235/1449/1434 2113/1448/1433 1444/1922/1809
f 402/2061/1888 1444/1920/1809 1881/626/618 833/625/617
f 403/2065/1890 810/585/577 1854/543/535 1478/2066/1891
f 403/2067/1890 1478/2068/1891 2086/1366/1351 1212/1411/1396
f 403/2067/1890 1212/1411/1396 2099/1410/1395 1446/1928/1812
f 403/2065/1890 1446/1926/1812 1867/586/578 810/585/577
f 404/2069/1892 741/568/560 1833/485/477 1480/2070/1893
f 404/2071/1892 1480/2072/1893 2065/1308/1293 1143/1391/1376
f 404/2071/1892 1143/1391/1376 2066/1361/1346 1479/2073/1894
f 404/2069/1892 1479/2074/1894 1834/537/529 741/568/560
f 405/2075/1895 975/876/868 1958/867/859 1438/1904/1799
f 405/2076/1895 1438/1903/1799 2190/1678/1663 1377/1689/1674
f 405/2076/1895 1377/1689/1674 2193/1688/1673 1481/2077/1896
f 405/2075/1895 1481/2078/1896 1961/877/869 975/876/868
f 406/2079/1897 952/554/546 1951/553/545 1482/2080/1898
f 406/2081/1897 1482/2082/1898 2183/1377/1362 1354/1376/1361
f 406/2081/1897 1354/1376/1361 2071/1339/1324 1465/2005/1856
f 406/2079/1897 1465/2003/1856 1839/513/505 952/554/546
f 407/2083/1899 1715/2084/1900 2284/1918/1807 1441/1917/1806
f 407/2085/1899 1441/1916/1806 2009/1015/1005 1308/1607/1592
f 407/2085/1899 1308/1607/1592 2157/1065/1054 1672/1711/1691
f 407/2083/1899 1672/1709/1691 2288/1708/1690 1715/2084/1900
f 408/2086/1901 1714/2087/1902 2306/2088/1903 1690/2089/1904
f 408/2090/1901 1690/2091/1904 2015/975/967 1028/974/966
f 408/2090/1901 1028/974/966 2014/973/965 1682/1946/1822
f 408/2086/1901 1682/1944/1822 2298/1943/1821 1714/2087/1902
f 409/2092/1905 883/729/721 1911/728/720 1456/1972/1837
f 409/2093/1905 1456/1971/1837 2143/1550/1535 1285/1549/1534
f 409/2093/1905 1285/1549/1534 2144/1548/1533 1484/2094/1906
f 409/2092/1905 1484/2095/1906 1912/730/722 883/729/721
f 410/2096/1907 837/631/623 1858/519/511 1485/2097/1908
f 410/2098/1907 1485/2099/1908 2090/1343/1328 1239/1455/1440
f 410/2098/1907 1239/1455/1440 2115/1454/1439 1460/1986/1845
f 410/2096/1907 1460/1984/1845 1883/632/624 837/631/623
f 411/2100/1909 768/500/492 1860/473/467 1406/1787/1734
f 411/2101/1909 1406/1786/1734 2092/1295/1282 1170/1323/1308
f 411/2101/1909 1170/1323/1308 2093/1255/1242 1486/2102/1910
f 411/2100/1909 1486/2103/1910 1861/429/423 768/500/492
f 412/2104/1911 979/880/872 1965/884/876 1400/1766/1722
f 412/2105/1911 1400/1765/1722 2197/1692/1677 1381/1691/1676
f 412/2105/1911 1381/1691/1676 2194/1682/1667 1449/1938/1817
f 412/2104/1911 1449/1936/1817 1962/874/866 979/880/872
f 413/2106/1912 1713/2107/1913 2307/2108/1914 1691/2109/1915
f 413/2110/1912 1691/2111/1915 2019/931/923 1032/1008/1000
f 413/2110/1912 1032/1008/1000 2018/1007/999 1684/1968/1835
f 413/2106/1912 1684/1966/1835 2300/1965/1834 1713/2107/1913
f 414/2112/1916 749/478/472 1841/477/471 1416/1822/1753
f 414/2113/1916 1416/1821/1753 2073/1305/1290 1151/1304/1289
f 414/2114/1916 1151/1303/1289 2074/1302/1288 1488/2115/1917
f 414/2116/1916 1488/2117/1917 1842/481/473 749/480/472
f 415/2118/1918 960/846/838 1865/579/571 1490/2119/1919
f 415/2120/1918 1490/2121/1919 2097/1403/1388 1362/1659/1644
f 415/2120/1918 1362/1659/1644 2184/1658/1643 1489/2122/1920
f 415/2118/1918 1489/2123/1920 1952/847/839 960/846/838
f 416/2124/1921 1712/2125/1922 2308/2126/1923 1692/2127/1924
f 416/2128/1921 1692/2129/1924 2176/1038/1027 1036/1037/1026
f 416/2128/1921 1036/1037/1026 2022/1036/1025 1685/1982/1843
f 416/2124/1921 1685/1980/1843 2301/1979/1842 1712/2125/1922
f 417/2130/1925 1711/2131/1926 2309/2132/1927 1693/2133/1928
f 417/2134/1925 1693/2135/1928 2000/984/976 1013/983/975
f 417/2134/1925 1013/983/975 1999/982/974 1492/2136/1929
f 417/2130/1925 1492/2137/1929 2286/2138/1930 1711/2131/1926
f 418/2139/1931 868/694/686 1898/672/664 1398/1760/1719
f 418/2140/1931 1398/1759/1719 2130/1494/1479 1270/1517/1502
f 418/2140/1931 1270/1517/1502 2134/1516/1501 1494/2141/1932
f 418/2139/1931 1494/2142/1932 1902/695/687 868/694/686
f 419/2143/1933 753/510/502 1845/509/501 1461/1992/1848
f 419/2144/1933 1461/1991/1848 2077/1333/1318 1155/1332/1317
f 419/2144/1933 1155/1332/1317 2078/1267/1254 1495/2145/1934
f 419/2143/1933 1495/2146/1934 1846/441/435 753/510/502
f 420/2147/1935 964/850/842 1956/854/846 1496/2148/1936
f 420/2149/1935 1496/2150/1936 2188/1662/1647 1366/1661/1646
f 420/2149/1935 1366/1661/1646 2185/1652/1637 1457/1976/1839
f 420/2147/1935 1457/1974/1839 1953/844/836 964/850/842
f 421/2151/1937 1710/2152/1938 2310/2153/1939 1694/2154/1940
f 421/2155/1937 1694/2156/1940 2023/964/956 1343/1643/1628
f 421/2155/1937 1343/1643/1628 2176/1038/1027 1692/2129/1924
f 421/2151/1937 1692/2127/1924 2308/2126/1923 1710/2152/1938
f 422/2157/1941 1709/2158/1942 2311/2159/1943 1695/2160/1944
f 422/2161/1941 1695/2162/1944 2027/997/989 1040/1068/1057
f 422/2161/1941 1040/1068/1057 2026/906/898 1686/1998/1852
f 422/2157/1941 1686/1996/1852 2302/1995/1851 1709/2158/1942
f 423/2163/1945 872/699/691 1902/695/687 1494/2142/1932
f 423/2164/1945 1494/2141/1932 2134/1516/1501 1274/1523/1508
f 423/2164/1945 1274/1523/1508 2138/1522/1507 1468/2017/1863
f 423/2163/1945 1468/2015/1863 1906/700/692 872/699/691
f 424/2165/1946 1708/2166/1947 2312/2167/1948 1696/2168/1949
f 424/2169/1946 1696/2170/1949 2004/1026/1015 1017/1025/1014
f 424/2169/1946 1017/1025/1014 2003/1024/1013 1687/2013/1861
f 424/2165/1946 1687/2011/1861 2303/2010/1860 1708/2166/1947
f 425/2171/1950 849/656/648 1886/647/639 1459/1988/1846
f 425/2172/1950 1459/1987/1846 2118/1468/1453 1251/1479/1464
f 425/2172/1950 1251/1479/1464 2121/1478/1463 1388/1718/1695
f 425/2171/1950 1388/1716/1695 1889/657/649 849/656/648
f 426/2173/1951 757/524/516 1849/523/515 1471/2031/1870
f 426/2174/1951 1471/2030/1870 2081/1347/1332 1159/1346/1331
f 426/2174/1951 1159/1346/1331 2082/1315/1300 1500/2175/1952
f 426/2173/1951 1500/2176/1952 1850/489/481 757/524/516
f 427/2177/1953 1707/2178/1954 2286/2138/1930 1492/2137/1929
f 427/2179/1953 1492/2136/1929 1999/982/974 1044/1083/1072
f 427/2179/1953 1044/1083/1072 2030/942/934 1688/2045/1878
f 427/2177/1953 1688/2043/1878 2304/2042/1877 1707/2178/1954
f 428/2180/1955 899/757/749 1915/748/740 1464/2007/1857
f 428/2181/1955 1464/2006/1857 2147/1569/1554 1301/1580/1565
f 428/2181/1955 1301/1580/1565 2150/1579/1564 1395/1745/1710
f 428/2180/1955 1395/1743/1710 1918/758/750 899/757/749
f 429/2182/1956 1706/2183/1957 2275/1714/1693 1385/1713/1692
f 429/2184/1956 1385/1712/1692 2008/1056/1045 1021/1055/1044
f 429/2184/1956 1021/1055/1044 2007/1054/1043 1673/1738/1706
f 429/2182/1956 1673/1736/1706 2289/1735/1705 1706/2183/1957
f 430/2185/1958 853/660/652 1894/664/656 1432/1884/1789
f 430/2186/1958 1432/1883/1789 2126/1482/1467 1255/1481/1466
f 430/2186/1958 1255/1481/1466 2123/1472/1457 1469/2023/1866
f 430/2185/1958 1469/2021/1866 1891/654/646 853/660/652
f 431/2187/1959 830/619/611 1877/614/606 1501/2188/1960
f 431/2189/1959 1501/2190/1960 2109/1436/1421 1232/1443/1428
f 431/2189/1959 1232/1443/1428 2111/1442/1427 1477/2064/1889
f 431/2187/1959 1477/2062/1889 1879/620/612 830/619/611
f 432/2191/1961 807/578/570 1863/573/565 1502/2192/1962
f 432/2193/1961 1502/2194/1962 2095/1397/1382 1209/1404/1389
f 432/2193/1961 1209/1404/1389 2097/1403/1388 1490/2121/1919
f 432/2191/1961 1490/2119/1919 1865/579/571 807/578/570
f 433/2195/1963 761/542/534 1853/437/431 1435/1892/1793
f 433/2196/1963 1435/1891/1793 2085/1259/1246 1163/1367/1352
f 433/2196/1963 1163/1367/1352 2086/1366/1351 1478/2068/1891
f 433/2195/1963 1478/2066/1891 1854/543/535 761/542/534
f 434/2197/1964 1705/2198/1965 2285/2001/1854 1462/2000/1853
f 434/2199/1964 1462/1999/1853 2025/904/896 1328/1634/1619
f 434/2199/1964 1328/1634/1619 2168/990/982 1677/1828/1757
f 434/2197/1964 1677/1826/1757 2293/1825/1756 1705/2198/1965
f 435/2200/1966 903/771/763 1923/775/767 1503/2201/1967
f 435/2202/1966 1503/2203/1967 2155/1595/1580 1305/1594/1579
f 435/2202/1966 1305/1594/1579 2152/1593/1578 1475/2049/1880
f 435/2200/1966 1475/2047/1880 1920/772/764 903/771/763
f 436/2204/1968 1704/2205/1969 2277/1754/1716 1396/1753/1715
f 436/2206/1968 1396/1752/1715 2012/1077/1066 1025/1076/1065
f 436/2206/1968 1025/1076/1065 2011/1075/1064 1504/2207/1970
f 436/2204/1968 1504/2208/1970 2287/2209/1971 1704/2205/1969
f 437/2210/1972 880/712/704 1910/716/708 1410/1800/1742
f 437/2211/1972 1410/1799/1742 2142/1534/1519 1282/1533/1518
f 437/2211/1972 1282/1533/1518 2070/1271/1258 1505/2212/1973
f 437/2210/1972 1505/2213/1973 1838/449/443 880/712/704
f 438/2214/1974 834/798/790 1882/802/794 1454/1962/1831
f 438/2215/1974 1454/1961/1831 2114/1618/1603 1236/1617/1602
f 438/2215/1974 1236/1617/1602 2112/1616/1601 1390/1724/1698
f 438/2214/1974 1390/1722/1698 1880/799/791 834/798/790
f 439/2216/1975 811/821/813 1868/823/815 1472/2035/1872
f 439/2217/1975 1472/2034/1872 2100/1637/1622 1213/1636/1621
f 439/2217/1975 1213/1636/1621 2087/1279/1266 1447/1934/1815
f 439/2216/1975 1447/1932/1815 1855/453/447 811/821/813
f 440/2218/1976 765/558/550 1857/467/461 1470/2027/1868
f 440/2219/1976 1470/2026/1868 2089/1289/1276 1167/1381/1366
f 440/2219/1976 1167/1381/1366 2090/1343/1328 1485/2099/1908
f 440/2218/1976 1485/2097/1908 1858/519/511 765/558/550
f 441/2220/1977 742/538/530 1834/537/529 1479/2074/1894
f 441/2221/1977 1479/2073/1894 2066/1361/1346 1144/1360/1345
f 441/2221/1977 1144/1360/1345 2067/1321/1306 1452/1950/1824
f 441/2220/1977 1452/1948/1824 1835/495/487 742/538/530
f 442/2222/1978 976/888/880 1964/887/879 1506/2223/1979
f 442/2224/1978 1506/2225/1979 2196/1698/1683 1378/1697/1682
f 442/2224/1978 1378/1697/1682 2198/1694/1679 1401/1764/1721
f 442/2222/1978 1401/1762/1721 1966/882/874 976/888/880
f 443/2226/1980 1703/2227/1981 2278/1775/1728 1402/1774/1727
f 443/2228/1980 1402/1773/1727 2016/895/887 1029/1101/1090
f 443/2228/1980 1029/1101/1090 2015/975/967 1690/2091/1904
f 443/2226/1980 1690/2089/1904 2306/2088/1903 1703/2227/1981
f 444/2229/1982 884/738/730 1912/730/722 1484/2095/1906
f 444/2230/1982 1484/2094/1906 2144/1548/1533 1286/1559/1544
f 444/2230/1982 1286/1559/1544 2145/1556/1541 1405/1779/1730
f 444/2229/1982 1405/1777/1730 1913/734/726 884/738/730
f 445/2231/1983 861/676/668 1897/680/672 1411/1806/1745
f 445/2232/1983 1411/1805/1745 2129/1498/1483 1263/1497/1482
f 445/2232/1983 1263/1497/1482 2065/1308/1293 1480/2072/1893
f 445/2231/1983 1480/2070/1893 1833/485/477 861/676/668
f 446/2233/1984 769/430/424 1861/429/423 1486/2103/1910
f 446/2234/1984 1486/2102/1910 2093/1255/1242 1171/1254/1241
f 446/2234/1984 1171/1254/1241 2094/1253/1240 1399/1758/1718
f 446/2233/1984 1399/1756/1718 1862/431/425 769/430/424
f 447/2235/1985 746/833/825 1838/449/443 1505/2213/1973
f 447/2236/1985 1505/2212/1973 2070/1271/1258 1148/1646/1631
f 447/2236/1985 1148/1646/1631 2183/1377/1362 1482/2082/1898
f 447/2235/1985 1482/2080/1898 1951/553/545 746/833/825
f 448/2237/1986 980/886/878 1961/877/869 1481/2078/1896
f 448/2238/1986 1481/2077/1896 2193/1688/1673 1382/1699/1684
f 448/2238/1986 1382/1699/1684 2196/1698/1683 1506/2225/1979
f 448/2237/1986 1506/2223/1979 1964/887/879 980/886/878
f 449/2239/1987 911/774/766 1930/765/757 1440/1908/1801
f 449/2240/1987 1440/1907/1801 2162/1583/1568 1313/1596/1581
f 449/2240/1987 1313/1596/1581 2155/1595/1580 1503/2203/1967
f 449/2239/1987 1503/2201/1967 1923/775/767 911/774/766
f 450/2241/1988 1702/2242/1989 2279/1796/1740 1408/1795/1739
f 450/2243/1988 1408/1794/1739 2020/933/925 1033/932/924
f 450/2243/1988 1033/932/924 2019/931/923 1691/2111/1915
f 450/2241/1988 1691/2109/1915 2307/2108/1914 1702/2242/1989
f 451/2244/1990 750/791/783 1842/481/473 1488/2117/1917
f 451/2245/1990 1488/2115/1917 2074/1302/1288 1152/1610/1595
f 451/2245/1990 1152/1610/1595 2166/1389/1374 1473/2039/1874
f 451/2244/1990 1473/2037/1874 1934/565/557 750/791/783
f 452/2246/1991 1701/2247/1992 2280/1831/1759 1418/1830/1758
f 452/2248/1991 1418/1829/1758 2024/966/958 1037/965/957
f 452/2248/1991 1037/965/957 2023/964/956 1694/2156/1940
f 452/2246/1991 1694/2154/1940 2310/2153/1939 1701/2247/1992
f 453/2249/1993 1700/2250/1994 2281/1846/1768 1422/1845/1767
f 453/2251/1993 1422/1844/1767 2001/922/914 1014/1002/994
f 453/2251/1993 1014/1002/994 2000/984/976 1693/2135/1928
f 453/2249/1993 1693/2133/1928 2309/2132/1927 1700/2250/1994
f 454/2252/1995 869/710/702 1903/702/694 1467/2019/1864
f 454/2253/1995 1467/2018/1864 2135/1520/1505 1271/1531/1516
f 454/2253/1995 1271/1531/1516 2136/1528/1513 1421/1835/1761
f 454/2252/1995 1421/1833/1761 1904/706/698 869/710/702
f 455/2254/1996 754/442/436 1846/441/435 1495/2146/1934
f 455/2255/1996 1495/2145/1934 2078/1267/1254 1156/1266/1253
f 455/2255/1996 1156/1266/1253 2079/1265/1252 1427/1856/1773
f 455/2254/1996 1427/1854/1773 1847/443/437 754/442/436
f 456/2256/1997 965/856/848 1952/847/839 1489/2123/1920
f 456/2257/1997 1489/2122/1920 2184/1658/1643 1367/1669/1654
f 456/2257/1997 1367/1669/1654 2187/1668/1653 1439/1902/1798
f 456/2256/1997 1439/1900/1798 1955/857/849 965/856/848
f 457/2258/1998 1699/2259/1999 2287/2209/1971 1504/2208/1970
f 457/2260/1998 1504/2207/1970 2011/1075/1064 1321/1613/1598
f 457/2260/1998 1321/1613/1598 2164/915/907 1689/2060/1887
f 457/2258/1998 1689/2058/1887 2305/2057/1886 1699/2259/1999
f 458/2261/2000 1698/2262/2001 2282/1867/1780 1428/1866/1779
f 458/2263/2000 1428/1865/1779 2028/999/991 1041/998/990
f 458/2263/2000 1041/998/990 2027/997/989 1695/2162/1944
f 458/2261/2000 1695/2160/1944 2311/2159/1943 1698/2262/2001
f 459/2264/2002 1697/2265/2003 2283/1877/1786 1430/1876/1785
f 459/2266/2002 1430/1874/1785 2005/955/947 1018/1047/1036
f 459/2266/2002 1018/1047/1036 2004/1026/1015 1696/2170/1949
f 459/2264/2002 1696/2168/1949 2312/2167/1948 1697/2265/2003
f 460/2267/2004 850/668/660 1892/667/659 1387/1720/1696
f 460/2268/2004 1387/1719/1696 2124/1488/1473 1252/1487/1472
f 460/2268/2004 1252/1487/1472 2125/1484/1469 1433/1882/1788
f 460/2267/2004 1433/1880/1788 1893/662/654 850/668/660
f 461/2269/2005 827/613/605 1875/608/600 1424/1852/1771
f 461/2270/2005 1424/1851/1771 2107/1430/1415 1229/1437/1422
f 461/2270/2005 1229/1437/1422 2109/1436/1421 1501/2190/1960
f 461/2269/2005 1501/2188/1960 1877/614/606 827/613/605
f 462/2271/2006 804/572/564 1852/561/553 1436/1898/1796
f 462/2272/2006 1436/1897/1796 2084/1384/1369 1206/1398/1383
f 462/2272/2006 1206/1398/1383 2095/1397/1382 1502/2194/1962
f 462/2271/2006 1502/2192/1962 1863/573/565 804/572/564
f 463/2273/2007 758/490/482 1850/489/481 1500/2176/1952
f 463/2274/2007 1500/2175/1952 2082/1315/1300 1160/1314/1299
f 463/2274/2007 1160/1314/1299 2083/1313/1298 1437/1896/1795
f 463/2273/2007 1437/1894/1795 1851/491/483 758/490/482
f 464/2275/2008 969/860/852 1959/864/856 1448/1940/1818
f 464/2276/2008 1448/1939/1818 2191/1672/1657 1371/1671/1656
f 464/2276/2008 1371/1671/1656 2188/1662/1647 1496/2150/1936
f 464/2275/2008 1496/2148/1936 1956/854/846 969/860/852
f 465/2277/2009 949/422/416 1743/378/372 1536/2278/2010
f 465/2277/2009 1536/2278/2010 2228/168/165 1545/837/829
f 465/2277/2009 1545/837/829 2236/207/204 955/2279/2011
f 465/2277/2009 955/2279/2011 1948/423/417 949/422/416
f 466/2280/2012 940/371/365 1759/297/294 1522/2281/2013
f 466/2280/2012 1522/2281/2013 2214/78/78 1546/829/821
f 466/2280/2012 1546/829/821 2235/144/141 948/2282/2014
f 466/2280/2012 948/2282/2014 1943/372/366 940/371/365
f 467/2283/2015 925/314/311 1761/216/213 1509/2284/2016
f 467/2283/2015 1509/2284/2016 2201/18/18 1547/818/810
f 467/2283/2015 1547/818/810 2234/99/99 939/2285/2017
f 467/2283/2015 939/2285/2017 1935/315/312 925/314/311
f 468/2286/2018 918/242/239 1747/249/246 648/2287/2019
f 468/2286/2018 648/2287/2019 2204/189/186 1548/795/787
f 468/2286/2018 1548/795/787 2233/21/21 924/2288/2020
f 468/2286/2018 924/2288/2020 1931/243/240 918/242/239
f 469/2289/2021 905/386/380 1745/330/327 1531/2290/2022
f 469/2289/2021 1531/2290/2022 2223/128/126 1549/787/779
f 469/2289/2021 1549/787/779 2232/174/171 917/2291/2023
f 469/2289/2021 917/2291/2023 1924/387/381 905/386/380
f 470/2292/2024 812/269/266 1757/276/273 655/2293/2025
f 470/2292/2024 655/2293/2025 2211/204/201 1550/602/594
f 470/2292/2024 1550/602/594 2231/57/57 822/2294/2026
f 470/2292/2024 822/2294/2026 1869/270/267 812/269/266
f 471/2295/2027 595/419/413 1752/225/222 1507/2296/2028
f 471/2295/2027 1507/2296/2028 2199/9/9 1551/212/209
f 471/2295/2027 1551/212/209 2217/81/81 661/2297/2029
f 471/2295/2027 661/2297/2029 1751/285/282 595/419/413
f 472/2298/2030 586/835/827 1948/423/417 955/2279/2011
f 472/2298/2030 955/2279/2011 2236/207/204 1552/206/203
f 472/2298/2030 1552/206/203 2213/63/63 657/2299/2031
f 472/2298/2030 657/2299/2031 1742/294/291 586/835/827
f 473/2300/2032 601/410/404 1758/414/408 1534/2301/2033
f 473/2300/2032 1534/2301/2033 2226/150/147 1553/200/197
f 473/2300/2032 1553/200/197 2211/204/201 655/2293/2025
f 473/2300/2032 655/2293/2025 1757/276/273 601/410/404
f 474/2302/2034 592/416/410 1749/363/357 1535/2303/2035
f 474/2302/2034 1535/2303/2035 2227/156/153 1554/197/194
f 474/2302/2034 1554/197/194 2230/183/180 674/2304/2036
f 474/2302/2034 674/2304/2036 1748/405/399 592/416/410
f 475/2305/2037 610/407/401 1735/306/303 1526/2306/2038
f 475/2305/2037 1526/2306/2038 2218/96/96 1555/194/191
f 475/2305/2037 1555/194/191 2210/48/48 654/2307/2039
f 475/2305/2037 654/2307/2039 1766/267/264 610/407/401
f 476/2308/2040 582/398/392 1739/351/345 1532/2309/2041
f 476/2308/2040 1532/2309/2041 2224/138/135 1556/191/188
f 476/2308/2040 1556/191/188 2206/30/30 650/2310/2042
f 476/2308/2040 650/2310/2042 1738/258/255 582/398/392
f 477/2311/2043 591/401/395 1748/405/399 674/2304/2036
f 477/2311/2043 674/2304/2036 2230/183/180 1557/182/179
f 477/2311/2043 1557/182/179 2204/189/186 648/2287/2019
f 477/2311/2043 648/2287/2019 1747/249/246 591/401/395
f 478/2312/2044 606/392/386 1763/321/318 1528/2313/2045
f 478/2312/2044 1528/2313/2045 2220/111/111 1558/179/176
f 478/2312/2044 1558/179/176 2202/12/12 646/2314/2046
f 478/2312/2044 646/2314/2046 1762/222/219 606/392/386
f 479/2315/2047 588/785/777 1924/387/381 917/2291/2023
f 479/2315/2047 917/2291/2023 2232/174/171 1559/173/170
f 479/2315/2047 1559/173/170 2229/162/159 673/2316/2048
f 479/2315/2047 673/2316/2048 1744/384/378 588/785/777
f 480/2317/2049 597/395/389 1754/345/339 1530/2318/2050
f 480/2317/2049 1530/2318/2050 2222/120/120 1560/170/167
f 480/2317/2049 1560/170/167 2200/3/3 644/2319/2051
f 480/2317/2049 644/2319/2051 1753/231/228 597/395/389
f 481/2320/2052 587/377/371 1744/384/378 673/2316/2048
f 481/2320/2052 673/2316/2048 2229/162/159 1561/161/158
f 481/2320/2052 1561/161/158 2228/168/165 1536/2278/2010
f 481/2320/2052 1536/2278/2010 1743/378/372 587/377/371
f 482/2321/2053 584/368/362 1741/288/285 1520/2322/2054
f 482/2321/2053 1520/2322/2054 2212/69/69 1562/158/155
f 482/2321/2053 1562/158/155 2225/132/129 669/2323/2055
f 482/2321/2053 669/2323/2055 1740/357/351 584/368/362
f 483/2324/2056 593/362/356 1750/279/276 1524/2325/2057
f 483/2324/2056 1524/2325/2057 2216/87/87 1563/152/149
f 483/2324/2056 1563/152/149 2227/156/153 1535/2303/2035
f 483/2324/2056 1535/2303/2035 1749/363/357 593/362/356
f 484/2326/2058 602/827/819 1943/372/366 948/2282/2014
f 484/2326/2058 948/2282/2014 2235/144/141 1564/143/140
f 484/2326/2058 1564/143/140 2226/150/147 1534/2301/2033
f 484/2326/2058 1534/2301/2033 1758/414/408 602/827/819
f 485/2327/2059 608/359/353 1765/261/258 1517/2328/2060
f 485/2327/2059 1517/2328/2060 2209/54/54 1565/140/137
f 485/2327/2059 1565/140/137 2221/105/105 665/2329/2061
f 485/2327/2059 665/2329/2061 1764/327/324 608/359/353
f 486/2330/2062 583/350/344 1740/357/351 669/2323/2055
f 486/2330/2062 669/2323/2055 2225/132/129 1566/131/128
f 486/2330/2062 1566/131/128 2224/138/135 1532/2309/2041
f 486/2330/2062 1532/2309/2041 1739/351/345 583/350/344
f 487/2331/2063 589/339/326 1746/338/333 1511/2332/2064
f 487/2331/2063 1511/2332/2064 2203/27/27 1567/122/122
f 487/2333/2063 1567/129/122 2223/128/126 1531/2290/2022
f 487/2333/2063 1531/2290/2022 1745/330/327 589/329/326
f 488/2334/2065 598/344/338 1755/234/231 1515/2335/2066
f 488/2334/2065 1515/2335/2066 2207/45/45 1568/116/116
f 488/2334/2065 1568/116/116 2222/120/120 1530/2318/2050
f 488/2334/2065 1530/2318/2050 1754/345/339 598/344/338
f 489/2336/2067 580/341/335 1737/252/249 1513/2337/2068
f 489/2336/2067 1513/2337/2068 2205/36/36 1569/113/113
f 489/2336/2067 1569/113/113 2219/90/90 663/2338/2069
f 489/2336/2067 663/2338/2069 1736/312/309 580/341/335
f 490/2339/2070 607/320/317 1764/327/324 665/2329/2061
f 490/2339/2070 665/2329/2061 2221/105/105 1570/104/104
f 490/2339/2070 1570/104/104 2220/111/111 1528/2313/2045
f 490/2339/2070 1528/2313/2045 1763/321/318 607/320/317
f 491/2340/2071 604/816/808 1935/315/312 939/2285/2017
f 491/2340/2071 939/2285/2017 2234/99/99 1571/98/98
f 491/2340/2071 1571/98/98 2215/72/72 659/2341/2072
f 491/2340/2071 659/2341/2072 1760/303/300 604/816/808
f 492/2342/2073 579/305/302 1736/312/309 663/2338/2069
f 492/2342/2073 663/2338/2069 2219/90/90 1572/89/89
f 492/2342/2073 1572/89/89 2218/96/96 1526/2306/2038
f 492/2342/2073 1526/2306/2038 1735/306/303 579/305/302
f 493/2343/2074 594/278/275 1751/285/282 661/2297/2029
f 493/2343/2074 661/2297/2029 2217/81/81 1573/80/80
f 493/2343/2074 1573/80/80 2216/87/87 1524/2325/2057
f 493/2343/2074 1524/2325/2057 1750/279/276 594/278/275
f 494/2344/2075 603/296/293 1760/303/300 659/2341/2072
f 494/2344/2075 659/2341/2072 2215/72/72 1574/71/71
f 494/2344/2075 1574/71/71 2214/78/78 1522/2281/2013
f 494/2344/2075 1522/2281/2013 1759/297/294 603/296/293
f 495/2345/2076 585/287/284 1742/294/291 657/2299/2031
f 495/2345/2076 657/2299/2031 2213/63/63 1575/62/62
f 495/2345/2076 1575/62/62 2212/69/69 1520/2322/2054
f 495/2345/2076 1520/2322/2054 1741/288/285 585/287/284
f 496/2346/2077 600/600/592 1869/270/267 822/2294/2026
f 496/2346/2077 822/2294/2026 2231/57/57 1576/56/56
f 496/2346/2077 1576/56/56 2208/39/39 652/2347/2078
f 496/2346/2077 652/2347/2078 1756/240/237 600/600/592
f 497/2348/2079 609/260/257 1766/267/264 654/2307/2039
f 497/2348/2079 654/2307/2039 2210/48/48 1577/47/47
f 497/2348/2079 1577/47/47 2209/54/54 1517/2328/2060
f 497/2348/2079 1517/2328/2060 1765/261/258 609/260/257
f 498/2349/2080 599/233/230 1756/240/237 652/2347/2078
f 498/2349/2080 652/2347/2078 2208/39/39 1578/38/38
f 498/2349/2080 1578/38/38 2207/45/45 1515/2335/2066
f 498/2349/2080 1515/2335/2066 1755/234/231 599/233/230
f 499/2350/2081 581/251/248 1738/258/255 650/2310/2042
f 499/2350/2081 650/2310/2042 2206/30/30 1579/29/29
f 499/2350/2081 1579/29/29 2205/36/36 1513/2337/2068
f 499/2350/2081 1513/2337/2068 1737/252/249 581/251/248
f 500/2351/2082 590/793/785 1931/243/240 924/2288/2020
f 500/2351/2082 924/2288/2020 2233/21/21 1580/20/20
f 500/2351/2082 1580/20/20 2203/27/27 1511/2332/2064
f 500/2351/2082 1511/2332/2064 1746/338/333 590/793/785
f 501/2352/2083 605/215/212 1762/222/219 646/2314/2046
f 501/2352/2083 646/2314/2046 2202/12/12 1581/11/11
f 501/2352/2083 1581/11/11 2201/18/18 1509/2284/2016
f 501/2352/2083 1509/2284/2016 1761/216/213 605/215/212
f 502/2353/2084 596/224/221 1753/231/228 644/2319/2051
f 502/2353/2084 644/2319/2051 2200/3/3 1582/2/2
f 502/2353/2084 1582/2/2 2199/9/9 1507/2296/2028
f 502/2353/2084 1507/2296/2028 1752/225/222 596/224/221
f 503/2354/2085 616/2355/156 1773/2356/67 1599/2357/2086
f 503/2354/2085 1599/2357/2086 2253/2358/2087 1621/2359/2088
f 503/2354/2085 1621/2359/2088 2273/2360/2089 1499/2361/2090
f 503/2354/2085 1499/2361/2090 1772/2362/131 616/2355/156
f 504/2363/2091 639/2364/108 1796/2365/107 1597/2366/2092
f 504/2363/2091 1597/2366/2092 2251/2367/2093 1622/2368/2094
f 504/2363/2091 1622/2368/2094 2272/2369/2095 1498/2370/2096
f 504/2363/2091 1498/2370/2096 1795/2371/109 639/2364/108
f 505/2372/2097 919/2373/788 1779/2374/184 1620/2375/2098
f 505/2372/2097 1620/2375/2098 2274/2376/2099 1623/2377/2100
f 505/2372/2097 1623/2377/2100 2265/2378/2101 1476/2379/2102
f 505/2372/2097 1476/2379/2102 1932/2380/23 919/2373/788
f 506/2381/2103 612/2382/114 1769/2383/34 1595/2384/2104
f 506/2381/2103 1595/2384/2104 2249/2385/2105 1624/2386/2106
f 506/2381/2103 1624/2386/2106 2270/2387/2107 1493/2388/2108
f 506/2381/2103 1493/2388/2108 1768/2389/92 612/2382/114
f 507/2390/2109 635/2391/75 1792/2392/74 1593/2393/2110
f 507/2390/2109 1593/2393/2110 2247/2394/2111 1625/2395/2112
f 507/2390/2109 1625/2395/2112 2271/2396/2113 1497/2397/2114
f 507/2390/2109 1497/2397/2114 1791/2398/76 635/2391/75
f 508/2399/2115 631/2400/42 1788/2401/41 1591/2402/2116
f 508/2399/2115 1591/2402/2116 2245/2403/2117 1626/2404/2118
f 508/2399/2115 1626/2404/2118 2267/2405/2119 1487/2406/2120
f 508/2399/2115 1487/2406/2120 1787/2407/43 631/2400/42
f 509/2408/2121 627/2409/210 1784/2410/7 1589/2411/2122
f 509/2408/2121 1589/2411/2122 2243/2412/2123 1627/2413/2124
f 509/2408/2121 1627/2413/2124 2266/2414/2125 1483/2415/2126
f 509/2408/2121 1483/2415/2126 1783/2416/83 627/2409/210
f 510/2417/2127 623/2418/183 1780/2419/182 1587/2420/2128
f 510/2417/2127 1587/2420/2128 2241/2421/2129 1628/2422/2130
f 510/2417/2127 1628/2422/2130 2274/2376/2099 1620/2375/2098
f 510/2417/2127 1620/2375/2098 1779/2374/184 623/2418/183
f 511/2423/2131 926/2424/811 1793/2425/16 1607/2426/2132
f 511/2423/2131 1607/2426/2132 2261/2427/2133 1629/2428/2134
f 511/2423/2131 1629/2428/2134 2248/2429/2135 1419/2430/2136
f 511/2423/2131 1419/2430/2136 1936/2431/101 926/2424/811
f 512/2432/2137 619/2433/162 1776/2434/161 1583/2435/2138
f 512/2432/2137 1583/2435/2138 2237/2436/2139 1630/2437/2140
f 512/2432/2137 1630/2437/2140 2240/2438/2141 1394/2439/2142
f 512/2432/2137 1394/2439/2142 1775/2440/163 619/2433/162
f 513/2441/2143 642/2442/192 1767/2443/94 1615/2444/2144
f 513/2441/2143 1615/2444/2144 2269/2445/2145 1631/2446/2146
f 513/2441/2143 1631/2446/2146 2264/2447/2147 1474/2448/2148
f 513/2441/2143 1474/2448/2148 1798/2449/50 642/2442/192
f 514/2450/2149 615/2451/132 1772/2362/131 1499/2361/2090
f 514/2450/2149 1499/2361/2090 2273/2360/2089 1632/2452/2150
f 514/2450/2149 1632/2452/2150 2263/2453/2151 1466/2454/2152
f 514/2450/2149 1466/2454/2152 1771/2455/133 615/2451/132
f 515/2456/2153 638/2457/177 1795/2371/109 1498/2370/2096
f 515/2456/2153 1498/2370/2096 2272/2369/2095 1633/2458/2154
f 515/2456/2153 1633/2458/2154 2262/2459/2155 1463/2460/2156
f 515/2456/2153 1463/2460/2156 1794/2461/14 638/2457/177
f 516/2462/2157 941/2463/822 1791/2398/76 1497/2397/2114
f 516/2462/2157 1497/2397/2114 2271/2396/2113 1634/2464/2158
f 516/2462/2157 1634/2464/2158 2268/2465/2159 1491/2466/2160
f 516/2462/2157 1491/2466/2160 1944/2467/143 941/2463/822
f 517/2468/2161 611/2469/93 1768/2389/92 1493/2388/2108
f 517/2468/2161 1493/2388/2108 2270/2387/2107 1635/2470/2162
f 517/2468/2161 1635/2470/2162 2269/2445/2145 1615/2444/2144
f 517/2468/2161 1615/2444/2144 1767/2443/94 611/2469/93
f 518/2471/2163 634/2472/144 1944/2467/143 1491/2466/2160
f 518/2471/2163 1491/2466/2160 2268/2465/2159 1636/2473/2164
f 518/2471/2163 1636/2473/2164 2260/2474/2165 1458/2475/2166
f 518/2471/2163 1458/2475/2166 1790/2476/145 634/2472/144
f 519/2477/2167 630/2478/117 1787/2407/43 1487/2406/2120
f 519/2477/2167 1487/2406/2120 2267/2405/2119 1637/2479/2168
f 519/2477/2167 1637/2479/2168 2259/2480/2169 1455/2481/2170
f 519/2477/2167 1455/2481/2170 1786/2482/118 630/2478/117
f 520/2483/2171 626/2484/84 1783/2416/83 1483/2415/2126
f 520/2483/2171 1483/2415/2126 2266/2414/2125 1638/2485/2172
f 520/2483/2171 1638/2485/2172 2257/2486/2173 1450/2487/2174
f 520/2483/2171 1450/2487/2174 1782/2488/85 626/2484/84
f 521/2489/2175 906/2490/780 1777/2491/124 1601/2492/2176
f 521/2489/2175 1601/2492/2176 2255/2493/2177 1639/2494/2178
f 521/2489/2175 1639/2494/2178 2238/2495/2179 1386/2496/2180
f 521/2489/2175 1386/2496/2180 1925/2497/173 906/2490/780
f 522/2498/2181 622/2499/24 1932/2380/23 1476/2379/2102
f 522/2498/2181 1476/2379/2102 2265/2378/2101 1640/2500/2182
f 522/2498/2181 1640/2500/2182 2256/2501/2183 1442/2502/2184
f 522/2498/2181 1442/2502/2184 1778/2503/25 622/2499/24
f 523/2504/2185 618/2505/207 1949/2506/206 1585/2507/2186
f 523/2504/2185 1585/2507/2186 2239/2508/2187 1641/2509/2188
f 523/2504/2185 1641/2509/2188 2254/2510/2189 1431/2511/2190
f 523/2504/2185 1431/2511/2190 1774/2512/65 618/2505/207
f 524/2513/2191 641/2514/51 1798/2449/50 1474/2448/2148
f 524/2513/2191 1474/2448/2148 2264/2447/2147 1642/2515/2192
f 524/2513/2191 1642/2515/2192 2252/2516/2193 1429/2517/2194
f 524/2513/2191 1429/2517/2194 1797/2518/52 641/2514/51
f 525/2519/2195 614/2520/189 1771/2455/133 1466/2454/2152
f 525/2519/2195 1466/2454/2152 2263/2453/2151 1643/2521/2196
f 525/2519/2195 1643/2521/2196 2250/2522/2197 1423/2523/2198
f 525/2519/2195 1423/2523/2198 1770/2524/32 614/2520/189
f 526/2525/2199 637/2526/15 1794/2461/14 1463/2460/2156
f 526/2525/2199 1463/2460/2156 2262/2459/2155 1644/2527/2200
f 526/2525/2199 1644/2527/2200 2261/2427/2133 1607/2426/2132
f 526/2525/2199 1607/2426/2132 1793/2425/16 637/2526/15
f 527/2528/2201 633/2529/198 1790/2476/145 1458/2475/2166
f 527/2528/2201 1458/2475/2166 2260/2474/2165 1645/2530/2202
f 527/2528/2201 1645/2530/2202 2258/2531/2203 1453/2532/2204
f 527/2528/2201 1453/2532/2204 1789/2533/199 633/2529/198
f 528/2534/2205 629/2535/168 1786/2482/118 1455/2481/2170
f 528/2534/2205 1455/2481/2170 2259/2480/2169 1646/2536/2206
f 528/2534/2205 1646/2536/2206 2244/2537/2207 1403/2538/2208
f 528/2534/2205 1403/2538/2208 1785/2539/5 629/2535/168
f 529/2540/2209 813/2541/595 1789/2533/199 1453/2532/2204
f 529/2540/2209 1453/2532/2204 2258/2531/2203 1647/2542/2210
f 529/2540/2209 1647/2542/2210 2246/2543/2211 1409/2544/2212
f 529/2540/2209 1409/2544/2212 1870/2545/59 813/2541/595
f 530/2546/2213 625/2547/150 1782/2488/85 1450/2487/2174
f 530/2546/2213 1450/2487/2174 2257/2486/2173 1648/2548/2214
f 530/2546/2213 1648/2548/2214 2242/2549/2215 1397/2550/2216
f 530/2546/2213 1397/2550/2216 1781/2551/151 625/2547/150
f 531/2552/2217 621/2553/123 1778/2503/25 1442/2502/2184
f 531/2552/2217 1442/2502/2184 2256/2501/2183 1649/2554/2218
f 531/2552/2217 1649/2554/2218 2255/2493/2177 1601/2492/2176
f 531/2552/2217 1601/2492/2176 1777/2491/124 621/2553/123
f 532/2555/2219 617/2556/66 1774/2512/65 1431/2511/2190
f 532/2555/2219 1431/2511/2190 2254/2510/2189 1650/2557/2220
f 532/2558/2219 1650/2559/2220 2253/2358/2087 1599/2357/2086
f 532/2558/2219 1599/2357/2086 1773/2356/67 617/2560/66
f 533/2561/2221 640/2562/138 1797/2518/52 1429/2517/2194
f 533/2561/2221 1429/2517/2194 2252/2516/2193 1651/2563/2222
f 533/2561/2221 1651/2563/2222 2251/2367/2093 1597/2366/2092
f 533/2561/2221 1597/2366/2092 1796/2365/107 640/2562/138
f 534/2564/2223 613/2565/33 1770/2524/32 1423/2523/2198
f 534/2564/2223 1423/2523/2198 2250/2522/2197 1652/2566/2224
f 534/2564/2223 1652/2566/2224 2249/2385/2105 1595/2384/2104
f 534/2564/2223 1595/2384/2104 1769/2383/34 613/2565/33
f 535/2567/2225 636/2568/102 1936/2431/101 1419/2430/2136
f 535/2567/2225 1419/2430/2136 2248/2429/2135 1653/2569/2226
f 535/2567/2225 1653/2569/2226 2247/2394/2111 1593/2393/2110
f 535/2567/2225 1593/2393/2110 1792/2392/74 636/2568/102
f 536/2570/2227 632/2571/60 1870/2545/59 1409/2544/2212
f 536/2570/2227 1409/2544/2212 2246/2543/2211 1654/2572/2228
f 536/2570/2227 1654/2572/2228 2245/2403/2117 1591/2402/2116
f 536/2570/2227 1591/2402/2116 1788/2401/41 632/2571/60
f 537/2573/2229 628/2574/6 1785/2539/5 1403/2538/2208
f 537/2573/2229 1403/2538/2208 2244/2537/2207 1655/2575/2230
f 537/2573/2229 1655/2575/2230 2243/2412/2123 1589/2411/2122
f 537/2573/2229 1589/2411/2122 1784/2410/7 628/2574/6
f 538/2576/2231 624/2577/195 1781/2551/151 1397/2550/2216
f 538/2576/2231 1397/2550/2216 2242/2549/2215 1656/2578/2232
f 538/2576/2231 1656/2578/2232 2241/2421/2129 1587/2420/2128
f 538/2576/2231 1587/2420/2128 1780/2419/182 624/2577/195
f 539/2579/2233 950/2580/830 1775/2440/163 1394/2439/2142
f 539/2579/2233 1394/2439/2142 2240/2438/2141 1657/2581/2234
f 539/2579/2233 1657/2581/2234 2239/2508/2187 1585/2507/2186
f 539/2579/2233 1585/2507/2186 1949/2506/206 950/2580/830
f 540/2582/2235 620/2583/174 1925/2497/173 1386/2496/2180
f 540/2582/2235 1386/2496/2180 2238/2495/2179 1658/2584/2236
f 540/2582/2235 1658/2584/2236 2237/2436/2139 1583/2435/2138
f 540/2582/2235 1583/2435/2138 1776/2434/161 620/2583/174
f 541/2585/2237 1621/2359/2088 2253/2358/2087 1667/2586/2238
f 541/2585/2237 1667/2586/2238 2283/1877/1786 1697/2265/2003
f 541/2585/2237 1697/2265/2003 2312/2167/1948 1619/2587/2239
f 541/2585/2237 1619/2587/2239 2273/2360/2089 1621/2359/2088
f 542/2588/2240 1622/2368/2094 2251/2367/2093 1666/2589/2241
f 542/2588/2240 1666/2589/2241 2282/1867/1780 1698/2262/2001
f 542/2588/2240 1698/2262/2001 2311/2159/1943 1618/2590/2242
f 542/2588/2240 1618/2590/2242 2272/2369/2095 1622/2368/2094
f 543/2591/2243 1623/2377/2100 2274/2376/2099 1671/2592/2244
f 543/2591/2243 1671/2592/2244 2287/2209/1971 1699/2259/1999
f 543/2591/2243 1699/2259/1999 2305/2057/1886 1611/2593/2245
f 543/2591/2243 1611/2593/2245 2265/2378/2101 1623/2377/2100
f 544/2594/2246 1624/2386/2106 2249/2385/2105 1665/2595/2247
f 544/2594/2246 1665/2595/2247 2281/1846/1768 1700/2250/1994
f 544/2594/2246 1700/2250/1994 2309/2132/1927 1616/2596/2248
f 544/2594/2246 1616/2596/2248 2270/2387/2107 1624/2386/2106
f 545/2597/2249 1625/2395/2112 2247/2394/2111 1664/2598/2250
f 545/2597/2249 1664/2598/2250 2280/1831/1759 1701/2247/1992
f 545/2597/2249 1701/2247/1992 2310/2153/1939 1617/2599/2251
f 545/2597/2249 1617/2599/2251 2271/2396/2113 1625/2395/2112
f 546/2600/2252 1626/2404/2118 2245/2403/2117 1663/2601/2253
f 546/2600/2252 1663/2601/2253 2279/1796/1740 1702/2242/1989
f 546/2600/2252 1702/2242/1989 2307/2108/1914 1613/2602/2254
f 546/2600/2252 1613/2602/2254 2267/2405/2119 1626/2404/2118
f 547/2603/2255 1627/2413/2124 2243/2412/2123 1662/2604/2256
f 547/2603/2255 1662/2604/2256 2278/1775/1728 1703/2227/1981
f 547/2603/2255 1703/2227/1981 2306/2088/1903 1612/2605/2257
f 547/2603/2255 1612/2605/2257 2266/2414/2125 1627/2413/2124
f 548/2606/2258 1628/2422/2130 2241/2421/2129 1661/2607/2259
f 548/2606/2258 1661/2607/2259 2277/1754/1716 1704/2205/1969
f 548/2606/2258 1704/2205/1969 2287/2209/1971 1671/2592/2244
f 548/2606/2258 1671/2592/2244 2274/2376/2099 1628/2422/2130
f 549/2608/2260 1629/2428/2134 2261/2427/2133 1669/2609/2261
f 549/2608/2260 1669/2609/2261 2285/2001/1854 1705/2198/1965
f 549/2608/2260 1705/2198/1965 2293/1825/1756 1594/2610/2262
f 549/2608/2260 1594/2610/2262 2248/2429/2135 1629/2428/2134
f 550/2611/2263 1630/2437/2140 2237/2436/2139 1659/2612/2264
f 550/2611/2263 1659/2612/2264 2275/1714/1693 1706/2183/1957
f 550/2611/2263 1706/2183/1957 2289/1735/1705 1586/2613/2265
f 550/2611/2263 1586/2613/2265 2240/2438/2141 1630/2437/2140
f 551/2614/2266 1631/2446/2146 2269/2445/2145 1670/2615/2267
f 551/2614/2266 1670/2615/2267 2286/2138/1930 1707/2178/1954
f 551/2614/2266 1707/2178/1954 2304/2042/1877 1610/2616/2268
f 551/2614/2266 1610/2616/2268 2264/2447/2147 1631/2446/2146
f 552/2617/2269 1632/2452/2150 2273/2360/2089 1619/2587/2239
f 552/2617/2269 1619/2587/2239 2312/2167/1948 1708/2166/1947
f 552/2617/2269 1708/2166/1947 2303/2010/1860 1609/2618/2270
f 552/2617/2269 1609/2618/2270 2263/2453/2151 1632/2452/2150
f 553/2619/2271 1633/2458/2154 2272/2369/2095 1618/2590/2242
f 553/2619/2271 1618/2590/2242 2311/2159/1943 1709/2158/1942
f 553/2619/2271 1709/2158/1942 2302/1995/1851 1608/2620/2272
f 553/2619/2271 1608/2620/2272 2262/2459/2155 1633/2458/2154
f 554/2621/2273 1634/2464/2158 2271/2396/2113 1617/2599/2251
f 554/2621/2273 1617/2599/2251 2310/2153/1939 1710/2152/1938
f 554/2621/2273 1710/2152/1938 2308/2126/1923 1614/2622/2274
f 554/2621/2273 1614/2622/2274 2268/2465/2159 1634/2464/2158
f 555/2623/2275 1635/2470/2162 2270/2387/2107 1616/2596/2248
f 555/2623/2275 1616/2596/2248 2309/2132/1927 1711/2131/1926
f 555/2623/2275 1711/2131/1926 2286/2138/1930 1670/2615/2267
f 555/2623/2275 1670/2615/2267 2269/2445/2145 1635/2470/2162
f 556/2624/2276 1636/2473/2164 2268/2465/2159 1614/2622/2274
f 556/2624/2276 1614/2622/2274 2308/2126/1923 1712/2125/1922
f 556/2624/2276 1712/2125/1922 2301/1979/1842 1606/2625/2277
f 556/2624/2276 1606/2625/2277 2260/2474/2165 1636/2473/2164
f 557/2626/2278 1637/2479/2168 2267/2405/2119 1613/2602/2254
f 557/2626/2278 1613/2602/2254 2307/2108/1914 1713/2107/1913
f 557/2626/2278 1713/2107/1913 2300/1965/1834 1605/2627/2279
f 557/2626/2278 1605/2627/2279 2259/2480/2169 1637/2479/2168
f 558/2628/2280 1638/2485/2172 2266/2414/2125 1612/2605/2257
f 558/2628/2280 1612/2605/2257 2306/2088/1903 1714/2087/1902
f 558/2628/2280 1714/2087/1902 2298/1943/1821 1603/2629/2281
f 558/2628/2280 1603/2629/2281 2257/2486/2173 1638/2485/2172
f 559/2630/2282 1639/2494/2178 2255/2493/2177 1668/2631/2283
f 559/2630/2282 1668/2631/2283 2284/1918/1807 1715/2084/1900
f 559/2630/2282 1715/2084/1900 2288/1708/1690 1584/2632/2284
f 559/2630/2282 1584/2632/2284 2238/2495/2179 1639/2494/2178
f 560/2633/2285 1640/2500/2182 2265/2378/2101 1611/2593/2245
f 560/2633/2285 1611/2593/2245 2305/2057/1886 1716/2056/1885
f 560/2633/2285 1716/2056/1885 2297/1911/1804 1602/2634/2286
f 560/2633/2285 1602/2634/2286 2256/2501/2183 1640/2500/2182
f 561/2635/2287 1641/2509/2188 2239/2508/2187 1660/2636/2288
f 561/2635/2287 1660/2636/2288 2276/1741/1708 1717/2051/1882
f 561/2635/2287 1717/2051/1882 2296/1870/1783 1600/2637/2289
f 561/2635/2287 1600/2637/2289 2254/2510/2189 1641/2509/2188
f 562/2638/2290 1642/2515/2192 2264/2447/2147 1610/2616/2268
f 562/2638/2290 1610/2616/2268 2304/2042/1877 1718/2041/1876
f 562/2638/2290 1718/2041/1876 2295/1861/1777 1598/2639/2291
f 562/2638/2290 1598/2639/2291 2252/2516/2193 1642/2515/2192
f 563/2640/2292 1643/2521/2196 2263/2453/2151 1609/2618/2270
f 563/2640/2292 1609/2618/2270 2303/2010/1860 1719/2009/1859
f 563/2640/2292 1719/2009/1859 2294/1840/1765 1596/2641/2293
f 563/2640/2292 1596/2641/2293 2250/2522/2197 1643/2521/2196
f 564/2642/2294 1644/2527/2200 2262/2459/2155 1608/2620/2272
f 564/2642/2294 1608/2620/2272 2302/1995/1851 1720/1994/1850
f 564/2642/2294 1720/1994/1850 2285/2001/1854 1669/2609/2261
f 564/2642/2294 1669/2609/2261 2261/2427/2133 1644/2527/2200
f 565/2643/2295 1645/2530/2202 2260/2474/2165 1606/2625/2277
f 565/2643/2295 1606/2625/2277 2301/1979/1842 1721/1978/1841
f 565/2643/2295 1721/1978/1841 2299/1955/1828 1604/2644/2296
f 565/2643/2295 1604/2644/2296 2258/2531/2203 1645/2530/2202
f 566/2645/2297 1646/2536/2206 2259/2480/2169 1605/2627/2279
f 566/2645/2297 1605/2627/2279 2300/1965/1834 1722/1964/1833
f 566/2645/2297 1722/1964/1833 2291/1769/1725 1590/2646/2298
f 566/2645/2297 1590/2646/2298 2244/2537/2207 1646/2536/2206
f 567/2647/2299 1647/2542/2210 2258/2531/2203 1604/2644/2296
f 567/2647/2299 1604/2644/2296 2299/1955/1828 1723/1954/1827
f 567/2647/2299 1723/1954/1827 2292/1790/1737 1592/2648/2300
f 567/2647/2299 1592/2648/2300 2246/2543/2211 1647/2542/2210
f 568/2649/2301 1648/2548/2214 2257/2486/2173 1603/2629/2281
f 568/2649/2301 1603/2629/2281 2298/1943/1821 1724/1942/1820
f 568/2649/2301 1724/1942/1820 2290/1748/1713 1588/2650/2302
f 568/2649/2301 1588/2650/2302 2242/2549/2215 1648/2548/2214
f 569/2651/2303 1649/2554/2218 2256/2501/2183 1602/2634/2286
f 569/2651/2303 1602/2634/2286 2297/1911/1804 1725/1910/1803
f 569/2651/2303 1725/1910/1803 2284/1918/1807 1668/2631/2283
f 569/2651/2303 1668/2631/2283 2255/2493/2177 1649/2554/2218
f 570/2652/2304 1650/2557/2220 2254/2510/2189 1600/2637/2289
f 570/2652/2304 1600/2637/2289 2296/1870/1783 1726/1869/1782
f 570/2653/2304 1726/1878/1782 2283/1877/1786 1667/2586/2238
f 570/2653/2304 1667/2586/2238 2253/2358/2087 1650/2559/2220
f 571/2654/2305 1651/2563/2222 2252/2516/2193 1598/2639/2291
f 571/2654/2305 1598/2639/2291 2295/1861/1777 1727/1860/1776
f 571/2654/2305 1727/1860/1776 2282/1867/1780 1666/2589/2241
f 571/2654/2305 1666/2589/2241 2251/2367/2093 1651/2563/2222
f 572/2655/2306 1652/2566/2224 2250/2522/2197 1596/2641/2293
f 572/2655/2306 1596/2641/2293 2294/1840/1765 1728/1839/1764
f 572/2655/2306 1728/1839/1764 2281/1846/1768 1665/2595/2247
f 572/2655/2306 1665/2595/2247 2249/2385/2105 1652/2566/2224
f 573/2656/2307 1653/2569/2226 2248/2429/2135 1594/2610/2262
f 573/2656/2307 1594/2610/2262 2293/1825/1756 1729/1824/1755
f 573/2656/2307 1729/1824/1755 2280/1831/1759 1664/2598/2250
f 573/2656/2307 1664/2598/2250 2247/2394/2111 1653/2569/2226
f 574/2657/2308 1654/2572/2228 2246/2543/2211 1592/2648/2300
f 574/2657/2308 1592/2648/2300 2292/1790/1737 1730/1789/1736
f 574/2657/2308 1730/1789/1736 2279/1796/1740 1663/2601/2253
f 574/2657/2308 1663/2601/2253 2245/2403/2117 1654/2572/2228
f 575/2658/2309 1655/2575/2230 2244/2537/2207 1590/2646/2298
f 575/2658/2309 1590/2646/2298 2291/1769/1725 1731/1768/1724
f 575/2658/2309 1731/1768/1724 2278/1775/1728 1662/2604/2256
f 575/2658/2309 1662/2604/2256 2243/2412/2123 1655/2575/2230
f 576/2659/2310 1656/2578/2232 2242/2549/2215 1588/2650/2302
f 576/2659/2310 1588/2650/2302 2290/1748/1713 1732/1747/1712
f 576/2659/2310 1732/1747/1712 2277/1754/1716 1661/2607/2259
f 576/2659/2310 1661/2607/2259 2241/2421/2129 1656/2578/2232
f 577/2660/2311 1657/2581/2234 2240/2438/2141 1586/2613/2265
f 577/2660/2311 1586/2613/2265 2289/1735/1705 1733/1734/1704
f 577/2660/2311 1733/1734/1704 2276/1741/1708 1660/2636/2288
f 577/2660/2311 1660/2636/2288 2239/2508/2187 1657/2581/2234
f 578/2661/2312 1658/2584/2236 2238/2495/2179 1584/2632/2284
f 578/2661/2312 1584/2632/2284 2288/1708/1690 1734/1707/1689
f 578/2661/2312 1734/1707/1689 2275/1714/1693 1659/2612/2264
f 578/2661/2312 1659/2612/2264 2237/2436/2139 1658/2584/2236
